solid PART0000
 facet normal 0.865763 0.0244794 -0.499855
  outer loop
   vertex -0.0130264 -0.00073741 0.0065
   vertex -0.013445 0 0.005811
   vertex -0.0130472 0 0.0065
  endloop
 endfacet
 facet normal 0.858953 0.0757563 -0.506419
  outer loop
   vertex -0.0129544 -0.00155389 0.0065
   vertex -0.0133264 -0.00129678 0.0059075
   vertex -0.0130264 -0.00073741 0.0065
  endloop
 endfacet
 facet normal 0.85025 0.134662 -0.508863
  outer loop
   vertex -0.0128005 -0.00252528 0.0065
   vertex -0.0132601 -0.00214647 0.00583231
   vertex -0.0129544 -0.00155389 0.0065
  endloop
 endfacet
 facet normal 0.862654 0.11093 -0.49348
  outer loop
   vertex -0.0132601 -0.00214647 0.00583231
   vertex -0.0133264 -0.00129678 0.0059075
   vertex -0.0129544 -0.00155389 0.0065
  endloop
 endfacet
 facet normal 0.837204 0.199604 -0.509164
  outer loop
   vertex -0.0125629 -0.00352182 0.0065
   vertex -0.0130847 -0.00313279 0.00579459
   vertex -0.0128005 -0.00252528 0.0065
  endloop
 endfacet
 facet normal 0.854197 0.170712 -0.491127
  outer loop
   vertex -0.0130847 -0.00313279 0.00579459
   vertex -0.0132601 -0.00214647 0.00583231
   vertex -0.0128005 -0.00252528 0.0065
  endloop
 endfacet
 facet normal 0.819079 0.264716 -0.508956
  outer loop
   vertex -0.0122479 -0.00449663 0.0065
   vertex -0.0128103 -0.00414622 0.00577712
   vertex -0.0125629 -0.00352182 0.0065
  endloop
 endfacet
 facet normal 0.838935 0.235594 -0.490596
  outer loop
   vertex -0.0128103 -0.00414622 0.00577712
   vertex -0.0130847 -0.00313279 0.00579459
   vertex -0.0125629 -0.00352182 0.0065
  endloop
 endfacet
 facet normal 0.796671 0.32706 -0.508278
  outer loop
   vertex -0.0118744 -0.00540645 0.0065
   vertex -0.0124446 -0.00513565 0.00578043
   vertex -0.0122479 -0.00449663 0.0065
  endloop
 endfacet
 facet normal 0.817876 0.300634 -0.490609
  outer loop
   vertex -0.0124446 -0.00513565 0.00578043
   vertex -0.0128103 -0.00414622 0.00577712
   vertex -0.0122479 -0.00449663 0.0065
  endloop
 endfacet
 facet normal 0.768732 0.387137 -0.509093
  outer loop
   vertex -0.0114136 -0.00632144 0.0065
   vertex -0.0120004 -0.00608661 0.00579246
   vertex -0.0118744 -0.00540645 0.0065
  endloop
 endfacet
 facet normal 0.791828 0.36368 -0.490659
  outer loop
   vertex -0.0120004 -0.00608661 0.00579246
   vertex -0.0124446 -0.00513565 0.00578043
   vertex -0.0118744 -0.00540645 0.0065
  endloop
 endfacet
 facet normal 0.735948 0.446234 -0.509172
  outer loop
   vertex -0.0108824 -0.00719745 0.0065
   vertex -0.0114883 -0.00700054 0.00579681
   vertex -0.0114136 -0.00632144 0.0065
  endloop
 endfacet
 facet normal 0.761203 0.424177 -0.490554
  outer loop
   vertex -0.0114883 -0.00700054 0.00579681
   vertex -0.0120004 -0.00608661 0.00579246
   vertex -0.0114136 -0.00632144 0.0065
  endloop
 endfacet
 facet normal 0.699835 0.501773 -0.508384
  outer loop
   vertex -0.0103093 -0.00799674 0.0065
   vertex -0.0109167 -0.00786794 0.00579101
   vertex -0.0108824 -0.00719745 0.0065
  endloop
 endfacet
 facet normal 0.726047 0.481734 -0.490701
  outer loop
   vertex -0.0109167 -0.00786794 0.00579101
   vertex -0.0114883 -0.00700054 0.00579681
   vertex -0.0108824 -0.00719745 0.0065
  endloop
 endfacet
 facet normal 0.658883 0.55385 -0.509041
  outer loop
   vertex -0.00965013 -0.00878094 0.0065
   vertex -0.0102809 -0.00868587 0.00578706
   vertex -0.0103093 -0.00799674 0.0065
  endloop
 endfacet
 facet normal 0.686689 0.536197 -0.490868
  outer loop
   vertex -0.0102809 -0.00868587 0.00578706
   vertex -0.0109167 -0.00786794 0.00579101
   vertex -0.0103093 -0.00799674 0.0065
  endloop
 endfacet
 facet normal 0.614652 0.603173 -0.508316
  outer loop
   vertex -0.00896128 -0.00948291 0.0065
   vertex -0.0095821 -0.00945228 0.00578565
   vertex -0.00965013 -0.00878094 0.0065
  endloop
 endfacet
 facet normal 0.643379 0.587487 -0.490839
  outer loop
   vertex -0.0095821 -0.00945228 0.00578565
   vertex -0.0102809 -0.00868587 0.00578706
   vertex -0.00965013 -0.00878094 0.0065
  endloop
 endfacet
 facet normal 0.56615 0.648308 -0.509089
  outer loop
   vertex -0.00818963 -0.0101568 0.0065
   vertex -0.00882064 -0.0101618 0.00579187
   vertex -0.00896128 -0.00948291 0.0065
  endloop
 endfacet
 facet normal 0.596094 0.635439 -0.490805
  outer loop
   vertex -0.00882064 -0.0101618 0.00579187
   vertex -0.0095821 -0.00945228 0.00578565
   vertex -0.00896128 -0.00948291 0.0065
  endloop
 endfacet
 facet normal 0.513509 0.690685 -0.509178
  outer loop
   vertex -0.00736749 -0.010768 0.0065
   vertex -0.00800337 -0.0108137 0.00579671
   vertex -0.00818963 -0.0101568 0.0065
  endloop
 endfacet
 facet normal 0.545161 0.679781 -0.490609
  outer loop
   vertex -0.00800337 -0.0108137 0.00579671
   vertex -0.00882064 -0.0101618 0.00579187
   vertex -0.00818963 -0.0101568 0.0065
  endloop
 endfacet
 facet normal 0.459108 0.728483 -0.508461
  outer loop
   vertex -0.00653544 -0.0112924 0.0065
   vertex -0.00714354 -0.0113995 0.0057975
   vertex -0.00736749 -0.010768 0.0065
  endloop
 endfacet
 facet normal 0.490899 0.719927 -0.490636
  outer loop
   vertex -0.00714354 -0.0113995 0.0057975
   vertex -0.00800337 -0.0108137 0.00579671
   vertex -0.00736749 -0.010768 0.0065
  endloop
 endfacet
 facet normal 0.401531 0.761256 -0.509178
  outer loop
   vertex -0.0056293 -0.0117703 0.0065
   vertex -0.00624035 -0.011917 0.00579882
   vertex -0.00653544 -0.0112924 0.0065
  endloop
 endfacet
 facet normal 0.433762 0.755707 -0.490671
  outer loop
   vertex -0.00624035 -0.011917 0.00579882
   vertex -0.00714354 -0.0113995 0.0057975
   vertex -0.00653544 -0.0112924 0.0065
  endloop
 endfacet
 facet normal 0.340566 0.790398 -0.509201
  outer loop
   vertex -0.00468846 -0.0121757 0.0065
   vertex -0.00529666 -0.0123657 0.0057983
   vertex -0.0056293 -0.0117703 0.0065
  endloop
 endfacet
 facet normal 0.373964 0.787085 -0.490558
  outer loop
   vertex -0.00529666 -0.0123657 0.0057983
   vertex -0.00624035 -0.011917 0.00579882
   vertex -0.0056293 -0.0117703 0.0065
  endloop
 endfacet
 facet normal 0.278918 0.814665 -0.508455
  outer loop
   vertex -0.00375798 -0.0124943 0.0065
   vertex -0.00432501 -0.0127388 0.0057972
   vertex -0.00468846 -0.0121757 0.0065
  endloop
 endfacet
 facet normal 0.311856 0.81366 -0.490616
  outer loop
   vertex -0.00432501 -0.0127388 0.0057972
   vertex -0.00529666 -0.0123657 0.0057983
   vertex -0.00468846 -0.0121757 0.0065
  endloop
 endfacet
 facet normal 0.215353 0.833283 -0.509178
  outer loop
   vertex -0.0027661 -0.0127506 0.0065
   vertex -0.00332665 -0.013034 0.00579921
   vertex -0.00375798 -0.0124943 0.0065
  endloop
 endfacet
 facet normal 0.247969 0.835317 -0.490669
  outer loop
   vertex -0.00332665 -0.013034 0.00579921
   vertex -0.00432501 -0.0127388 0.0057972
   vertex -0.00375798 -0.0124943 0.0065
  endloop
 endfacet
 facet normal 0.149299 0.84758 -0.509233
  outer loop
   vertex -0.00175717 -0.0129284 0.0065
   vertex -0.00230625 -0.0132515 0.0058011
   vertex -0.0027661 -0.0127506 0.0065
  endloop
 endfacet
 facet normal 0.182576 0.852069 -0.490555
  outer loop
   vertex -0.00230625 -0.0132515 0.0058011
   vertex -0.00332665 -0.013034 0.00579921
   vertex -0.0027661 -0.0127506 0.0065
  endloop
 endfacet
 facet normal 0.083722 0.85696 -0.508538
  outer loop
   vertex -0.00077833 -0.013024 0.0065
   vertex -0.00127796 -0.0133887 0.00580322
   vertex -0.00175717 -0.0129284 0.0065
  endloop
 endfacet
 facet normal 0.116166 0.863601 -0.490611
  outer loop
   vertex -0.00127796 -0.0133887 0.00580322
   vertex -0.00230625 -0.0132515 0.0058011
   vertex -0.00175717 -0.0129284 0.0065
  endloop
 endfacet
 facet normal 0.0175746 0.860427 -0.50927
  outer loop
   vertex 0.00024592 -0.0130449 0.0065
   vertex -0.00024117 -0.0134462 0.00580523
   vertex -0.00077833 -0.013024 0.0065
  endloop
 endfacet
 facet normal 0.0492177 0.869986 -0.490614
  outer loop
   vertex -0.00024117 -0.0134462 0.00580523
   vertex -0.00127796 -0.0133887 0.00580322
   vertex -0.00077833 -0.013024 0.0065
  endloop
 endfacet
 facet normal -0.0499928 0.859168 -0.509245
  outer loop
   vertex 0.00126865 -0.0129854 0.0065
   vertex 0.000800771 -0.0134269 0.00580114
   vertex 0.00024592 -0.0130449 0.0065
  endloop
 endfacet
 facet normal -0.0180882 0.871245 -0.490515
  outer loop
   vertex 0.000800771 -0.0134269 0.00580114
   vertex -0.00024117 -0.0134462 0.00580523
   vertex 0.00024592 -0.0130449 0.0065
  endloop
 endfacet
 facet normal -0.115971 0.85323 -0.508478
  outer loop
   vertex 0.0022432 -0.0128529 0.0065
   vertex 0.00183164 -0.0133278 0.00579706
   vertex 0.00126865 -0.0129854 0.0065
  endloop
 endfacet
 facet normal -0.085271 0.86716 -0.490675
  outer loop
   vertex 0.00183164 -0.0133278 0.00579706
   vertex 0.000800771 -0.0134269 0.00580114
   vertex 0.00126865 -0.0129854 0.0065
  endloop
 endfacet
 facet normal -0.18114 0.841359 -0.509218
  outer loop
   vertex 0.00324471 -0.0126373 0.0065
   vertex 0.00285142 -0.0131462 0.00579912
   vertex 0.0022432 -0.0128529 0.0065
  endloop
 endfacet
 facet normal -0.151801 0.857993 -0.490718
  outer loop
   vertex 0.00285142 -0.0131462 0.00579912
   vertex 0.00183164 -0.0133278 0.00579706
   vertex 0.0022432 -0.0128529 0.0065
  endloop
 endfacet
 facet normal -0.245422 0.825352 -0.50849
  outer loop
   vertex 0.00418742 -0.012357 0.0065
   vertex 0.00385287 -0.0128889 0.00579812
   vertex 0.00324471 -0.0126373 0.0065
  endloop
 endfacet
 facet normal -0.217273 0.843798 -0.490712
  outer loop
   vertex 0.00385287 -0.0128889 0.00579812
   vertex 0.00285142 -0.0131462 0.00579912
   vertex 0.00324471 -0.0126373 0.0065
  endloop
 endfacet
 facet normal -0.30799 0.803605 -0.509275
  outer loop
   vertex 0.00514403 -0.0119904 0.0065
   vertex 0.004827 -0.0125539 0.00580257
   vertex 0.00418742 -0.012357 0.0065
  endloop
 endfacet
 facet normal -0.281367 0.824598 -0.490786
  outer loop
   vertex 0.004827 -0.0125539 0.00580257
   vertex 0.00385287 -0.0128889 0.00579812
   vertex 0.00418742 -0.012357 0.0065
  endloop
 endfacet
 facet normal -0.370078 0.77693 -0.509334
  outer loop
   vertex 0.00606893 -0.0115498 0.0065
   vertex 0.00577305 -0.0121453 0.00580668
   vertex 0.00514403 -0.0119904 0.0065
  endloop
 endfacet
 facet normal -0.343681 0.800689 -0.490694
  outer loop
   vertex 0.00577305 -0.0121453 0.00580668
   vertex 0.004827 -0.0125539 0.00580257
   vertex 0.00514403 -0.0119904 0.0065
  endloop
 endfacet
 facet normal -0.428954 0.746573 -0.508554
  outer loop
   vertex 0.0069217 -0.0110598 0.0065
   vertex 0.00667608 -0.0116749 0.00580428
   vertex 0.00606893 -0.0115498 0.0065
  endloop
 endfacet
 facet normal -0.403504 0.772118 -0.490937
  outer loop
   vertex 0.00667608 -0.0116749 0.00580428
   vertex 0.00577305 -0.0121453 0.00580668
   vertex 0.00606893 -0.0115498 0.0065
  endloop
 endfacet
 facet normal -0.484892 0.711097 -0.509137
  outer loop
   vertex 0.00776811 -0.0104827 0.0065
   vertex 0.00752748 -0.0111472 0.00580104
   vertex 0.0069217 -0.0110598 0.0065
  endloop
 endfacet
 facet normal -0.460191 0.739506 -0.491279
  outer loop
   vertex 0.00752748 -0.0111472 0.00580104
   vertex 0.00667608 -0.0116749 0.00580428
   vertex 0.0069217 -0.0110598 0.0065
  endloop
 endfacet
 facet normal -0.535144 0.676637 -0.50575
  outer loop
   vertex 0.00841099 -0.00997423 0.0065
   vertex 0.0082986 -0.0105916 0.00579292
   vertex 0.00776811 -0.0104827 0.0065
  endloop
 endfacet
 facet normal -0.512122 0.703595 -0.492631
  outer loop
   vertex 0.0082986 -0.0105916 0.00579292
   vertex 0.00752748 -0.0111472 0.00580104
   vertex 0.00776811 -0.0104827 0.0065
  endloop
 endfacet
 facet normal -0.576518 0.641639 -0.505892
  outer loop
   vertex 0.00902068 -0.00942642 0.0065
   vertex 0.00899041 -0.0100099 0.0057944
   vertex 0.00841099 -0.00997423 0.0065
  endloop
 endfacet
 facet normal -0.559295 0.666435 -0.493004
  outer loop
   vertex 0.00899041 -0.0100099 0.0057944
   vertex 0.0082986 -0.0105916 0.00579292
   vertex 0.00841099 -0.00997423 0.0065
  endloop
 endfacet
 facet normal -0.615693 0.604196 -0.505835
  outer loop
   vertex 0.00959477 -0.0088414 0.0065
   vertex 0.00963206 -0.00939395 0.00579462
   vertex 0.00902068 -0.00942642 0.0065
  endloop
 endfacet
 facet normal -0.602358 0.62763 -0.493199
  outer loop
   vertex 0.00963206 -0.00939395 0.00579462
   vertex 0.00899041 -0.0100099 0.0057944
   vertex 0.00902068 -0.00942642 0.0065
  endloop
 endfacet
 facet normal -0.65371 0.561884 -0.506902
  outer loop
   vertex 0.0101825 -0.00815768 0.0065
   vertex 0.0102583 -0.00870218 0.00579863
   vertex 0.00959477 -0.0088414 0.0065
  endloop
 endfacet
 facet normal -0.643691 0.585566 -0.492722
  outer loop
   vertex 0.0102583 -0.00870218 0.00579863
   vertex 0.00963206 -0.00939395 0.00579462
   vertex 0.00959477 -0.0088414 0.0065
  endloop
 endfacet
 facet normal -0.691898 0.512723 -0.508323
  outer loop
   vertex 0.010768 -0.00736749 0.0065
   vertex 0.0108575 -0.00793592 0.00580489
   vertex 0.0101825 -0.00815768 0.0065
  endloop
 endfacet
 facet normal -0.683792 0.538706 -0.492162
  outer loop
   vertex 0.0108575 -0.00793592 0.00580489
   vertex 0.0102583 -0.00870218 0.00579863
   vertex 0.0101825 -0.00815768 0.0065
  endloop
 endfacet
 facet normal -0.72884 0.457739 -0.509183
  outer loop
   vertex 0.0113129 -0.00649993 0.0065
   vertex 0.0114219 -0.00709934 0.00580513
   vertex 0.010768 -0.00736749 0.0065
  endloop
 endfacet
 facet normal -0.721955 0.487212 -0.49133
  outer loop
   vertex 0.0114219 -0.00709934 0.00580513
   vertex 0.0108575 -0.00793592 0.00580489
   vertex 0.010768 -0.00736749 0.0065
  endloop
 endfacet
 facet normal -0.762464 0.399111 -0.509273
  outer loop
   vertex 0.011788 -0.0055923 0.0065
   vertex 0.0119304 -0.0062066 0.00580535
   vertex 0.0113129 -0.00649993 0.0065
  endloop
 endfacet
 facet normal -0.757005 0.431326 -0.490817
  outer loop
   vertex 0.0119304 -0.0062066 0.00580535
   vertex 0.0114219 -0.00709934 0.00580513
   vertex 0.0113129 -0.00649993 0.0065
  endloop
 endfacet
 facet normal -0.791267 0.339466 -0.508586
  outer loop
   vertex 0.0121757 -0.00468846 0.0065
   vertex 0.0123696 -0.00527397 0.00580759
   vertex 0.011788 -0.0055923 0.0065
  endloop
 endfacet
 facet normal -0.787854 0.372191 -0.490673
  outer loop
   vertex 0.0123696 -0.00527397 0.00580759
   vertex 0.0119304 -0.0062066 0.00580535
   vertex 0.011788 -0.0055923 0.0065
  endloop
 endfacet
 facet normal -0.814604 0.277474 -0.509342
  outer loop
   vertex 0.0125061 -0.00371871 0.0065
   vertex 0.0127383 -0.00430241 0.00581056
   vertex 0.0121757 -0.00468846 0.0065
  endloop
 endfacet
 facet normal -0.814224 0.310514 -0.490531
  outer loop
   vertex 0.0127383 -0.00430241 0.00581056
   vertex 0.0123696 -0.00527397 0.00580759
   vertex 0.0121757 -0.00468846 0.0065
  endloop
 endfacet
 facet normal -0.834021 0.214142 -0.50848
  outer loop
   vertex 0.0127506 -0.0027661 0.0065
   vertex 0.0130393 -0.00329519 0.00580368
   vertex 0.0125061 -0.00371871 0.0065
  endloop
 endfacet
 facet normal -0.835972 0.246484 -0.490303
  outer loop
   vertex 0.0130393 -0.00329519 0.00580368
   vertex 0.0127383 -0.00430241 0.00581056
   vertex 0.0125061 -0.00371871 0.0065
  endloop
 endfacet
 facet normal -0.847567 0.149296 -0.509255
  outer loop
   vertex 0.0129284 -0.00175717 0.0065
   vertex 0.0132512 -0.00225342 0.00581724
   vertex 0.0127506 -0.0027661 0.0065
  endloop
 endfacet
 facet normal -0.852854 0.179821 -0.490209
  outer loop
   vertex 0.0132512 -0.00225342 0.00581724
   vertex 0.0130393 -0.00329519 0.00580368
   vertex 0.0127506 -0.0027661 0.0065
  endloop
 endfacet
 facet normal -0.856148 0.0836427 -0.509916
  outer loop
   vertex 0.013024 -0.00077833 0.0065
   vertex 0.0133281 -0.0012124 0.00591818
   vertex 0.0129284 -0.00175717 0.0065
  endloop
 endfacet
 facet normal -0.864689 0.111392 -0.489801
  outer loop
   vertex 0.0133281 -0.0012124 0.00591818
   vertex 0.0132512 -0.00225342 0.00581724
   vertex 0.0129284 -0.00175717 0.0065
  endloop
 endfacet
 facet normal -0.865733 0.0258392 -0.499839
  outer loop
   vertex 0.0130472 0 0.0065
   vertex 0.0134037 0 0.0058825
   vertex 0.013024 -0.00077833 0.0065
  endloop
 endfacet
 facet normal 0.865824 0.0217196 -0.499876
  outer loop
   vertex -0.013445 0 0.005811
   vertex -0.0135621 -0.000680945 0.00557862
   vertex -0.0138315 0 0.0051415
  endloop
 endfacet
 facet normal 0.865834 0.0208845 -0.499895
  outer loop
   vertex -0.0138315 0 0.0051415
   vertex -0.0139534 -0.000673504 0.00490235
   vertex -0.0141918 0 0.0045175
  endloop
 endfacet
 facet normal 0.86547 0.0211701 -0.500514
  outer loop
   vertex -0.0135621 -0.000680945 0.00557862
   vertex -0.0139534 -0.000673504 0.00490235
   vertex -0.0138315 0 0.0051415
  endloop
 endfacet
 facet normal 0.865854 0.0199819 -0.499898
  outer loop
   vertex -0.0141918 0 0.0045175
   vertex -0.0143408 -0.000662391 0.00423302
   vertex -0.0145596 0 0.0038805
  endloop
 endfacet
 facet normal 0.865454 0.020362 -0.500574
  outer loop
   vertex -0.0139534 -0.000673504 0.00490235
   vertex -0.0143408 -0.000662391 0.00423302
   vertex -0.0141918 0 0.0045175
  endloop
 endfacet
 facet normal 0.865846 0.0204717 -0.499892
  outer loop
   vertex -0.0145596 0 0.0038805
   vertex -0.0147037 -0.000695633 0.00360249
   vertex -0.0149274 0 0.0032435
  endloop
 endfacet
 facet normal 0.866077 0.0202673 -0.4995
  outer loop
   vertex -0.0143408 -0.000662391 0.00423302
   vertex -0.0147037 -0.000695633 0.00360249
   vertex -0.0145596 0 0.0038805
  endloop
 endfacet
 facet normal 0.865834 0.0207769 -0.499899
  outer loop
   vertex -0.0149274 0 0.0032435
   vertex -0.0150837 -0.000724348 0.00294252
   vertex -0.0152839 0 0.002626
  endloop
 endfacet
 facet normal 0.865982 0.020641 -0.499649
  outer loop
   vertex -0.0147037 -0.000695633 0.00360249
   vertex -0.0150837 -0.000724348 0.00294252
   vertex -0.0149274 0 0.0032435
  endloop
 endfacet
 facet normal 0.865843 0.0205182 -0.499895
  outer loop
   vertex -0.0152839 0 0.002626
   vertex -0.0154708 -0.000733741 0.0022722
   vertex -0.0156892 0 0.001924
  endloop
 endfacet
 facet normal 0.865717 0.0206531 -0.500108
  outer loop
   vertex -0.0150837 -0.000724348 0.00294252
   vertex -0.0154708 -0.000733741 0.0022722
   vertex -0.0152839 0 0.002626
  endloop
 endfacet
 facet normal 0.865857 0.0198442 -0.499898
  outer loop
   vertex -0.0156892 0 0.001924
   vertex -0.015858 -0.000727432 0.00160268
   vertex -0.0160457 0 0.0013065
  endloop
 endfacet
 facet normal 0.865532 0.0201629 -0.500448
  outer loop
   vertex -0.0154708 -0.000733741 0.0022722
   vertex -0.015858 -0.000727432 0.00160268
   vertex -0.0156892 0 0.001924
  endloop
 endfacet
 facet normal 0.86587 0.0187417 -0.499918
  outer loop
   vertex -0.0160457 0 0.0013065
   vertex -0.0162753 -0.0007046 0.000882414
   vertex -0.0164285 0 0.0006435
  endloop
 endfacet
 facet normal 0.865388 0.0193854 -0.500727
  outer loop
   vertex -0.015858 -0.000727432 0.00160268
   vertex -0.0162753 -0.0007046 0.000882414
   vertex -0.0160457 0 0.0013065
  endloop
 endfacet
 facet normal 0.865824 0.0217652 -0.499876
  outer loop
   vertex -0.0164285 0 0.0006435
   vertex -0.0167788 -0.000844105 0
   vertex -0.0168 0 0
  endloop
 endfacet
 facet normal 0.867721 0.068293 -0.492337
  outer loop
   vertex -0.0167788 -0.000844105 0
   vertex -0.0164223 -0.00138108 0.000553881
   vertex -0.0167043 -0.00179107 0
  endloop
 endfacet
 facet normal 0.862096 0.118549 -0.492682
  outer loop
   vertex -0.0167043 -0.00179107 0
   vertex -0.0162675 -0.00220099 0.000665574
   vertex -0.0165677 -0.00278437 0
  endloop
 endfacet
 facet normal 0.857761 0.0930135 -0.505564
  outer loop
   vertex -0.0164223 -0.00138108 0.000553881
   vertex -0.0162675 -0.00220099 0.000665574
   vertex -0.0167043 -0.00179107 0
  endloop
 endfacet
 facet normal 0.853119 0.168302 -0.493825
  outer loop
   vertex -0.0165677 -0.00278437 0
   vertex -0.0160929 -0.00312749 0.00070319
   vertex -0.0163838 -0.0037163 0
  endloop
 endfacet
 facet normal 0.850963 0.139792 -0.506281
  outer loop
   vertex -0.0162675 -0.00220099 0.000665574
   vertex -0.0160929 -0.00312749 0.00070319
   vertex -0.0165677 -0.00278437 0
  endloop
 endfacet
 facet normal 0.842363 0.217698 -0.492983
  outer loop
   vertex -0.0163838 -0.0037163 0
   vertex -0.0158802 -0.00408655 0.000696967
   vertex -0.0161329 -0.00468705 0
  endloop
 endfacet
 facet normal 0.840929 0.189788 -0.506774
  outer loop
   vertex -0.0160929 -0.00312749 0.00070319
   vertex -0.0158802 -0.00408655 0.000696967
   vertex -0.0163838 -0.0037163 0
  endloop
 endfacet
 facet normal 0.827799 0.267526 -0.493132
  outer loop
   vertex -0.0161329 -0.00468705 0
   vertex -0.0156039 -0.00501459 0.000710437
   vertex -0.0158246 -0.00564111 0
  endloop
 endfacet
 facet normal 0.828339 0.239328 -0.506534
  outer loop
   vertex -0.0158802 -0.00408655 0.000696967
   vertex -0.0156039 -0.00501459 0.000710437
   vertex -0.0161329 -0.00468705 0
  endloop
 endfacet
 facet normal 0.810337 0.316424 -0.493184
  outer loop
   vertex -0.0158246 -0.00564111 0
   vertex -0.0152825 -0.00591976 0.000711866
   vertex -0.0154599 -0.00657508 0
  endloop
 endfacet
 facet normal 0.812896 0.287765 -0.506351
  outer loop
   vertex -0.0156039 -0.00501459 0.000710437
   vertex -0.0152825 -0.00591976 0.000711866
   vertex -0.0158246 -0.00564111 0
  endloop
 endfacet
 facet normal 0.789986 0.364191 -0.493242
  outer loop
   vertex -0.0154599 -0.00657508 0
   vertex -0.0149155 -0.00679723 0.00070797
   vertex -0.0150401 -0.00748562 0
  endloop
 endfacet
 facet normal 0.794806 0.334752 -0.506186
  outer loop
   vertex -0.0152825 -0.00591976 0.000711866
   vertex -0.0149155 -0.00679723 0.00070797
   vertex -0.0154599 -0.00657508 0
  endloop
 endfacet
 facet normal 0.767082 0.409241 -0.494072
  outer loop
   vertex -0.0150401 -0.00748562 0
   vertex -0.0145074 -0.00762939 0.000708002
   vertex -0.014593 -0.00832371 0
  endloop
 endfacet
 facet normal 0.774603 0.379799 -0.50571
  outer loop
   vertex -0.0149155 -0.00679723 0.00070797
   vertex -0.0145074 -0.00762939 0.000708002
   vertex -0.0150401 -0.00748562 0
  endloop
 endfacet
 facet normal 0.743055 0.450542 -0.494854
  outer loop
   vertex -0.014593 -0.00832371 0
   vertex -0.0140722 -0.00840166 0.000711132
   vertex -0.0141279 -0.00909084 0
  endloop
 endfacet
 facet normal 0.752757 0.422216 -0.505065
  outer loop
   vertex -0.0145074 -0.00762939 0.000708002
   vertex -0.0140722 -0.00840166 0.000711132
   vertex -0.014593 -0.00832371 0
  endloop
 endfacet
 facet normal 0.718992 0.486975 -0.495888
  outer loop
   vertex -0.0141279 -0.00909084 0
   vertex -0.0136248 -0.00912012 0.000700707
   vertex -0.013684 -0.00974626 0
  endloop
 endfacet
 facet normal 0.729593 0.461644 -0.504558
  outer loop
   vertex -0.0140722 -0.00840166 0.000711132
   vertex -0.0136248 -0.00912012 0.000700707
   vertex -0.0141279 -0.00909084 0
  endloop
 endfacet
 facet normal 0.694785 0.521662 -0.495119
  outer loop
   vertex -0.013684 -0.00974626 0
   vertex -0.0131608 -0.0097905 0.00068749
   vertex -0.013177 -0.0104215 0
  endloop
 endfacet
 facet normal 0.705238 0.49802 -0.504595
  outer loop
   vertex -0.0136248 -0.00912012 0.000700707
   vertex -0.0131608 -0.0097905 0.00068749
   vertex -0.013684 -0.00974626 0
  endloop
 endfacet
 facet normal 0.668338 0.554671 -0.495646
  outer loop
   vertex -0.013177 -0.0104215 0
   vertex -0.0126676 -0.0104282 0.000679457
   vertex -0.0126714 -0.0110306 0
  endloop
 endfacet
 facet normal 0.679845 0.532258 -0.504493
  outer loop
   vertex -0.0131608 -0.0097905 0.00068749
   vertex -0.0126676 -0.0104282 0.000679457
   vertex -0.013177 -0.0104215 0
  endloop
 endfacet
 facet normal 0.641508 0.585571 -0.495555
  outer loop
   vertex -0.0126714 -0.0110306 0
   vertex -0.0121445 -0.0110342 0.000677891
   vertex -0.0121377 -0.0116153 0
  endloop
 endfacet
 facet normal 0.652968 0.564836 -0.504572
  outer loop
   vertex -0.0126676 -0.0104282 0.000679457
   vertex -0.0121445 -0.0110342 0.000677891
   vertex -0.0126714 -0.0110306 0
  endloop
 endfacet
 facet normal 0.613227 0.615159 -0.495512
  outer loop
   vertex -0.0121377 -0.0116153 0
   vertex -0.0115949 -0.0116106 0.000677682
   vertex -0.0115771 -0.0121742 0
  endloop
 endfacet
 facet normal 0.624724 0.595912 -0.504588
  outer loop
   vertex -0.0121445 -0.0110342 0.000677891
   vertex -0.0115949 -0.0116106 0.000677682
   vertex -0.0121377 -0.0116153 0
  endloop
 endfacet
 facet normal 0.582793 0.644528 -0.49491
  outer loop
   vertex -0.0115771 -0.0121742 0
   vertex -0.0110173 -0.012159 0.00067898
   vertex -0.0109508 -0.0127405 0
  endloop
 endfacet
 facet normal 0.595064 0.625519 -0.504604
  outer loop
   vertex -0.0115949 -0.0116106 0.000677682
   vertex -0.0110173 -0.012159 0.00067898
   vertex -0.0115771 -0.0121742 0
  endloop
 endfacet
 facet normal 0.550473 0.671835 -0.495598
  outer loop
   vertex -0.0109508 -0.0127405 0
   vertex -0.010389 -0.0126911 0.000690846
   vertex -0.0103385 -0.0132422 0
  endloop
 endfacet
 facet normal 0.563443 0.653944 -0.504866
  outer loop
   vertex -0.0110173 -0.012159 0.00067898
   vertex -0.010389 -0.0126911 0.000690846
   vertex -0.0109508 -0.0127405 0
  endloop
 endfacet
 facet normal 0.517304 0.69807 -0.495071
  outer loop
   vertex -0.0103385 -0.0132422 0
   vertex -0.00972246 -0.0132084 0.000691415
   vertex -0.00966009 -0.0137449 0
  endloop
 endfacet
 facet normal 0.529367 0.681709 -0.505018
  outer loop
   vertex -0.010389 -0.0126911 0.000690846
   vertex -0.00972246 -0.0132084 0.000691415
   vertex -0.0103385 -0.0132422 0
  endloop
 endfacet
 facet normal 0.480576 0.724153 -0.494619
  outer loop
   vertex -0.00966009 -0.0137449 0
   vertex -0.00901517 -0.0136841 0.00071561
   vertex -0.00891259 -0.014241 0
  endloop
 endfacet
 facet normal 0.493584 0.708077 -0.504977
  outer loop
   vertex -0.00972246 -0.0132084 0.000691415
   vertex -0.00901517 -0.0136841 0.00071561
   vertex -0.00966009 -0.0137449 0
  endloop
 endfacet
 facet normal 0.439264 0.750803 -0.493297
  outer loop
   vertex -0.00891259 -0.014241 0
   vertex -0.00823043 -0.0141656 0.000722179
   vertex -0.00804717 -0.0147473 0
  endloop
 endfacet
 facet normal 0.454251 0.733471 -0.505644
  outer loop
   vertex -0.00901517 -0.0136841 0.00071561
   vertex -0.00823043 -0.0141656 0.000722179
   vertex -0.00891259 -0.014241 0
  endloop
 endfacet
 facet normal 0.393704 0.77571 -0.493225
  outer loop
   vertex -0.00804717 -0.0147473 0
   vertex -0.00739467 -0.0146201 0.000720832
   vertex -0.00715309 -0.0152011 0
  endloop
 endfacet
 facet normal 0.411431 0.757985 -0.506145
  outer loop
   vertex -0.00823043 -0.0141656 0.000722179
   vertex -0.00739467 -0.0146201 0.000720832
   vertex -0.00804717 -0.0147473 0
  endloop
 endfacet
 facet normal 0.346736 0.797807 -0.493232
  outer loop
   vertex -0.00715309 -0.0152011 0
   vertex -0.00651988 -0.0150298 0.000722172
   vertex -0.00623353 -0.0156007 0
  endloop
 endfacet
 facet normal 0.366352 0.780633 -0.506358
  outer loop
   vertex -0.00739467 -0.0146201 0.000720832
   vertex -0.00651988 -0.0150298 0.000722172
   vertex -0.00715309 -0.0152011 0
  endloop
 endfacet
 facet normal 0.298516 0.817049 -0.493274
  outer loop
   vertex -0.00623353 -0.0156007 0
   vertex -0.00562045 -0.0153856 0.000727395
   vertex -0.00529177 -0.0159448 0
  endloop
 endfacet
 facet normal 0.31972 0.800862 -0.506359
  outer loop
   vertex -0.00651988 -0.0150298 0.000722172
   vertex -0.00562045 -0.0153856 0.000727395
   vertex -0.00623353 -0.0156007 0
  endloop
 endfacet
 facet normal 0.250426 0.83262 -0.493995
  outer loop
   vertex -0.00529177 -0.0159448 0
   vertex -0.00470954 -0.0156866 0.000730469
   vertex -0.00438214 -0.0162184 0
  endloop
 endfacet
 facet normal 0.27209 0.818357 -0.50622
  outer loop
   vertex -0.00562045 -0.0153856 0.000727395
   vertex -0.00470954 -0.0156866 0.000730469
   vertex -0.00529177 -0.0159448 0
  endloop
 endfacet
 facet normal 0.201739 0.846167 -0.493257
  outer loop
   vertex -0.00438214 -0.0162184 0
   vertex -0.00377995 -0.0159395 0.000724733
   vertex -0.00340683 -0.0164509 0
  endloop
 endfacet
 facet normal 0.223529 0.832908 -0.50626
  outer loop
   vertex -0.00470954 -0.0156866 0.000730469
   vertex -0.00377995 -0.0159395 0.000724733
   vertex -0.00438214 -0.0162184 0
  endloop
 endfacet
 facet normal 0.150908 0.85669 -0.493264
  outer loop
   vertex -0.00340683 -0.0164509 0
   vertex -0.00282485 -0.0161354 0.000726
   vertex -0.00241938 -0.0166249 0
  endloop
 endfacet
 facet normal 0.173924 0.844553 -0.506439
  outer loop
   vertex -0.00377995 -0.0159395 0.000724733
   vertex -0.00282485 -0.0161354 0.000726
   vertex -0.00340683 -0.0164509 0
  endloop
 endfacet
 facet normal 0.0995234 0.864122 -0.493343
  outer loop
   vertex -0.00241938 -0.0166249 0
   vertex -0.00185746 -0.0162708 0.000733516
   vertex -0.00142332 -0.0167396 0
  endloop
 endfacet
 facet normal 0.123363 0.853408 -0.506434
  outer loop
   vertex -0.00282485 -0.0161354 0.000726
   vertex -0.00185746 -0.0162708 0.000733516
   vertex -0.00241938 -0.0166249 0
  endloop
 endfacet
 facet normal 0.0477917 0.868503 -0.493375
  outer loop
   vertex -0.00142332 -0.0167396 0
   vertex -0.000884801 -0.0163499 0.000738199
   vertex -0.000422186 -0.0167947 0
  endloop
 endfacet
 facet normal 0.0722825 0.85928 -0.506372
  outer loop
   vertex -0.00185746 -0.0162708 0.000733516
   vertex -0.000884801 -0.0163499 0.000738199
   vertex -0.00142332 -0.0167396 0
  endloop
 endfacet
 facet normal -0.00409374 0.86983 -0.493335
  outer loop
   vertex -0.000422186 -0.0167947 0
   vertex 9.10699e-05 -0.0163763 0.000733482
   vertex 0.000580451 -0.01679 0
  endloop
 endfacet
 facet normal 0.0208644 0.862064 -0.50637
  outer loop
   vertex -0.000884801 -0.0163499 0.000738199
   vertex 9.10699e-05 -0.0163763 0.000733482
   vertex -0.000422186 -0.0167947 0
  endloop
 endfacet
 facet normal -0.0559864 0.868079 -0.49326
  outer loop
   vertex 0.000580451 -0.01679 0
   vertex 0.0010687 -0.0163463 0.000725426
   vertex 0.00158102 -0.0167254 0
  endloop
 endfacet
 facet normal -0.0306085 0.861724 -0.506454
  outer loop
   vertex 9.10699e-05 -0.0163763 0.000733482
   vertex 0.0010687 -0.0163463 0.000725426
   vertex 0.000580451 -0.01679 0
  endloop
 endfacet
 facet normal -0.107668 0.863202 -0.493245
  outer loop
   vertex 0.00158102 -0.0167254 0
   vertex 0.00204324 -0.0162546 0.00072306
   vertex 0.00257596 -0.0166013 0
  endloop
 endfacet
 facet normal -0.0819595 0.858331 -0.506508
  outer loop
   vertex 0.0010687 -0.0163463 0.000725426
   vertex 0.00204324 -0.0162546 0.00072306
   vertex 0.00158102 -0.0167254 0
  endloop
 endfacet
 facet normal -0.158974 0.855226 -0.493271
  outer loop
   vertex 0.00257596 -0.0166013 0
   vertex 0.00300629 -0.0161024 0.000726327
   vertex 0.00356172 -0.0164181 0
  endloop
 endfacet
 facet normal -0.132924 0.851957 -0.50646
  outer loop
   vertex 0.00204324 -0.0162546 0.00072306
   vertex 0.00300629 -0.0161024 0.000726327
   vertex 0.00257596 -0.0166013 0
  endloop
 endfacet
 facet normal -0.209704 0.844225 -0.493263
  outer loop
   vertex 0.00356172 -0.0164181 0
   vertex 0.00395429 -0.0158961 0.000726428
   vertex 0.00453479 -0.0161764 0
  endloop
 endfacet
 facet normal -0.183286 0.842608 -0.506378
  outer loop
   vertex 0.00300629 -0.0161024 0.000726327
   vertex 0.00395429 -0.0158961 0.000726428
   vertex 0.00356172 -0.0164181 0
  endloop
 endfacet
 facet normal -0.259698 0.830227 -0.493234
  outer loop
   vertex 0.00453479 -0.0161764 0
   vertex 0.00488781 -0.0156366 0.000722756
   vertex 0.00549172 -0.0158771 0
  endloop
 endfacet
 facet normal -0.232854 0.830275 -0.506381
  outer loop
   vertex 0.00395429 -0.0158961 0.000726428
   vertex 0.00488781 -0.0156366 0.000722756
   vertex 0.00453479 -0.0161764 0
  endloop
 endfacet
 facet normal -0.30734 0.813359 -0.493953
  outer loop
   vertex 0.00549172 -0.0158771 0
   vertex 0.00579635 -0.0153214 0.00072544
   vertex 0.00638029 -0.0155413 0
  endloop
 endfacet
 facet normal -0.281309 0.815192 -0.506288
  outer loop
   vertex 0.00488781 -0.0156366 0.000722756
   vertex 0.00579635 -0.0153214 0.00072544
   vertex 0.00549172 -0.0158771 0
  endloop
 endfacet
 facet normal -0.354227 0.794474 -0.493289
  outer loop
   vertex 0.00638029 -0.0155413 0
   vertex 0.00668105 -0.0149551 0.00072814
   vertex 0.00729604 -0.015133 0
  endloop
 endfacet
 facet normal -0.328586 0.797363 -0.506205
  outer loop
   vertex 0.00579635 -0.0153214 0.00072544
   vertex 0.00668105 -0.0149551 0.00072814
   vertex 0.00638029 -0.0155413 0
  endloop
 endfacet
 facet normal -0.400983 0.771932 -0.493289
  outer loop
   vertex 0.00729604 -0.015133 0
   vertex 0.00754418 -0.0145384 0.000728734
   vertex 0.0081858 -0.0146708 0
  endloop
 endfacet
 facet normal -0.374647 0.776781 -0.506213
  outer loop
   vertex 0.00668105 -0.0149551 0.00072814
   vertex 0.00754418 -0.0145384 0.000728734
   vertex 0.00729604 -0.015133 0
  endloop
 endfacet
 facet normal -0.446342 0.74667 -0.493216
  outer loop
   vertex 0.0081858 -0.0146708 0
   vertex 0.00838094 -0.0140794 0.000718795
   vertex 0.00904641 -0.0141564 0
  endloop
 endfacet
 facet normal -0.419428 0.753559 -0.506191
  outer loop
   vertex 0.00754418 -0.0145384 0.000728734
   vertex 0.00838094 -0.0140794 0.000718795
   vertex 0.0081858 -0.0146708 0
  endloop
 endfacet
 facet normal -0.490112 0.718752 -0.493139
  outer loop
   vertex 0.00904641 -0.0141564 0
   vertex 0.00918617 -0.0135794 0.000702093
   vertex 0.00987479 -0.0135915 0
  endloop
 endfacet
 facet normal -0.462506 0.727926 -0.506174
  outer loop
   vertex 0.00838094 -0.0140794 0.000718795
   vertex 0.00918617 -0.0135794 0.000702093
   vertex 0.00904641 -0.0141564 0
  endloop
 endfacet
 facet normal -0.529527 0.689337 -0.494385
  outer loop
   vertex 0.00987479 -0.0135915 0
   vertex 0.00994092 -0.0130526 0.000680618
   vertex 0.0105863 -0.013045 0
  endloop
 endfacet
 facet normal -0.503356 0.70056 -0.505814
  outer loop
   vertex 0.00918617 -0.0135794 0.000702093
   vertex 0.00994092 -0.0130526 0.000680618
   vertex 0.00987479 -0.0135915 0
  endloop
 endfacet
 facet normal -0.564335 0.660753 -0.494905
  outer loop
   vertex 0.0105863 -0.013045 0
   vertex 0.0106189 -0.0125165 0.000668352
   vertex 0.0112283 -0.0124966 0
  endloop
 endfacet
 facet normal -0.540835 0.672439 -0.505295
  outer loop
   vertex 0.00994092 -0.0130526 0.000680618
   vertex 0.0106189 -0.0125165 0.000668352
   vertex 0.0105863 -0.013045 0
  endloop
 endfacet
 facet normal -0.596835 0.631589 -0.494856
  outer loop
   vertex 0.0112283 -0.0124966 0
   vertex 0.0112508 -0.0119504 0.000669981
   vertex 0.011842 -0.0119167 0
  endloop
 endfacet
 facet normal -0.5751 0.643427 -0.505235
  outer loop
   vertex 0.0106189 -0.0125165 0.000668352
   vertex 0.0112508 -0.0119504 0.000669981
   vertex 0.0112283 -0.0124966 0
  endloop
 endfacet
 facet normal -0.62776 0.600727 -0.49502
  outer loop
   vertex 0.011842 -0.0119167 0
   vertex 0.0118403 -0.0113459 0.000694809
   vertex 0.0124258 -0.0113066 0
  endloop
 endfacet
 facet normal -0.60742 0.613094 -0.50513
  outer loop
   vertex 0.0112508 -0.0119504 0.000669981
   vertex 0.0118403 -0.0113459 0.000694809
   vertex 0.011842 -0.0119167 0
  endloop
 endfacet
 facet normal -0.657084 0.56838 -0.495161
  outer loop
   vertex 0.0124258 -0.0113066 0
   vertex 0.0124176 -0.0106963 0.000711406
   vertex 0.0129782 -0.010668 0
  endloop
 endfacet
 facet normal -0.63858 0.580432 -0.505286
  outer loop
   vertex 0.0118403 -0.0113459 0.000694809
   vertex 0.0124176 -0.0106963 0.000711406
   vertex 0.0124258 -0.0113066 0
  endloop
 endfacet
 facet normal -0.686977 0.532881 -0.494066
  outer loop
   vertex 0.0129782 -0.010668 0
   vertex 0.0129738 -0.00999696 0.000729938
   vertex 0.0135604 -0.00991744 0
  endloop
 endfacet
 facet normal -0.668827 0.545259 -0.505335
  outer loop
   vertex 0.0124176 -0.0106963 0.000711406
   vertex 0.0129738 -0.00999696 0.000729938
   vertex 0.0129782 -0.010668 0
  endloop
 endfacet
 facet normal -0.717118 0.492306 -0.493332
  outer loop
   vertex 0.0135604 -0.00991744 0
   vertex 0.0135237 -0.00923999 0.000729337
   vertex 0.0141279 -0.00909084 0
  endloop
 endfacet
 facet normal -0.698073 0.506787 -0.505826
  outer loop
   vertex 0.0129738 -0.00999696 0.000729938
   vertex 0.0135237 -0.00923999 0.000729337
   vertex 0.0135604 -0.00991744 0
  endloop
 endfacet
 facet normal -0.745242 0.448671 -0.493263
  outer loop
   vertex 0.0141279 -0.00909084 0
   vertex 0.0140445 -0.00843225 0.000725025
   vertex 0.014645 -0.00823185 0
  endloop
 endfacet
 facet normal -0.726048 0.465381 -0.506235
  outer loop
   vertex 0.0135237 -0.00923999 0.000729337
   vertex 0.0140445 -0.00843225 0.000725025
   vertex 0.0141279 -0.00909084 0
  endloop
 endfacet
 facet normal -0.77067 0.403413 -0.49328
  outer loop
   vertex 0.014645 -0.00823185 0
   vertex 0.0145199 -0.00758221 0.000726781
   vertex 0.01511 -0.00734354 0
  endloop
 endfacet
 facet normal -0.752134 0.421693 -0.506428
  outer loop
   vertex 0.0140445 -0.00843225 0.000725025
   vertex 0.0145199 -0.00758221 0.000726781
   vertex 0.014645 -0.00823185 0
  endloop
 endfacet
 facet normal -0.793323 0.356702 -0.493358
  outer loop
   vertex 0.01511 -0.00734354 0
   vertex 0.0149416 -0.00670062 0.000735581
   vertex 0.0155212 -0.00642908 0
  endloop
 endfacet
 facet normal -0.775873 0.376229 -0.506431
  outer loop
   vertex 0.0145199 -0.00758221 0.000726781
   vertex 0.0149416 -0.00670062 0.000735581
   vertex 0.01511 -0.00734354 0
  endloop
 endfacet
 facet normal -0.813159 0.308724 -0.493418
  outer loop
   vertex 0.0155212 -0.00642908 0
   vertex 0.0153109 -0.00579604 0.000742579
   vertex 0.0158771 -0.00549172 0
  endloop
 endfacet
 facet normal -0.796978 0.32928 -0.506361
  outer loop
   vertex 0.0149416 -0.00670062 0.000735581
   vertex 0.0153109 -0.00579604 0.000742579
   vertex 0.0155212 -0.00642908 0
  endloop
 endfacet
 facet normal -0.830142 0.259672 -0.493391
  outer loop
   vertex 0.0158771 -0.00549172 0
   vertex 0.0156309 -0.004873 0.000739717
   vertex 0.0161764 -0.00453479 0
  endloop
 endfacet
 facet normal -0.815242 0.281076 -0.506337
  outer loop
   vertex 0.0153109 -0.00579604 0.000742579
   vertex 0.0156309 -0.004873 0.000739717
   vertex 0.0158771 -0.00549172 0
  endloop
 endfacet
 facet normal -0.844229 0.209705 -0.493255
  outer loop
   vertex 0.0161764 -0.00453479 0
   vertex 0.0159014 -0.00393603 0.000725235
   vertex 0.0164181 -0.00356172 0
  endloop
 endfacet
 facet normal -0.830541 0.231895 -0.506385
  outer loop
   vertex 0.0156309 -0.004873 0.000739717
   vertex 0.0159014 -0.00393603 0.000725235
   vertex 0.0161764 -0.00453479 0
  endloop
 endfacet
 facet normal -0.855373 0.159002 -0.493007
  outer loop
   vertex 0.0164181 -0.00356172 0
   vertex 0.0161215 -0.00298674 0.000699957
   vertex 0.0166013 -0.00257596 0
  endloop
 endfacet
 facet normal -0.842792 0.181972 -0.506545
  outer loop
   vertex 0.0159014 -0.00393603 0.000725235
   vertex 0.0161215 -0.00298674 0.000699957
   vertex 0.0164181 -0.00356172 0
  endloop
 endfacet
 facet normal -0.863545 0.107711 -0.492634
  outer loop
   vertex 0.0166013 -0.00257596 0
   vertex 0.0162906 -0.00202682 0.000664693
   vertex 0.0167254 -0.00158102 0
  endloop
 endfacet
 facet normal -0.851961 0.131454 -0.506835
  outer loop
   vertex 0.0161215 -0.00298674 0.000699957
   vertex 0.0162906 -0.00202682 0.000664693
   vertex 0.0166013 -0.00257596 0
  endloop
 endfacet
 facet normal -0.867407 0.0600456 -0.493964
  outer loop
   vertex 0.0167254 -0.00158102 0
   vertex 0.0164293 -0.00117914 0.000568945
   vertex 0.0167838 -0.000738664 0
  endloop
 endfacet
 facet normal -0.858621 0.0832781 -0.505801
  outer loop
   vertex 0.0162906 -0.00202682 0.000664693
   vertex 0.0164293 -0.00117914 0.000568945
   vertex 0.0167254 -0.00158102 0
  endloop
 endfacet
 facet normal -0.868596 0.0191069 -0.495153
  outer loop
   vertex 0.0165293 -0.000514191 0.000454984
   vertex 0.0168 0 0
   vertex 0.0167838 -0.000738664 0
  endloop
 endfacet
 facet normal -0.865904 0.0166086 -0.499935
  outer loop
   vertex 0.0164435 0 0.0006175
   vertex 0.0162109 -0.00062204 0.000999737
   vertex 0.0160457 0 0.0013065
  endloop
 endfacet
 facet normal -0.865895 0.0172343 -0.499928
  outer loop
   vertex 0.0160457 0 0.0013065
   vertex 0.015847 -0.000630955 0.00162894
   vertex 0.0156704 0 0.0019565
  endloop
 endfacet
 facet normal -0.86563 0.0169102 -0.500399
  outer loop
   vertex 0.0162109 -0.00062204 0.000999737
   vertex 0.015847 -0.000630955 0.00162894
   vertex 0.0160457 0 0.0013065
  endloop
 endfacet
 facet normal -0.865898 0.0173636 -0.49992
  outer loop
   vertex 0.0156704 0 0.0019565
   vertex 0.0154623 -0.000620489 0.00229534
   vertex 0.0152576 0 0.0026715
  endloop
 endfacet
 facet normal -0.865844 0.0172935 -0.500015
  outer loop
   vertex 0.015847 -0.000630955 0.00162894
   vertex 0.0154623 -0.000620489 0.00229534
   vertex 0.0156704 0 0.0019565
  endloop
 endfacet
 facet normal -0.865863 0.0192405 -0.499911
  outer loop
   vertex 0.0152576 0 0.0026715
   vertex 0.0150879 -0.000670789 0.00293957
   vertex 0.0148973 0 0.0032955
  endloop
 endfacet
 facet normal -0.86507 0.0184805 -0.501311
  outer loop
   vertex 0.0154623 -0.000620489 0.00229534
   vertex 0.0150879 -0.000670789 0.00293957
   vertex 0.0152576 0 0.0026715
  endloop
 endfacet
 facet normal -0.86584 0.0208613 -0.499886
  outer loop
   vertex 0.0148973 0 0.0032955
   vertex 0.0146975 -0.000708639 0.00361206
   vertex 0.0145258 0 0.003939
  endloop
 endfacet
 facet normal -0.865132 0.0201009 -0.501142
  outer loop
   vertex 0.0150879 -0.000670789 0.00293957
   vertex 0.0146975 -0.000708639 0.00361206
   vertex 0.0148973 0 0.0032955
  endloop
 endfacet
 facet normal -0.865834 0.0211019 -0.499887
  outer loop
   vertex 0.0145258 0 0.003939
   vertex 0.014343 -0.000699318 0.00422612
   vertex 0.014158 0 0.004576
  endloop
 endfacet
 facet normal -0.865717 0.0209864 -0.500093
  outer loop
   vertex 0.0146975 -0.000708639 0.00361206
   vertex 0.014343 -0.000699318 0.00422612
   vertex 0.0145258 0 0.003939
  endloop
 endfacet
 facet normal -0.865815 0.0218147 -0.499889
  outer loop
   vertex 0.014158 0 0.004576
   vertex 0.0139793 -0.000704752 0.00485479
   vertex 0.0137903 0 0.005213
  endloop
 endfacet
 facet normal -0.865479 0.0214944 -0.500484
  outer loop
   vertex 0.014343 -0.000699318 0.00422612
   vertex 0.0139793 -0.000704752 0.00485479
   vertex 0.014158 0 0.004576
  endloop
 endfacet
 facet normal -0.865818 0.0220783 -0.499872
  outer loop
   vertex 0.0137903 0 0.005213
   vertex 0.0136558 -0.000696787 0.00541514
   vertex 0.0134037 0 0.0058825
  endloop
 endfacet
 facet normal -0.865672 0.0219754 -0.50013
  outer loop
   vertex 0.0139793 -0.000704752 0.00485479
   vertex 0.0136558 -0.000696787 0.00541514
   vertex 0.0137903 0 0.005213
  endloop
 endfacet
 facet normal 0.864868 0.0224371 -0.501497
  outer loop
   vertex -0.0130264 -0.00073741 0.0065
   vertex -0.0135621 -0.000680945 0.00557862
   vertex -0.013445 0 0.005811
  endloop
 endfacet
 facet normal -0.872911 0.0401432 -0.486225
  outer loop
   vertex 0.0134037 0 0.0058825
   vertex 0.0133281 -0.0012124 0.00591818
   vertex 0.013024 -0.00077833 0.0065
  endloop
 endfacet
 facet normal 0.863362 0.0559791 -0.50147
  outer loop
   vertex -0.0167788 -0.000844105 0
   vertex -0.0162753 -0.0007046 0.000882414
   vertex -0.0164223 -0.00138108 0.000553881
  endloop
 endfacet
 facet normal -0.865949 0.0134681 -0.499951
  outer loop
   vertex 0.0168 0 0
   vertex 0.0165293 -0.000514191 0.000454984
   vertex 0.0164435 0 0.0006175
  endloop
 endfacet
 facet normal 0.864399 0.0645967 -0.49864
  outer loop
   vertex -0.0130264 -0.00073741 0.0065
   vertex -0.0133264 -0.00129678 0.0059075
   vertex -0.0135621 -0.000680945 0.00557862
  endloop
 endfacet
 facet normal 0.867047 0.0197034 -0.497837
  outer loop
   vertex -0.0164285 0 0.0006435
   vertex -0.0162753 -0.0007046 0.000882414
   vertex -0.0167788 -0.000844105 0
  endloop
 endfacet
 facet normal 0.844269 0.169606 -0.508374
  outer loop
   vertex -0.0130847 -0.00313279 0.00579459
   vertex -0.013592 -0.00264607 0.00511452
   vertex -0.0132601 -0.00214647 0.00583231
  endloop
 endfacet
 facet normal 0.856264 0.111396 -0.504384
  outer loop
   vertex -0.0132601 -0.00214647 0.00583231
   vertex -0.0137044 -0.00152845 0.00521452
   vertex -0.0133264 -0.00129678 0.0059075
  endloop
 endfacet
 facet normal 0.862187 0.130555 -0.489477
  outer loop
   vertex -0.013592 -0.00264607 0.00511452
   vertex -0.0137044 -0.00152845 0.00521452
   vertex -0.0132601 -0.00214647 0.00583231
  endloop
 endfacet
 facet normal 0.807918 0.296892 -0.509041
  outer loop
   vertex -0.0124446 -0.00513565 0.00578043
   vertex -0.0130259 -0.0048145 0.00504521
   vertex -0.0128103 -0.00414622 0.00577712
  endloop
 endfacet
 facet normal 0.782279 0.358986 -0.509086
  outer loop
   vertex -0.0120004 -0.00608661 0.00579246
   vertex -0.0125899 -0.00583043 0.00506725
   vertex -0.0124446 -0.00513565 0.00578043
  endloop
 endfacet
 facet normal 0.804842 0.334751 -0.490073
  outer loop
   vertex -0.0125899 -0.00583043 0.00506725
   vertex -0.0130259 -0.0048145 0.00504521
   vertex -0.0124446 -0.00513565 0.00578043
  endloop
 endfacet
 facet normal 0.751856 0.418851 -0.509191
  outer loop
   vertex -0.0114883 -0.00700054 0.00579681
   vertex -0.0120918 -0.00678313 0.00508454
   vertex -0.0120004 -0.00608661 0.00579246
  endloop
 endfacet
 facet normal 0.775867 0.396741 -0.490537
  outer loop
   vertex -0.0120918 -0.00678313 0.00508454
   vertex -0.0125899 -0.00583043 0.00506725
   vertex -0.0120004 -0.00608661 0.00579246
  endloop
 endfacet
 facet normal 0.717146 0.475991 -0.509052
  outer loop
   vertex -0.0109167 -0.00786794 0.00579101
   vertex -0.0115349 -0.00769356 0.00508323
   vertex -0.0114883 -0.00700054 0.00579681
  endloop
 endfacet
 facet normal 0.743015 0.455246 -0.490591
  outer loop
   vertex -0.0115349 -0.00769356 0.00508323
   vertex -0.0120918 -0.00678313 0.00508454
   vertex -0.0114883 -0.00700054 0.00579681
  endloop
 endfacet
 facet normal 0.678462 0.529889 -0.508829
  outer loop
   vertex -0.0102809 -0.00868587 0.00578706
   vertex -0.0109184 -0.0085637 0.00506426
   vertex -0.0109167 -0.00786794 0.00579101
  endloop
 endfacet
 facet normal 0.705908 0.510837 -0.490652
  outer loop
   vertex -0.0109184 -0.0085637 0.00506426
   vertex -0.0115349 -0.00769356 0.00508323
   vertex -0.0109167 -0.00786794 0.00579101
  endloop
 endfacet
 facet normal 0.635695 0.580514 -0.508819
  outer loop
   vertex -0.0095821 -0.00945228 0.00578565
   vertex -0.0102285 -0.00938143 0.00505892
   vertex -0.0102809 -0.00868587 0.00578706
  endloop
 endfacet
 facet normal 0.6644 0.563717 -0.490709
  outer loop
   vertex -0.0102285 -0.00938143 0.00505892
   vertex -0.0109184 -0.0085637 0.00506426
   vertex -0.0102809 -0.00868587 0.00578706
  endloop
 endfacet
 facet normal 0.589037 0.627706 -0.50894
  outer loop
   vertex -0.00882064 -0.0101618 0.00579187
   vertex -0.0094659 -0.0101432 0.00506801
   vertex -0.0095821 -0.00945228 0.00578565
  endloop
 endfacet
 facet normal 0.618769 0.613593 -0.490539
  outer loop
   vertex -0.0094659 -0.0101432 0.00506801
   vertex -0.0102285 -0.00938143 0.00505892
   vertex -0.0095821 -0.00945228 0.00578565
  endloop
 endfacet
 facet normal 0.538579 0.671391 -0.509084
  outer loop
   vertex -0.00800337 -0.0108137 0.00579671
   vertex -0.0086479 -0.0108414 0.00507829
   vertex -0.00882064 -0.0101618 0.00579187
  endloop
 endfacet
 facet normal 0.569318 0.659733 -0.490539
  outer loop
   vertex -0.0086479 -0.0108414 0.00507829
   vertex -0.0094659 -0.0101432 0.00506801
   vertex -0.00882064 -0.0101618 0.00579187
  endloop
 endfacet
 facet normal 0.484913 0.711115 -0.509093
  outer loop
   vertex -0.00714354 -0.0113995 0.0057975
   vertex -0.00778236 -0.0114718 0.00508794
   vertex -0.00800337 -0.0108137 0.00579671
  endloop
 endfacet
 facet normal 0.516603 0.701777 -0.490541
  outer loop
   vertex -0.00778236 -0.0114718 0.00508794
   vertex -0.0086479 -0.0108414 0.00507829
   vertex -0.00800337 -0.0108137 0.00579671
  endloop
 endfacet
 facet normal 0.428492 0.746465 -0.509102
  outer loop
   vertex -0.00624035 -0.011917 0.00579882
   vertex -0.00687015 -0.0120393 0.00508942
   vertex -0.00714354 -0.0113995 0.0057975
  endloop
 endfacet
 facet normal 0.460924 0.73963 -0.490404
  outer loop
   vertex -0.00687015 -0.0120393 0.00508942
   vertex -0.00778236 -0.0114718 0.00508794
   vertex -0.00714354 -0.0113995 0.0057975
  endloop
 endfacet
 facet normal 0.369356 0.777417 -0.509116
  outer loop
   vertex -0.00529666 -0.0123657 0.0057983
   vertex -0.00592027 -0.0125369 0.00508452
   vertex -0.00624035 -0.011917 0.00579882
  endloop
 endfacet
 facet normal 0.40237 0.772996 -0.490485
  outer loop
   vertex -0.00592027 -0.0125369 0.00508452
   vertex -0.00687015 -0.0120393 0.00508942
   vertex -0.00624035 -0.011917 0.00579882
  endloop
 endfacet
 facet normal 0.308015 0.80371 -0.509095
  outer loop
   vertex -0.00432501 -0.0127388 0.0057972
   vertex -0.00493172 -0.0129558 0.00508758
   vertex -0.00529666 -0.0123657 0.0057983
  endloop
 endfacet
 facet normal 0.341298 0.80185 -0.490461
  outer loop
   vertex -0.00493172 -0.0129558 0.00508758
   vertex -0.00592027 -0.0125369 0.00508452
   vertex -0.00529666 -0.0123657 0.0057983
  endloop
 endfacet
 facet normal 0.244988 0.82511 -0.509092
  outer loop
   vertex -0.00332665 -0.013034 0.00579921
   vertex -0.00391023 -0.0132992 0.00508854
   vertex -0.00432501 -0.0127388 0.0057972
  endloop
 endfacet
 facet normal 0.27814 0.82595 -0.490352
  outer loop
   vertex -0.00391023 -0.0132992 0.00508854
   vertex -0.00493172 -0.0129558 0.00508758
   vertex -0.00432501 -0.0127388 0.0057972
  endloop
 endfacet
 facet normal 0.180378 0.841599 -0.509092
  outer loop
   vertex -0.00230625 -0.0132515 0.0058011
   vertex -0.00287033 -0.0135628 0.00508674
   vertex -0.00332665 -0.013034 0.00579921
  endloop
 endfacet
 facet normal 0.21331 0.844943 -0.49048
  outer loop
   vertex -0.00287033 -0.0135628 0.00508674
   vertex -0.00391023 -0.0132992 0.00508854
   vertex -0.00332665 -0.013034 0.00579921
  endloop
 endfacet
 facet normal 0.114795 0.853029 -0.509081
  outer loop
   vertex -0.00127796 -0.0133887 0.00580322
   vertex -0.00181677 -0.0137384 0.00509576
   vertex -0.00230625 -0.0132515 0.0058011
  endloop
 endfacet
 facet normal 0.147341 0.858877 -0.490531
  outer loop
   vertex -0.00181677 -0.0137384 0.00509576
   vertex -0.00287033 -0.0135628 0.00508674
   vertex -0.00230625 -0.0132515 0.0058011
  endloop
 endfacet
 facet normal 0.0486597 0.85928 -0.509186
  outer loop
   vertex -0.00024117 -0.0134462 0.00580523
   vertex -0.000754561 -0.0138324 0.00510435
   vertex -0.00127796 -0.0133887 0.00580322
  endloop
 endfacet
 facet normal 0.0808138 0.86771 -0.490458
  outer loop
   vertex -0.000754561 -0.0138324 0.00510435
   vertex -0.00181677 -0.0137384 0.00509576
   vertex -0.00127796 -0.0133887 0.00580322
  endloop
 endfacet
 facet normal -0.0179617 0.860477 -0.509173
  outer loop
   vertex 0.000800771 -0.0134269 0.00580114
   vertex 0.000311591 -0.0138542 0.00509627
   vertex -0.00024117 -0.0134462 0.00580523
  endloop
 endfacet
 facet normal 0.01404 0.871342 -0.490475
  outer loop
   vertex 0.000311591 -0.0138542 0.00509627
   vertex -0.000754561 -0.0138324 0.00510435
   vertex -0.00024117 -0.0134462 0.00580523
  endloop
 endfacet
 facet normal -0.0843322 0.856637 -0.50898
  outer loop
   vertex 0.00183164 -0.0133278 0.00579706
   vertex 0.00137585 -0.0137955 0.00508541
   vertex 0.000800771 -0.0134269 0.00580114
  endloop
 endfacet
 facet normal -0.0529491 0.869805 -0.490547
  outer loop
   vertex 0.00137585 -0.0137955 0.00508541
   vertex 0.000311591 -0.0138542 0.00509627
   vertex 0.000800771 -0.0134269 0.00580114
  endloop
 endfacet
 facet normal -0.149914 0.8476 -0.50902
  outer loop
   vertex 0.00285142 -0.0131462 0.00579912
   vertex 0.00243278 -0.0136477 0.00508727
   vertex 0.00183164 -0.0133278 0.00579706
  endloop
 endfacet
 facet normal -0.119813 0.863146 -0.490534
  outer loop
   vertex 0.00243278 -0.0136477 0.00508727
   vertex 0.00137585 -0.0137955 0.00508541
   vertex 0.00183164 -0.0133278 0.00579706
  endloop
 endfacet
 facet normal -0.214664 0.83357 -0.508999
  outer loop
   vertex 0.00385287 -0.0128889 0.00579812
   vertex 0.00347803 -0.0134188 0.00508844
   vertex 0.00285142 -0.0131462 0.00579912
  endloop
 endfacet
 facet normal -0.185933 0.851376 -0.490497
  outer loop
   vertex 0.00347803 -0.0134188 0.00508844
   vertex 0.00243278 -0.0136477 0.00508727
   vertex 0.00285142 -0.0131462 0.00579912
  endloop
 endfacet
 facet normal -0.277893 0.814738 -0.508898
  outer loop
   vertex 0.004827 -0.0125539 0.00580257
   vertex 0.004494 -0.0131142 0.0050874
   vertex 0.00385287 -0.0128889 0.00579812
  endloop
 endfacet
 facet normal -0.250722 0.834505 -0.490652
  outer loop
   vertex 0.004494 -0.0131142 0.0050874
   vertex 0.00347803 -0.0134188 0.00508844
   vertex 0.00385287 -0.0128889 0.00579812
  endloop
 endfacet
 facet normal -0.339428 0.791025 -0.508987
  outer loop
   vertex 0.00577305 -0.0121453 0.00580668
   vertex 0.0054717 -0.0127309 0.0050975
   vertex 0.004827 -0.0125539 0.00580257
  endloop
 endfacet
 facet normal -0.313568 0.812874 -0.490827
  outer loop
   vertex 0.0054717 -0.0127309 0.0050975
   vertex 0.004494 -0.0131142 0.0050874
   vertex 0.004827 -0.0125539 0.00580257
  endloop
 endfacet
 facet normal -0.398767 0.762932 -0.508842
  outer loop
   vertex 0.00667608 -0.0116749 0.00580428
   vertex 0.00640903 -0.0122814 0.00510414
   vertex 0.00577305 -0.0121453 0.00580668
  endloop
 endfacet
 facet normal -0.373864 0.786894 -0.490942
  outer loop
   vertex 0.00640903 -0.0122814 0.00510414
   vertex 0.0054717 -0.0127309 0.0050975
   vertex 0.00577305 -0.0121453 0.00580668
  endloop
 endfacet
 facet normal -0.455024 0.731063 -0.508429
  outer loop
   vertex 0.00752748 -0.0111472 0.00580104
   vertex 0.00730069 -0.0117814 0.00509206
   vertex 0.00667608 -0.0116749 0.00580428
  endloop
 endfacet
 facet normal -0.431056 0.756865 -0.49127
  outer loop
   vertex 0.00730069 -0.0117814 0.00509206
   vertex 0.00640903 -0.0122814 0.00510414
   vertex 0.00667608 -0.0116749 0.00580428
  endloop
 endfacet
 facet normal -0.507213 0.696566 -0.507474
  outer loop
   vertex 0.0082986 -0.0105916 0.00579292
   vertex 0.00813454 -0.0112327 0.005077
   vertex 0.00752748 -0.0111472 0.00580104
  endloop
 endfacet
 facet normal -0.484835 0.723197 -0.491855
  outer loop
   vertex 0.00813454 -0.0112327 0.005077
   vertex 0.00730069 -0.0117814 0.00509206
   vertex 0.00752748 -0.0111472 0.00580104
  endloop
 endfacet
 facet normal -0.554182 0.660389 -0.506723
  outer loop
   vertex 0.00899041 -0.0100099 0.0057944
   vertex 0.00890862 -0.0106376 0.00506583
   vertex 0.0082986 -0.0105916 0.00579292
  endloop
 endfacet
 facet normal -0.534954 0.686667 -0.492253
  outer loop
   vertex 0.00890862 -0.0106376 0.00506583
   vertex 0.00813454 -0.0112327 0.005077
   vertex 0.0082986 -0.0105916 0.00579292
  endloop
 endfacet
 facet normal -0.597017 0.622071 -0.506556
  outer loop
   vertex 0.00963206 -0.00939395 0.00579462
   vertex 0.00962079 -0.00999266 0.00507266
   vertex 0.00899041 -0.0100099 0.0057944
  endloop
 endfacet
 facet normal -0.581609 0.647444 -0.492491
  outer loop
   vertex 0.00962079 -0.00999266 0.00507266
   vertex 0.00890862 -0.0106376 0.00506583
   vertex 0.00899041 -0.0100099 0.0057944
  endloop
 endfacet
 facet normal -0.637424 0.579977 -0.507265
  outer loop
   vertex 0.0102583 -0.00870218 0.00579863
   vertex 0.0102862 -0.00929488 0.00508587
   vertex 0.00963206 -0.00939395 0.00579462
  endloop
 endfacet
 facet normal -0.625193 0.605535 -0.492403
  outer loop
   vertex 0.0102862 -0.00929488 0.00508587
   vertex 0.00962079 -0.00999266 0.00507266
   vertex 0.00963206 -0.00939395 0.00579462
  endloop
 endfacet
 facet normal -0.676531 0.533158 -0.507985
  outer loop
   vertex 0.0108575 -0.00793592 0.00580489
   vertex 0.0109158 -0.00853299 0.00510048
   vertex 0.0102583 -0.00870218 0.00579863
  endloop
 endfacet
 facet normal -0.666462 0.560191 -0.49195
  outer loop
   vertex 0.0109158 -0.00853299 0.00510048
   vertex 0.0102862 -0.00929488 0.00508587
   vertex 0.0102583 -0.00870218 0.00579863
  endloop
 endfacet
 facet normal -0.713714 0.481657 -0.508547
  outer loop
   vertex 0.0114219 -0.00709934 0.00580513
   vertex 0.0115131 -0.00771013 0.00509862
   vertex 0.0108575 -0.00793592 0.00580489
  endloop
 endfacet
 facet normal -0.70535 0.510837 -0.491454
  outer loop
   vertex 0.0115131 -0.00771013 0.00509862
   vertex 0.0109158 -0.00853299 0.00510048
   vertex 0.0108575 -0.00793592 0.00580489
  endloop
 endfacet
 facet normal -0.747968 0.426182 -0.508835
  outer loop
   vertex 0.0119304 -0.0062066 0.00580535
   vertex 0.0120605 -0.00682794 0.00509365
   vertex 0.0114219 -0.00709934 0.00580513
  endloop
 endfacet
 facet normal -0.741419 0.457315 -0.49108
  outer loop
   vertex 0.0120605 -0.00682794 0.00509365
   vertex 0.0115131 -0.00771013 0.00509862
   vertex 0.0114219 -0.00709934 0.00580513
  endloop
 endfacet
 facet normal -0.778262 0.367719 -0.509009
  outer loop
   vertex 0.0123696 -0.00527397 0.00580759
   vertex 0.0125387 -0.00589227 0.00510234
   vertex 0.0119304 -0.0062066 0.00580535
  endloop
 endfacet
 facet normal -0.773966 0.400097 -0.490815
  outer loop
   vertex 0.0125387 -0.00589227 0.00510234
   vertex 0.0120605 -0.00682794 0.00509365
   vertex 0.0119304 -0.0062066 0.00580535
  endloop
 endfacet
 facet normal -0.804081 0.306722 -0.509288
  outer loop
   vertex 0.0127383 -0.00430241 0.00581056
   vertex 0.0129463 -0.00491327 0.00511434
   vertex 0.0123696 -0.00527397 0.00580759
  endloop
 endfacet
 facet normal -0.802352 0.340036 -0.490517
  outer loop
   vertex 0.0129463 -0.00491327 0.00511434
   vertex 0.0125387 -0.00589227 0.00510234
   vertex 0.0123696 -0.00527397 0.00580759
  endloop
 endfacet
 facet normal -0.825397 0.243193 -0.509487
  outer loop
   vertex 0.0130393 -0.00329519 0.00580368
   vertex 0.01329 -0.00389568 0.00511089
   vertex 0.0127383 -0.00430241 0.00581056
  endloop
 endfacet
 facet normal -0.826247 0.277462 -0.490236
  outer loop
   vertex 0.01329 -0.00389568 0.00511089
   vertex 0.0129463 -0.00491327 0.00511434
   vertex 0.0127383 -0.00430241 0.00581056
  endloop
 endfacet
 facet normal -0.842001 0.177863 -0.509312
  outer loop
   vertex 0.0132512 -0.00225342 0.00581724
   vertex 0.0135722 -0.00280934 0.00509242
   vertex 0.0130393 -0.00329519 0.00580368
  endloop
 endfacet
 facet normal -0.846036 0.211417 -0.489414
  outer loop
   vertex 0.0135722 -0.00280934 0.00509242
   vertex 0.01329 -0.00389568 0.00511089
   vertex 0.0130393 -0.00329519 0.00580368
  endloop
 endfacet
 facet normal -0.85389 0.112376 -0.508177
  outer loop
   vertex 0.0133281 -0.0012124 0.00591818
   vertex 0.0137256 -0.00162796 0.0051584
   vertex 0.0132512 -0.00225342 0.00581724
  endloop
 endfacet
 facet normal -0.861531 0.139146 -0.488266
  outer loop
   vertex 0.0137256 -0.00162796 0.0051584
   vertex 0.0135722 -0.00280934 0.00509242
   vertex 0.0132512 -0.00225342 0.00581724
  endloop
 endfacet
 facet normal 0.862131 0.0572066 -0.503446
  outer loop
   vertex -0.0162753 -0.0007046 0.000882414
   vertex -0.0160284 -0.00150682 0.00121401
   vertex -0.0164223 -0.00138108 0.000553881
  endloop
 endfacet
 facet normal 0.864557 0.0598058 -0.498964
  outer loop
   vertex -0.015858 -0.000727432 0.00160268
   vertex -0.0160284 -0.00150682 0.00121401
   vertex -0.0162753 -0.0007046 0.000882414
  endloop
 endfacet
 facet normal 0.864373 0.0597024 -0.499295
  outer loop
   vertex -0.0139534 -0.000673504 0.00490235
   vertex -0.0140904 -0.00128159 0.00459238
   vertex -0.0143408 -0.000662391 0.00423302
  endloop
 endfacet
 facet normal 0.863588 0.0625843 -0.500299
  outer loop
   vertex -0.0143408 -0.000662391 0.00423302
   vertex -0.0144338 -0.00142002 0.00397766
   vertex -0.0147037 -0.000695633 0.00360249
  endloop
 endfacet
 facet normal 0.865442 0.0613262 -0.497242
  outer loop
   vertex -0.0140904 -0.00128159 0.00459238
   vertex -0.0144338 -0.00142002 0.00397766
   vertex -0.0143408 -0.000662391 0.00423302
  endloop
 endfacet
 facet normal 0.863611 0.0634762 -0.500147
  outer loop
   vertex -0.0147037 -0.000695633 0.00360249
   vertex -0.0148163 -0.00147386 0.00330917
   vertex -0.0150837 -0.000724348 0.00294252
  endloop
 endfacet
 facet normal 0.864018 0.0631671 -0.499483
  outer loop
   vertex -0.0144338 -0.00142002 0.00397766
   vertex -0.0148163 -0.00147386 0.00330917
   vertex -0.0147037 -0.000695633 0.00360249
  endloop
 endfacet
 facet normal 0.863924 0.0630014 -0.499666
  outer loop
   vertex -0.0150837 -0.000724348 0.00294252
   vertex -0.0152115 -0.00149369 0.00262466
   vertex -0.0154708 -0.000733741 0.0022722
  endloop
 endfacet
 facet normal 0.86351 0.0633473 -0.500337
  outer loop
   vertex -0.0148163 -0.00147386 0.00330917
   vertex -0.0152115 -0.00149369 0.00262466
   vertex -0.0150837 -0.000724348 0.00294252
  endloop
 endfacet
 facet normal 0.864201 0.0622477 -0.499282
  outer loop
   vertex -0.0154708 -0.000733741 0.0022722
   vertex -0.0156334 -0.00152596 0.00189192
   vertex -0.015858 -0.000727432 0.00160268
  endloop
 endfacet
 facet normal 0.863703 0.0627337 -0.500081
  outer loop
   vertex -0.0152115 -0.00149369 0.00262466
   vertex -0.0156334 -0.00152596 0.00189192
   vertex -0.0154708 -0.000733741 0.0022722
  endloop
 endfacet
 facet normal 0.862754 0.0951791 -0.496585
  outer loop
   vertex -0.0164223 -0.00138108 0.000553881
   vertex -0.0160284 -0.00150682 0.00121401
   vertex -0.0162675 -0.00220099 0.000665574
  endloop
 endfacet
 facet normal 0.866253 0.0672165 -0.495064
  outer loop
   vertex -0.0133264 -0.00129678 0.0059075
   vertex -0.0137044 -0.00152845 0.00521452
   vertex -0.0135621 -0.000680945 0.00557862
  endloop
 endfacet
 facet normal -0.862689 0.0434603 -0.503865
  outer loop
   vertex 0.0164293 -0.00117914 0.000568945
   vertex 0.0165293 -0.000514191 0.000454984
   vertex 0.0167838 -0.000738664 0
  endloop
 endfacet
 facet normal 0.857435 0.141479 -0.494761
  outer loop
   vertex -0.0162675 -0.00220099 0.000665574
   vertex -0.0157844 -0.00244616 0.00143266
   vertex -0.0160929 -0.00312749 0.00070319
  endloop
 endfacet
 facet normal 0.848871 0.191458 -0.492709
  outer loop
   vertex -0.0160929 -0.00312749 0.00070319
   vertex -0.0156249 -0.00351194 0.0013601
   vertex -0.0158802 -0.00408655 0.000696967
  endloop
 endfacet
 facet normal 0.845941 0.161207 -0.508327
  outer loop
   vertex -0.0157844 -0.00244616 0.00143266
   vertex -0.0156249 -0.00351194 0.0013601
   vertex -0.0160929 -0.00312749 0.00070319
  endloop
 endfacet
 facet normal 0.835551 0.241667 -0.493408
  outer loop
   vertex -0.0158802 -0.00408655 0.000696967
   vertex -0.0153629 -0.00441837 0.00141059
   vertex -0.0156039 -0.00501459 0.000710437
  endloop
 endfacet
 facet normal 0.835434 0.213337 -0.506495
  outer loop
   vertex -0.0156249 -0.00351194 0.0013601
   vertex -0.0153629 -0.00441837 0.00141059
   vertex -0.0158802 -0.00408655 0.000696967
  endloop
 endfacet
 facet normal 0.819822 0.290244 -0.49361
  outer loop
   vertex -0.0156039 -0.00501459 0.000710437
   vertex -0.0150691 -0.00530416 0.00142837
   vertex -0.0152825 -0.00591976 0.000711866
  endloop
 endfacet
 facet normal 0.82157 0.262313 -0.506177
  outer loop
   vertex -0.0153629 -0.00441837 0.00141059
   vertex -0.0150691 -0.00530416 0.00142837
   vertex -0.0156039 -0.00501459 0.000710437
  endloop
 endfacet
 facet normal 0.801493 0.337494 -0.493666
  outer loop
   vertex -0.0152825 -0.00591976 0.000711866
   vertex -0.0147436 -0.00616715 0.00141773
   vertex -0.0149155 -0.00679723 0.00070797
  endloop
 endfacet
 facet normal 0.80496 0.309829 -0.506009
  outer loop
   vertex -0.0150691 -0.00530416 0.00142837
   vertex -0.0147436 -0.00616715 0.00141773
   vertex -0.0152825 -0.00591976 0.000711866
  endloop
 endfacet
 facet normal 0.780669 0.382774 -0.494004
  outer loop
   vertex -0.0149155 -0.00679723 0.00070797
   vertex -0.0143732 -0.006992 0.00141391
   vertex -0.0145074 -0.00762939 0.000708002
  endloop
 endfacet
 facet normal 0.786107 0.355311 -0.505757
  outer loop
   vertex -0.0147436 -0.00616715 0.00141773
   vertex -0.0143732 -0.006992 0.00141391
   vertex -0.0149155 -0.00679723 0.00070797
  endloop
 endfacet
 facet normal 0.757977 0.425201 -0.494646
  outer loop
   vertex -0.0145074 -0.00762939 0.000708002
   vertex -0.0139627 -0.00776376 0.00142727
   vertex -0.0140722 -0.00840166 0.000711132
  endloop
 endfacet
 facet normal 0.765439 0.398479 -0.505289
  outer loop
   vertex -0.0143732 -0.006992 0.00141391
   vertex -0.0139627 -0.00776376 0.00142727
   vertex -0.0145074 -0.00762939 0.000708002
  endloop
 endfacet
 facet normal 0.734225 0.464393 -0.49523
  outer loop
   vertex -0.0140722 -0.00840166 0.000711132
   vertex -0.0135318 -0.00848302 0.00143589
   vertex -0.0136248 -0.00912012 0.000700707
  endloop
 endfacet
 facet normal 0.743225 0.439108 -0.504778
  outer loop
   vertex -0.0139627 -0.00776376 0.00142727
   vertex -0.0135318 -0.00848302 0.00143589
   vertex -0.0140722 -0.00840166 0.000711132
  endloop
 endfacet
 facet normal 0.709629 0.50088 -0.495525
  outer loop
   vertex -0.0136248 -0.00912012 0.000700707
   vertex -0.0130923 -0.00916625 0.00141666
   vertex -0.0131608 -0.0097905 0.00068749
  endloop
 endfacet
 facet normal 0.719594 0.477181 -0.504463
  outer loop
   vertex -0.0135318 -0.00848302 0.00143589
   vertex -0.0130923 -0.00916625 0.00141666
   vertex -0.0136248 -0.00912012 0.000700707
  endloop
 endfacet
 facet normal 0.683999 0.535358 -0.495518
  outer loop
   vertex -0.0131608 -0.0097905 0.00068749
   vertex -0.0126286 -0.00981784 0.00139259
   vertex -0.0126676 -0.0104282 0.000679457
  endloop
 endfacet
 facet normal 0.694624 0.512904 -0.504408
  outer loop
   vertex -0.0130923 -0.00916625 0.00141666
   vertex -0.0126286 -0.00981784 0.00139259
   vertex -0.0131608 -0.0097905 0.00068749
  endloop
 endfacet
 facet normal 0.656921 0.568224 -0.495556
  outer loop
   vertex -0.0126676 -0.0104282 0.000679457
   vertex -0.0121335 -0.0104302 0.00138501
   vertex -0.0121445 -0.0110342 0.000677891
  endloop
 endfacet
 facet normal 0.668439 0.546656 -0.504337
  outer loop
   vertex -0.0126286 -0.00981784 0.00139259
   vertex -0.0121335 -0.0104302 0.00138501
   vertex -0.0126676 -0.0104282 0.000679457
  endloop
 endfacet
 facet normal 0.628475 0.599486 -0.495617
  outer loop
   vertex -0.0121445 -0.0110342 0.000677891
   vertex -0.011605 -0.0110117 0.00138922
   vertex -0.0115949 -0.0116106 0.000677682
  endloop
 endfacet
 facet normal 0.640824 0.578789 -0.504329
  outer loop
   vertex -0.0121335 -0.0104302 0.00138501
   vertex -0.011605 -0.0110117 0.00138922
   vertex -0.0121445 -0.0110342 0.000677891
  endloop
 endfacet
 facet normal 0.598602 0.629266 -0.495681
  outer loop
   vertex -0.0115949 -0.0116106 0.000677682
   vertex -0.0110415 -0.0115648 0.00140409
   vertex -0.0110173 -0.012159 0.00067898
  endloop
 endfacet
 facet normal 0.611604 0.609571 -0.504345
  outer loop
   vertex -0.011605 -0.0110117 0.00138922
   vertex -0.0110415 -0.0115648 0.00140409
   vertex -0.0115949 -0.0116106 0.000677682
  endloop
 endfacet
 facet normal 0.56688 0.658213 -0.495381
  outer loop
   vertex -0.0110173 -0.012159 0.00067898
   vertex -0.0104494 -0.0120967 0.00141167
   vertex -0.010389 -0.0126911 0.000690846
  endloop
 endfacet
 facet normal 0.580588 0.639151 -0.504384
  outer loop
   vertex -0.0110415 -0.0115648 0.00140409
   vertex -0.0104494 -0.0120967 0.00141167
   vertex -0.0110173 -0.012159 0.00067898
  endloop
 endfacet
 facet normal 0.532863 0.686225 -0.495129
  outer loop
   vertex -0.010389 -0.0126911 0.000690846
   vertex -0.00980917 -0.012617 0.00141764
   vertex -0.00972246 -0.0132084 0.000691415
  endloop
 endfacet
 facet normal 0.547307 0.667592 -0.504754
  outer loop
   vertex -0.0104494 -0.0120967 0.00141167
   vertex -0.00980917 -0.012617 0.00141764
   vertex -0.010389 -0.0126911 0.000690846
  endloop
 endfacet
 facet normal 0.496547 0.712985 -0.49507
  outer loop
   vertex -0.00972246 -0.0132084 0.000691415
   vertex -0.00911993 -0.0131105 0.0014366
   vertex -0.00901517 -0.0136841 0.00071561
  endloop
 endfacet
 facet normal 0.511647 0.695163 -0.50494
  outer loop
   vertex -0.00980917 -0.012617 0.00141764
   vertex -0.00911993 -0.0131105 0.0014366
   vertex -0.00972246 -0.0132084 0.000691415
  endloop
 endfacet
 facet normal 0.457622 0.73912 -0.49425
  outer loop
   vertex -0.00901517 -0.0136841 0.00071561
   vertex -0.00838417 -0.0135824 0.00145194
   vertex -0.00823043 -0.0141656 0.000722179
  endloop
 endfacet
 facet normal 0.473317 0.721572 -0.505277
  outer loop
   vertex -0.00911993 -0.0131105 0.0014366
   vertex -0.00838417 -0.0135824 0.00145194
   vertex -0.00901517 -0.0136841 0.00071561
  endloop
 endfacet
 facet normal 0.414868 0.764268 -0.49374
  outer loop
   vertex -0.00823043 -0.0141656 0.000722179
   vertex -0.00760467 -0.0140403 0.00144192
   vertex -0.00739467 -0.0146201 0.000720832
  endloop
 endfacet
 facet normal 0.432118 0.7467 -0.50568
  outer loop
   vertex -0.00838417 -0.0135824 0.00145194
   vertex -0.00760467 -0.0140403 0.00144192
   vertex -0.00823043 -0.0141656 0.000722179
  endloop
 endfacet
 facet normal 0.369493 0.787382 -0.493462
  outer loop
   vertex -0.00739467 -0.0146201 0.000720832
   vertex -0.00677684 -0.0144637 0.0014331
   vertex -0.00651988 -0.0150298 0.000722172
  endloop
 endfacet
 facet normal 0.388441 0.770056 -0.506091
  outer loop
   vertex -0.00760467 -0.0140403 0.00144192
   vertex -0.00677684 -0.0144637 0.0014331
   vertex -0.00739467 -0.0146201 0.000720832
  endloop
 endfacet
 facet normal 0.322383 0.807782 -0.493515
  outer loop
   vertex -0.00651988 -0.0150298 0.000722172
   vertex -0.00591158 -0.0148314 0.00144433
   vertex -0.00562045 -0.0153856 0.000727395
  endloop
 endfacet
 facet normal 0.342847 0.79132 -0.506229
  outer loop
   vertex -0.00677684 -0.0144637 0.0014331
   vertex -0.00591158 -0.0148314 0.00144433
   vertex -0.00651988 -0.0150298 0.000722172
  endloop
 endfacet
 facet normal 0.274318 0.825229 -0.493707
  outer loop
   vertex -0.00562045 -0.0153856 0.000727395
   vertex -0.00502909 -0.0151452 0.00145783
   vertex -0.00470954 -0.0156866 0.000730469
  endloop
 endfacet
 facet normal 0.295801 0.810142 -0.506133
  outer loop
   vertex -0.00591158 -0.0148314 0.00144433
   vertex -0.00502909 -0.0151452 0.00145783
   vertex -0.00562045 -0.0153856 0.000727395
  endloop
 endfacet
 facet normal 0.225526 0.839959 -0.493565
  outer loop
   vertex -0.00470954 -0.0156866 0.000730469
   vertex -0.00413207 -0.0154207 0.0014468
   vertex -0.00377995 -0.0159395 0.000724733
  endloop
 endfacet
 facet normal 0.247517 0.826153 -0.506169
  outer loop
   vertex -0.00502909 -0.0151452 0.00145783
   vertex -0.00413207 -0.0154207 0.0014468
   vertex -0.00470954 -0.0156866 0.000730469
  endloop
 endfacet
 facet normal 0.175426 0.85196 -0.493345
  outer loop
   vertex -0.00377995 -0.0159395 0.000724733
   vertex -0.00321104 -0.0156441 0.00143723
   vertex -0.00282485 -0.0161354 0.000726
  endloop
 endfacet
 facet normal 0.198291 0.839235 -0.506326
  outer loop
   vertex -0.00413207 -0.0154207 0.0014468
   vertex -0.00321104 -0.0156441 0.00143723
   vertex -0.00377995 -0.0159395 0.000724733
  endloop
 endfacet
 facet normal 0.124307 0.860871 -0.493405
  outer loop
   vertex -0.00282485 -0.0161354 0.000726
   vertex -0.00227128 -0.0157996 0.00145144
   vertex -0.00185746 -0.0162708 0.000733516
  endloop
 endfacet
 facet normal 0.148237 0.849469 -0.506387
  outer loop
   vertex -0.00321104 -0.0156441 0.00143723
   vertex -0.00227128 -0.0157996 0.00145144
   vertex -0.00282485 -0.0161354 0.000726
  endloop
 endfacet
 facet normal 0.0728208 0.866663 -0.49355
  outer loop
   vertex -0.00185746 -0.0162708 0.000733516
   vertex -0.00132475 -0.0158951 0.00147196
   vertex -0.000884801 -0.0163499 0.000738199
  endloop
 endfacet
 facet normal 0.0973906 0.856851 -0.506281
  outer loop
   vertex -0.00227128 -0.0157996 0.00145144
   vertex -0.00132475 -0.0158951 0.00147196
   vertex -0.00185746 -0.0162708 0.000733516
  endloop
 endfacet
 facet normal 0.0211264 0.869462 -0.493548
  outer loop
   vertex -0.000884801 -0.0163499 0.000738199
   vertex -0.000370756 -0.015946 0.00147168
   vertex 9.10699e-05 -0.0163763 0.000733482
  endloop
 endfacet
 facet normal 0.0458536 0.86114 -0.506296
  outer loop
   vertex -0.00132475 -0.0158951 0.00147196
   vertex -0.000370756 -0.015946 0.00147168
   vertex -0.000884801 -0.0163499 0.000738199
  endloop
 endfacet
 facet normal -0.0307322 0.869263 -0.493393
  outer loop
   vertex 9.10699e-05 -0.0163763 0.000733482
   vertex 0.00058166 -0.0159518 0.00145067
   vertex 0.0010687 -0.0163463 0.000725426
  endloop
 endfacet
 facet normal -0.00588235 0.862341 -0.506295
  outer loop
   vertex -0.000370756 -0.015946 0.00147168
   vertex 0.00058166 -0.0159518 0.00145067
   vertex 9.10699e-05 -0.0163763 0.000733482
  endloop
 endfacet
 facet normal -0.0826425 0.865934 -0.493283
  outer loop
   vertex 0.0010687 -0.0163463 0.000725426
   vertex 0.0015347 -0.0158976 0.00143495
   vertex 0.00204324 -0.0162546 0.00072306
  endloop
 endfacet
 facet normal -0.0573091 0.860385 -0.506412
  outer loop
   vertex 0.00058166 -0.0159518 0.00145067
   vertex 0.0015347 -0.0158976 0.00143495
   vertex 0.0010687 -0.0163463 0.000725426
  endloop
 endfacet
 facet normal -0.134144 0.8594 -0.493393
  outer loop
   vertex 0.00204324 -0.0162546 0.00072306
   vertex 0.00247835 -0.0157736 0.00144258
   vertex 0.00300629 -0.0161024 0.000726327
  endloop
 endfacet
 facet normal -0.108323 0.855477 -0.506385
  outer loop
   vertex 0.0015347 -0.0158976 0.00143495
   vertex 0.00247835 -0.0157736 0.00144258
   vertex 0.00204324 -0.0162546 0.00072306
  endloop
 endfacet
 facet normal -0.184861 0.849841 -0.493555
  outer loop
   vertex 0.00300629 -0.0161024 0.000726327
   vertex 0.00340339 -0.0155932 0.00145449
   vertex 0.00395429 -0.0158961 0.000726428
  endloop
 endfacet
 facet normal -0.15885 0.847654 -0.506211
  outer loop
   vertex 0.00247835 -0.0157736 0.00144258
   vertex 0.00340339 -0.0155932 0.00145449
   vertex 0.00300629 -0.0161024 0.000726327
  endloop
 endfacet
 facet normal -0.234802 0.837463 -0.493482
  outer loop
   vertex 0.00395429 -0.0158961 0.000726428
   vertex 0.00431634 -0.015372 0.00144362
   vertex 0.00488781 -0.0156366 0.000722756
  endloop
 endfacet
 facet normal -0.208706 0.836799 -0.50617
  outer loop
   vertex 0.00340339 -0.0155932 0.00145449
   vertex 0.00431634 -0.015372 0.00144362
   vertex 0.00395429 -0.0158961 0.000726428
  endloop
 endfacet
 facet normal -0.283761 0.822151 -0.493505
  outer loop
   vertex 0.00488781 -0.0156366 0.000722756
   vertex 0.00521612 -0.0150959 0.00143467
   vertex 0.00579635 -0.0153214 0.00072544
  endloop
 endfacet
 facet normal -0.257581 0.823025 -0.506242
  outer loop
   vertex 0.00431634 -0.015372 0.00144362
   vertex 0.00521612 -0.0150959 0.00143467
   vertex 0.00488781 -0.0156366 0.000722756
  endloop
 endfacet
 facet normal -0.331394 0.80405 -0.493641
  outer loop
   vertex 0.00579635 -0.0153214 0.00072544
   vertex 0.00609027 -0.0147577 0.00144627
   vertex 0.00668105 -0.0149551 0.00072814
  endloop
 endfacet
 facet normal -0.305353 0.806544 -0.506208
  outer loop
   vertex 0.00521612 -0.0150959 0.00143467
   vertex 0.00609027 -0.0147577 0.00144627
   vertex 0.00579635 -0.0153214 0.00072544
  endloop
 endfacet
 facet normal -0.377782 0.783258 -0.493749
  outer loop
   vertex 0.00668105 -0.0149551 0.00072814
   vertex 0.0069338 -0.0143708 0.00146161
   vertex 0.00754418 -0.0145384 0.000728734
  endloop
 endfacet
 facet normal -0.351957 0.78746 -0.505997
  outer loop
   vertex 0.00609027 -0.0147577 0.00144627
   vertex 0.0069338 -0.0143708 0.00146161
   vertex 0.00668105 -0.0149551 0.00072814
  endloop
 endfacet
 facet normal -0.42276 0.759901 -0.493786
  outer loop
   vertex 0.00754418 -0.0145384 0.000728734
   vertex 0.00775489 -0.0139497 0.00145439
   vertex 0.00838094 -0.0140794 0.000718795
  endloop
 endfacet
 facet normal -0.397202 0.765695 -0.505907
  outer loop
   vertex 0.0069338 -0.0143708 0.00146161
   vertex 0.00775489 -0.0139497 0.00145439
   vertex 0.00754418 -0.0145384 0.000728734
  endloop
 endfacet
 facet normal -0.466106 0.734138 -0.493748
  outer loop
   vertex 0.00838094 -0.0140794 0.000718795
   vertex 0.00854535 -0.0134998 0.00142539
   vertex 0.00918617 -0.0135794 0.000702093
  endloop
 endfacet
 facet normal -0.440663 0.74161 -0.505798
  outer loop
   vertex 0.00775489 -0.0139497 0.00145439
   vertex 0.00854535 -0.0134998 0.00142539
   vertex 0.00838094 -0.0140794 0.000718795
  endloop
 endfacet
 facet normal -0.507014 0.706279 -0.494072
  outer loop
   vertex 0.00918617 -0.0135794 0.000702093
   vertex 0.00929822 -0.0130115 0.00139888
   vertex 0.00994092 -0.0130526 0.000680618
  endloop
 endfacet
 facet normal -0.481892 0.71558 -0.505693
  outer loop
   vertex 0.00854535 -0.0134998 0.00142539
   vertex 0.00929822 -0.0130115 0.00139888
   vertex 0.00918617 -0.0135794 0.000702093
  endloop
 endfacet
 facet normal -0.544451 0.677251 -0.494879
  outer loop
   vertex 0.00994092 -0.0130526 0.000680618
   vertex 0.00998933 -0.0124934 0.0013926
   vertex 0.0106189 -0.0125165 0.000668352
  endloop
 endfacet
 facet normal -0.520586 0.688313 -0.505189
  outer loop
   vertex 0.00929822 -0.0130115 0.00139888
   vertex 0.00998933 -0.0124934 0.0013926
   vertex 0.00994092 -0.0130526 0.000680618
  endloop
 endfacet
 facet normal -0.579013 0.647766 -0.495118
  outer loop
   vertex 0.0106189 -0.0125165 0.000668352
   vertex 0.010628 -0.0119538 0.00139391
   vertex 0.0112508 -0.0119504 0.000669981
  endloop
 endfacet
 facet normal -0.556509 0.659899 -0.504808
  outer loop
   vertex 0.00998933 -0.0124934 0.0013926
   vertex 0.010628 -0.0119538 0.00139391
   vertex 0.0106189 -0.0125165 0.000668352
  endloop
 endfacet
 facet normal -0.611771 0.616925 -0.495116
  outer loop
   vertex 0.0112508 -0.0119504 0.000669981
   vertex 0.0112386 -0.0113724 0.00140534
   vertex 0.0118403 -0.0113459 0.000694809
  endloop
 endfacet
 facet normal -0.590274 0.629813 -0.504889
  outer loop
   vertex 0.010628 -0.0119538 0.00139391
   vertex 0.0112386 -0.0113724 0.00140534
   vertex 0.0112508 -0.0119504 0.000669981
  endloop
 endfacet
 facet normal -0.643215 0.584285 -0.494859
  outer loop
   vertex 0.0118403 -0.0113459 0.000694809
   vertex 0.0118183 -0.0107444 0.00143354
   vertex 0.0124176 -0.0106963 0.000711406
  endloop
 endfacet
 facet normal -0.622699 0.597602 -0.505091
  outer loop
   vertex 0.0112386 -0.0113724 0.00140534
   vertex 0.0118183 -0.0107444 0.00143354
   vertex 0.0118403 -0.0113459 0.000694809
  endloop
 endfacet
 facet normal -0.673801 0.548932 -0.494637
  outer loop
   vertex 0.0124176 -0.0106963 0.000711406
   vertex 0.012374 -0.0100737 0.00146187
   vertex 0.0129738 -0.00999696 0.000729938
  endloop
 endfacet
 facet normal -0.653995 0.56307 -0.505216
  outer loop
   vertex 0.0118183 -0.0107444 0.00143354
   vertex 0.012374 -0.0100737 0.00146187
   vertex 0.0124176 -0.0106963 0.000711406
  endloop
 endfacet
 facet normal -0.703556 0.51078 -0.494078
  outer loop
   vertex 0.0129738 -0.00999696 0.000729938
   vertex 0.0129193 -0.0093596 0.00146641
   vertex 0.0135237 -0.00923999 0.000729337
  endloop
 endfacet
 facet normal -0.68415 0.525697 -0.505551
  outer loop
   vertex 0.012374 -0.0100737 0.00146187
   vertex 0.0129193 -0.0093596 0.00146641
   vertex 0.0129738 -0.00999696 0.000729938
  endloop
 endfacet
 facet normal -0.732139 0.469376 -0.493618
  outer loop
   vertex 0.0135237 -0.00923999 0.000729337
   vertex 0.0134454 -0.00860541 0.00144896
   vertex 0.0140445 -0.00843225 0.000725025
  endloop
 endfacet
 facet normal -0.712939 0.485623 -0.505855
  outer loop
   vertex 0.0129193 -0.0093596 0.00146641
   vertex 0.0134454 -0.00860541 0.00144896
   vertex 0.0135237 -0.00923999 0.000729337
  endloop
 endfacet
 facet normal -0.75873 0.425355 -0.493358
  outer loop
   vertex 0.0140445 -0.00843225 0.000725025
   vertex 0.0139345 -0.00780119 0.00143819
   vertex 0.0145199 -0.00758221 0.000726781
  endloop
 endfacet
 facet normal -0.739807 0.443195 -0.506226
  outer loop
   vertex 0.0134454 -0.00860541 0.00144896
   vertex 0.0139345 -0.00780119 0.00143819
   vertex 0.0140445 -0.00843225 0.000725025
  endloop
 endfacet
 facet normal -0.782708 0.379369 -0.493404
  outer loop
   vertex 0.0145199 -0.00758221 0.000726781
   vertex 0.0143666 -0.00695344 0.00145337
   vertex 0.0149416 -0.00670062 0.000735581
  endloop
 endfacet
 facet normal -0.764584 0.398759 -0.506361
  outer loop
   vertex 0.0139345 -0.00780119 0.00143819
   vertex 0.0143666 -0.00695344 0.00145337
   vertex 0.0145199 -0.00758221 0.000726781
  endloop
 endfacet
 facet normal -0.803859 0.33199 -0.493551
  outer loop
   vertex 0.0149416 -0.00670062 0.000735581
   vertex 0.0147431 -0.00607839 0.00147745
   vertex 0.0153109 -0.00579604 0.000742579
  endloop
 endfacet
 facet normal -0.787004 0.352556 -0.50629
  outer loop
   vertex 0.0143666 -0.00695344 0.00145337
   vertex 0.0147431 -0.00607839 0.00147745
   vertex 0.0149416 -0.00670062 0.000735581
  endloop
 endfacet
 facet normal -0.822183 0.283522 -0.49359
  outer loop
   vertex 0.0153109 -0.00579604 0.000742579
   vertex 0.0150786 -0.0051803 0.00148321
   vertex 0.0156309 -0.004873 0.000739717
  endloop
 endfacet
 facet normal -0.806758 0.304632 -0.506302
  outer loop
   vertex 0.0147431 -0.00607839 0.00147745
   vertex 0.0150786 -0.0051803 0.00148321
   vertex 0.0153109 -0.00579604 0.000742579
  endloop
 endfacet
 facet normal -0.837602 0.234131 -0.493563
  outer loop
   vertex 0.0156309 -0.004873 0.000739717
   vertex 0.0153714 -0.00426868 0.00146693
   vertex 0.0159014 -0.00393603 0.000725235
  endloop
 endfacet
 facet normal -0.82366 0.25544 -0.506294
  outer loop
   vertex 0.0150786 -0.0051803 0.00148321
   vertex 0.0153714 -0.00426868 0.00146693
   vertex 0.0156309 -0.004873 0.000739717
  endloop
 endfacet
 facet normal -0.850117 0.184021 -0.493393
  outer loop
   vertex 0.0159014 -0.00393603 0.000725235
   vertex 0.0156207 -0.0033519 0.00142681
   vertex 0.0161215 -0.00298674 0.000699957
  endloop
 endfacet
 facet normal -0.837498 0.20558 -0.506294
  outer loop
   vertex 0.0153714 -0.00426868 0.00146693
   vertex 0.0156207 -0.0033519 0.00142681
   vertex 0.0159014 -0.00393603 0.000725235
  endloop
 endfacet
 facet normal -0.859698 0.133322 -0.493098
  outer loop
   vertex 0.0161215 -0.00298674 0.000699957
   vertex 0.0158283 -0.00241949 0.00136467
   vertex 0.0162906 -0.00202682 0.000664693
  endloop
 endfacet
 facet normal -0.848138 0.155083 -0.506568
  outer loop
   vertex 0.0156207 -0.0033519 0.00142681
   vertex 0.0158283 -0.00241949 0.00136467
   vertex 0.0161215 -0.00298674 0.000699957
  endloop
 endfacet
 facet normal -0.864508 0.0854261 -0.495306
  outer loop
   vertex 0.0162906 -0.00202682 0.000664693
   vertex 0.0159821 -0.00143559 0.00130524
   vertex 0.0164293 -0.00117914 0.000568945
  endloop
 endfacet
 facet normal -0.855568 0.103107 -0.507319
  outer loop
   vertex 0.0158283 -0.00241949 0.00136467
   vertex 0.0159821 -0.00143559 0.00130524
   vertex 0.0162906 -0.00202682 0.000664693
  endloop
 endfacet
 facet normal -0.864643 0.0504943 -0.499843
  outer loop
   vertex 0.015847 -0.000630955 0.00162894
   vertex 0.0156328 -0.00120188 0.00194181
   vertex 0.0154623 -0.000620489 0.00229534
  endloop
 endfacet
 facet normal -0.865129 0.0559322 -0.498421
  outer loop
   vertex 0.0154623 -0.000620489 0.00229534
   vertex 0.0152693 -0.00133843 0.00254984
   vertex 0.0150879 -0.000670789 0.00293957
  endloop
 endfacet
 facet normal -0.862348 0.0533866 -0.503493
  outer loop
   vertex 0.0156328 -0.00120188 0.00194181
   vertex 0.0152693 -0.00133843 0.00254984
   vertex 0.0154623 -0.000620489 0.00229534
  endloop
 endfacet
 facet normal -0.864674 0.0616372 -0.498538
  outer loop
   vertex 0.0150879 -0.000670789 0.00293957
   vertex 0.0148725 -0.00143862 0.00321829
   vertex 0.0146975 -0.000708639 0.00361206
  endloop
 endfacet
 facet normal -0.86227 0.0593577 -0.502959
  outer loop
   vertex 0.0152693 -0.00133843 0.00254984
   vertex 0.0148725 -0.00143862 0.00321829
   vertex 0.0150879 -0.000670789 0.00293957
  endloop
 endfacet
 facet normal -0.863806 0.0646877 -0.499654
  outer loop
   vertex 0.0146975 -0.000708639 0.00361206
   vertex 0.0144749 -0.00146793 0.00389858
   vertex 0.014343 -0.000699318 0.00422612
  endloop
 endfacet
 facet normal -0.862802 0.0636913 -0.501514
  outer loop
   vertex 0.0148725 -0.00143862 0.00321829
   vertex 0.0144749 -0.00146793 0.00389858
   vertex 0.0146975 -0.000708639 0.00361206
  endloop
 endfacet
 facet normal -0.864112 0.0630658 -0.499333
  outer loop
   vertex 0.014343 -0.000699318 0.00422612
   vertex 0.0141238 -0.00136362 0.00452162
   vertex 0.0139793 -0.000704752 0.00485479
  endloop
 endfacet
 facet normal -0.864781 0.063847 -0.498073
  outer loop
   vertex 0.0144749 -0.00146793 0.00389858
   vertex 0.0141238 -0.00136362 0.00452162
   vertex 0.014343 -0.000699318 0.00422612
  endloop
 endfacet
 facet normal 0.828685 0.233134 -0.508851
  outer loop
   vertex -0.0128103 -0.00414622 0.00577712
   vertex -0.0133776 -0.00373204 0.00504299
   vertex -0.0130847 -0.00313279 0.00579459
  endloop
 endfacet
 facet normal 0.848539 0.199759 -0.489978
  outer loop
   vertex -0.0130847 -0.00313279 0.00579459
   vertex -0.0133776 -0.00373204 0.00504299
   vertex -0.013592 -0.00264607 0.00511452
  endloop
 endfacet
 facet normal 0.829583 0.268563 -0.489556
  outer loop
   vertex -0.0130259 -0.0048145 0.00504521
   vertex -0.0133776 -0.00373204 0.00504299
   vertex -0.0128103 -0.00414622 0.00577712
  endloop
 endfacet
 facet normal 0.863811 0.069328 -0.499024
  outer loop
   vertex -0.0137044 -0.00152845 0.00521452
   vertex -0.0139534 -0.000673504 0.00490235
   vertex -0.0135621 -0.000680945 0.00557862
  endloop
 endfacet
 facet normal 0.863144 0.0612447 -0.50123
  outer loop
   vertex -0.015858 -0.000727432 0.00160268
   vertex -0.0156334 -0.00152596 0.00189192
   vertex -0.0160284 -0.00150682 0.00121401
  endloop
 endfacet
 facet normal 0.85928 0.0649633 -0.507364
  outer loop
   vertex -0.0137044 -0.00152845 0.00521452
   vertex -0.0140904 -0.00128159 0.00459238
   vertex -0.0139534 -0.000673504 0.00490235
  endloop
 endfacet
 facet normal -0.854696 0.0380798 -0.51773
  outer loop
   vertex 0.0134037 0 0.0058825
   vertex 0.0136558 -0.000696787 0.00541514
   vertex 0.0133281 -0.0012124 0.00591818
  endloop
 endfacet
 facet normal 0.856279 0.104684 -0.505794
  outer loop
   vertex -0.0160284 -0.00150682 0.00121401
   vertex -0.0157844 -0.00244616 0.00143266
   vertex -0.0162675 -0.00220099 0.000665574
  endloop
 endfacet
 facet normal -0.86447 0.0145124 -0.502474
  outer loop
   vertex 0.0165293 -0.000514191 0.000454984
   vertex 0.0162109 -0.00062204 0.000999737
   vertex 0.0164435 0 0.0006175
  endloop
 endfacet
 facet normal -0.867426 0.0707783 -0.492507
  outer loop
   vertex 0.0136558 -0.000696787 0.00541514
   vertex 0.0137256 -0.00162796 0.0051584
   vertex 0.0133281 -0.0012124 0.00591818
  endloop
 endfacet
 facet normal -0.866298 0.0450963 -0.497488
  outer loop
   vertex 0.0165293 -0.000514191 0.000454984
   vertex 0.0164293 -0.00117914 0.000568945
   vertex 0.0162109 -0.00062204 0.000999737
  endloop
 endfacet
 facet normal -0.861559 0.0526971 -0.504915
  outer loop
   vertex 0.0159821 -0.00143559 0.00130524
   vertex 0.0162109 -0.00062204 0.000999737
   vertex 0.0164293 -0.00117914 0.000568945
  endloop
 endfacet
 facet normal -0.86696 0.0537597 -0.495471
  outer loop
   vertex 0.015847 -0.000630955 0.00162894
   vertex 0.0159821 -0.00143559 0.00130524
   vertex 0.0156328 -0.00120188 0.00194181
  endloop
 endfacet
 facet normal -0.864648 0.0556811 -0.499282
  outer loop
   vertex 0.0162109 -0.00062204 0.000999737
   vertex 0.0159821 -0.00143559 0.00130524
   vertex 0.015847 -0.000630955 0.00162894
  endloop
 endfacet
 facet normal -0.863255 0.0730079 -0.49946
  outer loop
   vertex 0.0136558 -0.000696787 0.00541514
   vertex 0.0139793 -0.000704752 0.00485479
   vertex 0.0137256 -0.00162796 0.0051584
  endloop
 endfacet
 facet normal -0.858465 0.0688053 -0.508236
  outer loop
   vertex 0.0141238 -0.00136362 0.00452162
   vertex 0.0137256 -0.00162796 0.0051584
   vertex 0.0139793 -0.000704752 0.00485479
  endloop
 endfacet
 facet normal 0.766537 0.391527 -0.509045
  outer loop
   vertex -0.0120918 -0.00678313 0.00508454
   vertex -0.0126997 -0.00655576 0.0043441
   vertex -0.0125899 -0.00583043 0.00506725
  endloop
 endfacet
 facet normal 0.794731 0.329992 -0.509419
  outer loop
   vertex -0.0125899 -0.00583043 0.00506725
   vertex -0.0131748 -0.00556905 0.00432413
   vertex -0.0130259 -0.0048145 0.00504521
  endloop
 endfacet
 facet normal 0.788868 0.369919 -0.490762
  outer loop
   vertex -0.0126997 -0.00655576 0.0043441
   vertex -0.0131748 -0.00556905 0.00432413
   vertex -0.0125899 -0.00583043 0.00506725
  endloop
 endfacet
 facet normal 0.697073 0.504977 -0.509006
  outer loop
   vertex -0.0109184 -0.0085637 0.00506426
   vertex -0.0115685 -0.00839474 0.00434152
   vertex -0.0115349 -0.00769356 0.00508323
  endloop
 endfacet
 facet normal 0.656392 0.557079 -0.508736
  outer loop
   vertex -0.0102285 -0.00938143 0.00505892
   vertex -0.0109028 -0.00927768 0.00430252
   vertex -0.0109184 -0.0085637 0.00506426
  endloop
 endfacet
 facet normal 0.68524 0.538322 -0.490566
  outer loop
   vertex -0.0109028 -0.00927768 0.00430252
   vertex -0.0115685 -0.00839474 0.00434152
   vertex -0.0109184 -0.0085637 0.00506426
  endloop
 endfacet
 facet normal 0.611308 0.605903 -0.509102
  outer loop
   vertex -0.0094659 -0.0101432 0.00506801
   vertex -0.0101337 -0.0100929 0.004326
   vertex -0.0102285 -0.00938143 0.00505892
  endloop
 endfacet
 facet normal 0.640934 0.590547 -0.490365
  outer loop
   vertex -0.0101337 -0.0100929 0.004326
   vertex -0.0109028 -0.00927768 0.00430252
   vertex -0.0102285 -0.00938143 0.00505892
  endloop
 endfacet
 facet normal 0.562505 0.651477 -0.509083
  outer loop
   vertex -0.0086479 -0.0108414 0.00507829
   vertex -0.00930615 -0.0108502 0.00433969
   vertex -0.0094659 -0.0101432 0.00506801
  endloop
 endfacet
 facet normal 0.592834 0.638917 -0.490237
  outer loop
   vertex -0.00930615 -0.0108502 0.00433969
   vertex -0.0101337 -0.0100929 0.004326
   vertex -0.0094659 -0.0101432 0.00506801
  endloop
 endfacet
 facet normal 0.510442 0.693034 -0.509071
  outer loop
   vertex -0.00778236 -0.0114718 0.00508794
   vertex -0.00844183 -0.0115259 0.00435314
   vertex -0.0086479 -0.0108414 0.00507829
  endloop
 endfacet
 facet normal 0.541368 0.682797 -0.49062
  outer loop
   vertex -0.00844183 -0.0115259 0.00435314
   vertex -0.00930615 -0.0108502 0.00433969
   vertex -0.0086479 -0.0108414 0.00507829
  endloop
 endfacet
 facet normal 0.455149 0.730298 -0.509415
  outer loop
   vertex -0.00687015 -0.0120393 0.00508942
   vertex -0.00752326 -0.0121277 0.00437916
   vertex -0.00778236 -0.0114718 0.00508794
  endloop
 endfacet
 facet normal 0.487284 0.722502 -0.490454
  outer loop
   vertex -0.00752326 -0.0121277 0.00437916
   vertex -0.00844183 -0.0115259 0.00435314
   vertex -0.00778236 -0.0114718 0.00508794
  endloop
 endfacet
 facet normal 0.397309 0.763516 -0.509106
  outer loop
   vertex -0.00592027 -0.0125369 0.00508452
   vertex -0.00657099 -0.0126841 0.00435595
   vertex -0.00687015 -0.0120393 0.00508942
  endloop
 endfacet
 facet normal 0.430703 0.757667 -0.490343
  outer loop
   vertex -0.00657099 -0.0126841 0.00435595
   vertex -0.00752326 -0.0121277 0.00437916
   vertex -0.00687015 -0.0120393 0.00508942
  endloop
 endfacet
 facet normal 0.337145 0.791913 -0.509123
  outer loop
   vertex -0.00493172 -0.0129558 0.00508758
   vertex -0.00557011 -0.0131552 0.00435472
   vertex -0.00592027 -0.0125369 0.00508452
  endloop
 endfacet
 facet normal 0.370638 0.788764 -0.490386
  outer loop
   vertex -0.00557011 -0.0131552 0.00435472
   vertex -0.00657099 -0.0126841 0.00435595
   vertex -0.00592027 -0.0125369 0.00508452
  endloop
 endfacet
 facet normal 0.274645 0.815501 -0.509439
  outer loop
   vertex -0.00391023 -0.0132992 0.00508854
   vertex -0.00452736 -0.0135363 0.00437626
   vertex -0.00493172 -0.0129558 0.00508758
  endloop
 endfacet
 facet normal 0.308151 0.815302 -0.490229
  outer loop
   vertex -0.00452736 -0.0135363 0.00437626
   vertex -0.00557011 -0.0131552 0.00435472
   vertex -0.00493172 -0.0129558 0.00508758
  endloop
 endfacet
 facet normal 0.21064 0.834534 -0.509101
  outer loop
   vertex -0.00287033 -0.0135628 0.00508674
   vertex -0.0034647 -0.0138584 0.00435614
   vertex -0.00391023 -0.0132992 0.00508854
  endloop
 endfacet
 facet normal 0.244336 0.836651 -0.490219
  outer loop
   vertex -0.0034647 -0.0138584 0.00435614
   vertex -0.00452736 -0.0135363 0.00437626
   vertex -0.00391023 -0.0132992 0.00508854
  endloop
 endfacet
 facet normal 0.145741 0.848327 -0.50902
  outer loop
   vertex -0.00181677 -0.0137384 0.00509576
   vertex -0.0023813 -0.0140826 0.00436045
   vertex -0.00287033 -0.0135628 0.00508674
  endloop
 endfacet
 facet normal 0.178428 0.853044 -0.490387
  outer loop
   vertex -0.0023813 -0.0140826 0.00436045
   vertex -0.0034647 -0.0138584 0.00435614
   vertex -0.00287033 -0.0135628 0.00508674
  endloop
 endfacet
 facet normal 0.080005 0.856854 -0.509314
  outer loop
   vertex -0.000754561 -0.0138324 0.00510435
   vertex -0.00129295 -0.0142048 0.00439335
   vertex -0.00181677 -0.0137384 0.00509576
  endloop
 endfacet
 facet normal 0.111864 0.864251 -0.490466
  outer loop
   vertex -0.00129295 -0.0142048 0.00439335
   vertex -0.0023813 -0.0140826 0.00436045
   vertex -0.00181677 -0.0137384 0.00509576
  endloop
 endfacet
 facet normal 0.0136753 0.860462 -0.509331
  outer loop
   vertex 0.000311591 -0.0138542 0.00509627
   vertex -0.000217512 -0.0142622 0.00439265
   vertex -0.000754561 -0.0138324 0.00510435
  endloop
 endfacet
 facet normal 0.046172 0.870133 -0.490649
  outer loop
   vertex -0.000217512 -0.0142622 0.00439265
   vertex -0.00129295 -0.0142048 0.00439335
   vertex -0.000754561 -0.0138324 0.00510435
  endloop
 endfacet
 facet normal -0.0525502 0.859147 -0.509024
  outer loop
   vertex 0.00137585 -0.0137955 0.00508541
   vertex 0.000879244 -0.0142559 0.00435963
   vertex 0.000311591 -0.0138542 0.00509627
  endloop
 endfacet
 facet normal -0.0198181 0.871266 -0.49041
  outer loop
   vertex 0.000879244 -0.0142559 0.00435963
   vertex -0.000217512 -0.0142622 0.00439265
   vertex 0.000311591 -0.0138542 0.00509627
  endloop
 endfacet
 facet normal -0.118304 0.852587 -0.509018
  outer loop
   vertex 0.00243278 -0.0136477 0.00508727
   vertex 0.00197292 -0.0141496 0.00435352
   vertex 0.00137585 -0.0137955 0.00508541
  endloop
 endfacet
 facet normal -0.0869962 0.867091 -0.490494
  outer loop
   vertex 0.00197292 -0.0141496 0.00435352
   vertex 0.000879244 -0.0142559 0.00435963
   vertex 0.00137585 -0.0137955 0.00508541
  endloop
 endfacet
 facet normal -0.183589 0.84077 -0.509314
  outer loop
   vertex 0.00347803 -0.0134188 0.00508844
   vertex 0.00306002 -0.0139421 0.00437521
   vertex 0.00243278 -0.0136477 0.00508727
  endloop
 endfacet
 facet normal -0.153959 0.85786 -0.490278
  outer loop
   vertex 0.00306002 -0.0139421 0.00437521
   vertex 0.00197292 -0.0141496 0.00435352
   vertex 0.00243278 -0.0136477 0.00508727
  endloop
 endfacet
 facet normal -0.247712 0.824403 -0.50892
  outer loop
   vertex 0.004494 -0.0131142 0.0050874
   vertex 0.00413035 -0.0136746 0.00435657
   vertex 0.00347803 -0.0134188 0.00508844
  endloop
 endfacet
 facet normal -0.219373 0.843477 -0.490328
  outer loop
   vertex 0.00413035 -0.0136746 0.00435657
   vertex 0.00306002 -0.0139421 0.00437521
   vertex 0.00347803 -0.0134188 0.00508844
  endloop
 endfacet
 facet normal -0.309637 0.803318 -0.50873
  outer loop
   vertex 0.0054717 -0.0127309 0.0050975
   vertex 0.00515343 -0.0133208 0.0043597
   vertex 0.004494 -0.0131142 0.0050874
  endloop
 endfacet
 facet normal -0.283385 0.823905 -0.490788
  outer loop
   vertex 0.00515343 -0.0133208 0.0043597
   vertex 0.00413035 -0.0136746 0.00435657
   vertex 0.004494 -0.0131142 0.0050874
  endloop
 endfacet
 facet normal -0.369289 0.777619 -0.508856
  outer loop
   vertex 0.00640903 -0.0122814 0.00510414
   vertex 0.00612903 -0.0128803 0.00439211
   vertex 0.0054717 -0.0127309 0.0050975
  endloop
 endfacet
 facet normal -0.344913 0.800039 -0.49089
  outer loop
   vertex 0.00612903 -0.0128803 0.00439211
   vertex 0.00515343 -0.0133208 0.0043597
   vertex 0.0054717 -0.0127309 0.0050975
  endloop
 endfacet
 facet normal -0.426362 0.748077 -0.508523
  outer loop
   vertex 0.00730069 -0.0117814 0.00509206
   vertex 0.00704698 -0.0124056 0.00438657
   vertex 0.00640903 -0.0122814 0.00510414
  endloop
 endfacet
 facet normal -0.402403 0.77238 -0.491428
  outer loop
   vertex 0.00704698 -0.0124056 0.00438657
   vertex 0.00612903 -0.0128803 0.00439211
   vertex 0.00640903 -0.0122814 0.00510414
  endloop
 endfacet
 facet normal -0.47997 0.715366 -0.507819
  outer loop
   vertex 0.00813454 -0.0112327 0.005077
   vertex 0.00793883 -0.0118829 0.00434591
   vertex 0.00730069 -0.0117814 0.00509206
  endloop
 endfacet
 facet normal -0.456872 0.74135 -0.491598
  outer loop
   vertex 0.00793883 -0.0118829 0.00434591
   vertex 0.00704698 -0.0124056 0.00438657
   vertex 0.00730069 -0.0117814 0.00509206
  endloop
 endfacet
 facet normal -0.529749 0.679611 -0.50744
  outer loop
   vertex 0.00890862 -0.0106376 0.00506583
   vertex 0.00877556 -0.0112921 0.00432822
   vertex 0.00813454 -0.0112327 0.005077
  endloop
 endfacet
 facet normal -0.509139 0.706259 -0.49191
  outer loop
   vertex 0.00877556 -0.0112921 0.00432822
   vertex 0.00793883 -0.0118829 0.00434591
   vertex 0.00813454 -0.0112327 0.005077
  endloop
 endfacet
 facet normal -0.575821 0.641208 -0.507229
  outer loop
   vertex 0.00962079 -0.00999266 0.00507266
   vertex 0.00956678 -0.0106303 0.00432789
   vertex 0.00890862 -0.0106376 0.00506583
  endloop
 endfacet
 facet normal -0.558754 0.667819 -0.491744
  outer loop
   vertex 0.00956678 -0.0106303 0.00432789
   vertex 0.00877556 -0.0112921 0.00432822
   vertex 0.00890862 -0.0106376 0.00506583
  endloop
 endfacet
 facet normal -0.618819 0.599739 -0.507322
  outer loop
   vertex 0.0102862 -0.00929488 0.00508587
   vertex 0.0102865 -0.00992185 0.00434438
   vertex 0.00962079 -0.00999266 0.00507266
  endloop
 endfacet
 facet normal -0.604953 0.625999 -0.492095
  outer loop
   vertex 0.0102865 -0.00992185 0.00434438
   vertex 0.00956678 -0.0106303 0.00432789
   vertex 0.00962079 -0.00999266 0.00507266
  endloop
 endfacet
 facet normal -0.659179 0.554479 -0.507972
  outer loop
   vertex 0.0109158 -0.00853299 0.00510048
   vertex 0.0109457 -0.00915242 0.00438565
   vertex 0.0102862 -0.00929488 0.00508587
  endloop
 endfacet
 facet normal -0.64797 0.581509 -0.491917
  outer loop
   vertex 0.0109457 -0.00915242 0.00438565
   vertex 0.0102865 -0.00992185 0.00434438
   vertex 0.0102862 -0.00929488 0.00508587
  endloop
 endfacet
 facet normal -0.697413 0.505038 -0.508479
  outer loop
   vertex 0.0115131 -0.00771013 0.00509862
   vertex 0.011569 -0.00834358 0.00439275
   vertex 0.0109158 -0.00853299 0.00510048
  endloop
 endfacet
 facet normal -0.687643 0.534263 -0.491641
  outer loop
   vertex 0.011569 -0.00834358 0.00439275
   vertex 0.0109457 -0.00915242 0.00438565
   vertex 0.0109158 -0.00853299 0.00510048
  endloop
 endfacet
 facet normal -0.732907 0.451935 -0.508529
  outer loop
   vertex 0.0120605 -0.00682794 0.00509365
   vertex 0.0121708 -0.00746961 0.00436439
   vertex 0.0115131 -0.00771013 0.00509862
  endloop
 endfacet
 facet normal -0.724833 0.4832 -0.491054
  outer loop
   vertex 0.0121708 -0.00746961 0.00436439
   vertex 0.011569 -0.00834358 0.00439275
   vertex 0.0115131 -0.00771013 0.00509862
  endloop
 endfacet
 facet normal -0.764686 0.395521 -0.508743
  outer loop
   vertex 0.0125387 -0.00589227 0.00510234
   vertex 0.0126974 -0.00653141 0.00436685
   vertex 0.0120605 -0.00682794 0.00509365
  endloop
 endfacet
 facet normal -0.759173 0.427393 -0.490908
  outer loop
   vertex 0.0126974 -0.00653141 0.00436685
   vertex 0.0121708 -0.00746961 0.00436439
   vertex 0.0120605 -0.00682794 0.00509365
  endloop
 endfacet
 facet normal -0.792293 0.336078 -0.509237
  outer loop
   vertex 0.0129463 -0.00491327 0.00511434
   vertex 0.0131363 -0.00554371 0.00440262
   vertex 0.0125387 -0.00589227 0.00510234
  endloop
 endfacet
 facet normal -0.789538 0.368578 -0.490694
  outer loop
   vertex 0.0131363 -0.00554371 0.00440262
   vertex 0.0126974 -0.00653141 0.00436685
   vertex 0.0125387 -0.00589227 0.00510234
  endloop
 endfacet
 facet normal -0.815693 0.273831 -0.509569
  outer loop
   vertex 0.01329 -0.00389568 0.00511089
   vertex 0.0135092 -0.0045422 0.00441266
   vertex 0.0129463 -0.00491327 0.00511434
  endloop
 endfacet
 facet normal -0.814939 0.308341 -0.490714
  outer loop
   vertex 0.0135092 -0.0045422 0.00441266
   vertex 0.0131363 -0.00554371 0.00440262
   vertex 0.0129463 -0.00491327 0.00511434
  endloop
 endfacet
 facet normal -0.834486 0.208063 -0.510238
  outer loop
   vertex 0.0135722 -0.00280934 0.00509242
   vertex 0.0138265 -0.00350181 0.00439409
   vertex 0.01329 -0.00389568 0.00511089
  endloop
 endfacet
 facet normal -0.835993 0.246237 -0.490391
  outer loop
   vertex 0.0138265 -0.00350181 0.00439409
   vertex 0.0135092 -0.0045422 0.00441266
   vertex 0.01329 -0.00389568 0.00511089
  endloop
 endfacet
 facet normal -0.848709 0.138714 -0.510344
  outer loop
   vertex 0.0137256 -0.00162796 0.0051584
   vertex 0.0141053 -0.00234442 0.00433221
   vertex 0.0135722 -0.00280934 0.00509242
  endloop
 endfacet
 facet normal -0.853679 0.179488 -0.488893
  outer loop
   vertex 0.0141053 -0.00234442 0.00433221
   vertex 0.0138265 -0.00350181 0.00439409
   vertex 0.0135722 -0.00280934 0.00509242
  endloop
 endfacet
 facet normal -0.859776 0.0860249 -0.503374
  outer loop
   vertex 0.0159821 -0.00143559 0.00130524
   vertex 0.015532 -0.00192687 0.00198998
   vertex 0.0156328 -0.00120188 0.00194181
  endloop
 endfacet
 facet normal -0.864022 0.105335 -0.492311
  outer loop
   vertex 0.0158283 -0.00241949 0.00136467
   vertex 0.015532 -0.00192687 0.00198998
   vertex 0.0159821 -0.00143559 0.00130524
  endloop
 endfacet
 facet normal 0.860326 0.107484 -0.498283
  outer loop
   vertex -0.0156334 -0.00152596 0.00189192
   vertex -0.0157844 -0.00244616 0.00143266
   vertex -0.0160284 -0.00150682 0.00121401
  endloop
 endfacet
 facet normal 0.733802 0.449637 -0.509274
  outer loop
   vertex -0.0115349 -0.00769356 0.00508323
   vertex -0.0121541 -0.00748659 0.00437371
   vertex -0.0120918 -0.00678313 0.00508454
  endloop
 endfacet
 facet normal 0.724225 0.484392 -0.490777
  outer loop
   vertex -0.0115685 -0.00839474 0.00434152
   vertex -0.0121541 -0.00748659 0.00437371
   vertex -0.0115349 -0.00769356 0.00508323
  endloop
 endfacet
 facet normal 0.858899 0.109558 -0.50029
  outer loop
   vertex -0.0144338 -0.00142002 0.00397766
   vertex -0.0144534 -0.00226321 0.00375932
   vertex -0.0148163 -0.00147386 0.00330917
  endloop
 endfacet
 facet normal 0.859535 0.108812 -0.49936
  outer loop
   vertex -0.0148163 -0.00147386 0.00330917
   vertex -0.0148878 -0.0022999 0.00300621
   vertex -0.0152115 -0.00149369 0.00262466
  endloop
 endfacet
 facet normal 0.858758 0.109327 -0.500582
  outer loop
   vertex -0.0144534 -0.00226321 0.00375932
   vertex -0.0148878 -0.0022999 0.00300621
   vertex -0.0148163 -0.00147386 0.00330917
  endloop
 endfacet
 facet normal 0.859637 0.106555 -0.49967
  outer loop
   vertex -0.0152115 -0.00149369 0.00262466
   vertex -0.01532 -0.00230088 0.00226586
   vertex -0.0156334 -0.00152596 0.00189192
  endloop
 endfacet
 facet normal 0.858535 0.107459 -0.501369
  outer loop
   vertex -0.0148878 -0.0022999 0.00300621
   vertex -0.01532 -0.00230088 0.00226586
   vertex -0.0152115 -0.00149369 0.00262466
  endloop
 endfacet
 facet normal 0.862959 0.10242 -0.494784
  outer loop
   vertex -0.0137044 -0.00152845 0.00521452
   vertex -0.0140447 -0.00208279 0.00450631
   vertex -0.0140904 -0.00128159 0.00459238
  endloop
 endfacet
 facet normal 0.849579 0.131202 -0.510883
  outer loop
   vertex -0.013592 -0.00264607 0.00511452
   vertex -0.0140447 -0.00208279 0.00450631
   vertex -0.0137044 -0.00152845 0.00521452
  endloop
 endfacet
 facet normal -0.863567 0.0869969 -0.496673
  outer loop
   vertex 0.0156328 -0.00120188 0.00194181
   vertex 0.015532 -0.00192687 0.00198998
   vertex 0.0152693 -0.00133843 0.00254984
  endloop
 endfacet
 facet normal 0.856551 0.161555 -0.490123
  outer loop
   vertex -0.0157844 -0.00244616 0.00143266
   vertex -0.0153722 -0.00304499 0.00195568
   vertex -0.0156249 -0.00351194 0.0013601
  endloop
 endfacet
 facet normal 0.842435 0.216082 -0.493571
  outer loop
   vertex -0.0156249 -0.00351194 0.0013601
   vertex -0.0151142 -0.00383952 0.00208834
   vertex -0.0153629 -0.00441837 0.00141059
  endloop
 endfacet
 facet normal 0.841931 0.188969 -0.505414
  outer loop
   vertex -0.0153722 -0.00304499 0.00195568
   vertex -0.0151142 -0.00383952 0.00208834
   vertex -0.0156249 -0.00351194 0.0013601
  endloop
 endfacet
 facet normal 0.828209 0.264761 -0.493935
  outer loop
   vertex -0.0153629 -0.00441837 0.00141059
   vertex -0.0148322 -0.00470214 0.00214824
   vertex -0.0150691 -0.00530416 0.00142837
  endloop
 endfacet
 facet normal 0.829609 0.236104 -0.505967
  outer loop
   vertex -0.0151142 -0.00383952 0.00208834
   vertex -0.0148322 -0.00470214 0.00214824
   vertex -0.0153629 -0.00441837 0.00141059
  endloop
 endfacet
 facet normal 0.811542 0.312162 -0.493917
  outer loop
   vertex -0.0150691 -0.00530416 0.00142837
   vertex -0.0145323 -0.00557763 0.00213752
   vertex -0.0147436 -0.00616715 0.00141773
  endloop
 endfacet
 facet normal 0.81395 0.285037 -0.5062
  outer loop
   vertex -0.0148322 -0.00470214 0.00214824
   vertex -0.0145323 -0.00557763 0.00213752
   vertex -0.0150691 -0.00530416 0.00142837
  endloop
 endfacet
 facet normal 0.792343 0.358057 -0.493951
  outer loop
   vertex -0.0147436 -0.00616715 0.00141773
   vertex -0.0142138 -0.00639275 0.00210399
   vertex -0.0143732 -0.006992 0.00141391
  endloop
 endfacet
 facet normal 0.796345 0.331916 -0.505634
  outer loop
   vertex -0.0145323 -0.00557763 0.00213752
   vertex -0.0142138 -0.00639275 0.00210399
   vertex -0.0147436 -0.00616715 0.00141773
  endloop
 endfacet
 facet normal 0.7709 0.401572 -0.494421
  outer loop
   vertex -0.0143732 -0.006992 0.00141391
   vertex -0.0138319 -0.00716643 0.00211631
   vertex -0.0139627 -0.00776376 0.00142727
  endloop
 endfacet
 facet normal 0.776854 0.375467 -0.505492
  outer loop
   vertex -0.0142138 -0.00639275 0.00210399
   vertex -0.0138319 -0.00716643 0.00211631
   vertex -0.0143732 -0.006992 0.00141391
  endloop
 endfacet
 facet normal 0.747925 0.442037 -0.495188
  outer loop
   vertex -0.0139627 -0.00776376 0.00142727
   vertex -0.0134083 -0.00787139 0.00216852
   vertex -0.0135318 -0.00848302 0.00143589
  endloop
 endfacet
 facet normal 0.755909 0.416847 -0.504817
  outer loop
   vertex -0.0138319 -0.00716643 0.00211631
   vertex -0.0134083 -0.00787139 0.00216852
   vertex -0.0139627 -0.00776376 0.00142727
  endloop
 endfacet
 facet normal 0.724072 0.47981 -0.495482
  outer loop
   vertex -0.0135318 -0.00848302 0.00143589
   vertex -0.0129793 -0.00856195 0.00216689
   vertex -0.0130923 -0.00916625 0.00141666
  endloop
 endfacet
 facet normal 0.732834 0.4564 -0.504633
  outer loop
   vertex -0.0134083 -0.00787139 0.00216852
   vertex -0.0129793 -0.00856195 0.00216689
   vertex -0.0135318 -0.00848302 0.00143589
  endloop
 endfacet
 facet normal 0.699028 0.515705 -0.495386
  outer loop
   vertex -0.0130923 -0.00916625 0.00141666
   vertex -0.0125613 -0.00922415 0.00210563
   vertex -0.0126286 -0.00981784 0.00139259
  endloop
 endfacet
 facet normal 0.70833 0.493816 -0.504395
  outer loop
   vertex -0.0129793 -0.00856195 0.00216689
   vertex -0.0125613 -0.00922415 0.00210563
   vertex -0.0130923 -0.00916625 0.00141666
  endloop
 endfacet
 facet normal 0.67247 0.549806 -0.495477
  outer loop
   vertex -0.0126286 -0.00981784 0.00139259
   vertex -0.0120939 -0.00984928 0.00208344
   vertex -0.0121335 -0.0104302 0.00138501
  endloop
 endfacet
 facet normal 0.682829 0.528448 -0.504467
  outer loop
   vertex -0.0125613 -0.00922415 0.00210563
   vertex -0.0120939 -0.00984928 0.00208344
   vertex -0.0126286 -0.00981784 0.00139259
  endloop
 endfacet
 facet normal 0.644541 0.582231 -0.495554
  outer loop
   vertex -0.0121335 -0.0104302 0.00138501
   vertex -0.0116101 -0.0104167 0.0020817
   vertex -0.011605 -0.0110117 0.00138922
  endloop
 endfacet
 facet normal 0.656433 0.561245 -0.504083
  outer loop
   vertex -0.0120939 -0.00984928 0.00208344
   vertex -0.0116101 -0.0104167 0.0020817
   vertex -0.0121335 -0.0104302 0.00138501
  endloop
 endfacet
 facet normal 0.615059 0.613329 -0.495511
  outer loop
   vertex -0.011605 -0.0110117 0.00138922
   vertex -0.0110647 -0.0109803 0.00209872
   vertex -0.0110415 -0.0115648 0.00140409
  endloop
 endfacet
 facet normal 0.628057 0.592486 -0.504485
  outer loop
   vertex -0.0116101 -0.0104167 0.0020817
   vertex -0.0110647 -0.0109803 0.00209872
   vertex -0.011605 -0.0110117 0.00138922
  endloop
 endfacet
 facet normal 0.5839 0.642963 -0.495639
  outer loop
   vertex -0.0110415 -0.0115648 0.00140409
   vertex -0.0104907 -0.0114959 0.00214237
   vertex -0.0104494 -0.0120967 0.00141167
  endloop
 endfacet
 facet normal 0.597947 0.623043 -0.504259
  outer loop
   vertex -0.0110647 -0.0109803 0.00209872
   vertex -0.0104907 -0.0114959 0.00214237
   vertex -0.0110415 -0.0115648 0.00140409
  endloop
 endfacet
 facet normal 0.550763 0.671954 -0.495114
  outer loop
   vertex -0.0104494 -0.0120967 0.00141167
   vertex -0.00990385 -0.0120223 0.00211941
   vertex -0.00980917 -0.012617 0.00141764
  endloop
 endfacet
 facet normal 0.565553 0.652432 -0.504462
  outer loop
   vertex -0.0104907 -0.0114959 0.00214237
   vertex -0.00990385 -0.0120223 0.00211941
   vertex -0.0104494 -0.0120967 0.00141167
  endloop
 endfacet
 facet normal 0.514872 0.700057 -0.494799
  outer loop
   vertex -0.00980917 -0.012617 0.00141764
   vertex -0.00923814 -0.0125321 0.002132
   vertex -0.00911993 -0.0131105 0.0014366
  endloop
 endfacet
 facet normal 0.530699 0.680586 -0.505135
  outer loop
   vertex -0.00990385 -0.0120223 0.00211941
   vertex -0.00923814 -0.0125321 0.002132
   vertex -0.00980917 -0.012617 0.00141764
  endloop
 endfacet
 facet normal 0.476452 0.726803 -0.494723
  outer loop
   vertex -0.00911993 -0.0131105 0.0014366
   vertex -0.00852996 -0.0129886 0.00218393
   vertex -0.00838417 -0.0135824 0.00145194
  endloop
 endfacet
 facet normal 0.493471 0.708068 -0.505101
  outer loop
   vertex -0.00923814 -0.0125321 0.002132
   vertex -0.00852996 -0.0129886 0.00218393
   vertex -0.00911993 -0.0131105 0.0014366
  endloop
 endfacet
 facet normal 0.43555 0.752293 -0.494319
  outer loop
   vertex -0.00838417 -0.0135824 0.00145194
   vertex -0.00777465 -0.0134554 0.00218228
   vertex -0.00760467 -0.0140403 0.00144192
  endloop
 endfacet
 facet normal 0.452794 0.734403 -0.505599
  outer loop
   vertex -0.00852996 -0.0129886 0.00218393
   vertex -0.00777465 -0.0134554 0.00218228
   vertex -0.00838417 -0.0135824 0.00145194
  endloop
 endfacet
 facet normal 0.391817 0.776398 -0.493646
  outer loop
   vertex -0.00760467 -0.0140403 0.00144192
   vertex -0.00700924 -0.0139011 0.00213344
   vertex -0.00677684 -0.0144637 0.0014331
  endloop
 endfacet
 facet normal 0.409807 0.759181 -0.50567
  outer loop
   vertex -0.00777465 -0.0134554 0.00218228
   vertex -0.00700924 -0.0139011 0.00213344
   vertex -0.00760467 -0.0140403 0.00144192
  endloop
 endfacet
 facet normal 0.345584 0.798149 -0.493488
  outer loop
   vertex -0.00677684 -0.0144637 0.0014331
   vertex -0.00618223 -0.0142879 0.00213385
   vertex -0.00591158 -0.0148314 0.00144433
  endloop
 endfacet
 facet normal 0.365554 0.781132 -0.506164
  outer loop
   vertex -0.00700924 -0.0139011 0.00213344
   vertex -0.00618223 -0.0142879 0.00213385
   vertex -0.00677684 -0.0144637 0.0014331
  endloop
 endfacet
 facet normal 0.298006 0.81687 -0.493878
  outer loop
   vertex -0.00591158 -0.0148314 0.00144433
   vertex -0.00532998 -0.0145959 0.0021847
   vertex -0.00502909 -0.0151452 0.00145783
  endloop
 endfacet
 facet normal 0.31976 0.801103 -0.505952
  outer loop
   vertex -0.00618223 -0.0142879 0.00213385
   vertex -0.00532998 -0.0145959 0.0021847
   vertex -0.00591158 -0.0148314 0.00144433
  endloop
 endfacet
 facet normal 0.249745 0.832913 -0.493845
  outer loop
   vertex -0.00502909 -0.0151452 0.00145783
   vertex -0.00445208 -0.0148871 0.00218482
   vertex -0.00413207 -0.0154207 0.0014468
  endloop
 endfacet
 facet normal 0.2716 0.818589 -0.506107
  outer loop
   vertex -0.00532998 -0.0145959 0.0021847
   vertex -0.00445208 -0.0148871 0.00218482
   vertex -0.00502909 -0.0151452 0.00145783
  endloop
 endfacet
 facet normal 0.20018 0.846469 -0.493374
  outer loop
   vertex -0.00413207 -0.0154207 0.0014468
   vertex -0.00357875 -0.0151498 0.002136
   vertex -0.00321104 -0.0156441 0.00143723
  endloop
 endfacet
 facet normal 0.222369 0.833355 -0.506035
  outer loop
   vertex -0.00445208 -0.0148871 0.00218482
   vertex -0.00357875 -0.0151498 0.002136
   vertex -0.00413207 -0.0154207 0.0014468
  endloop
 endfacet
 facet normal 0.149277 0.85695 -0.493308
  outer loop
   vertex -0.00321104 -0.0156441 0.00143723
   vertex -0.00267163 -0.015334 0.00213907
   vertex -0.00227128 -0.0157996 0.00145144
  endloop
 endfacet
 facet normal 0.17324 0.844754 -0.506338
  outer loop
   vertex -0.00357875 -0.0151498 0.002136
   vertex -0.00267163 -0.015334 0.00213907
   vertex -0.00321104 -0.0156441 0.00143723
  endloop
 endfacet
 facet normal 0.0978503 0.864116 -0.49369
  outer loop
   vertex -0.00227128 -0.0157996 0.00145144
   vertex -0.00175877 -0.015432 0.00219642
   vertex -0.00132475 -0.0158951 0.00147196
  endloop
 endfacet
 facet normal 0.123422 0.853601 -0.506094
  outer loop
   vertex -0.00267163 -0.015334 0.00213907
   vertex -0.00175877 -0.015432 0.00219642
   vertex -0.00227128 -0.0157996 0.00145144
  endloop
 endfacet
 facet normal 0.0462453 0.868406 -0.493692
  outer loop
   vertex -0.00132475 -0.0158951 0.00147196
   vertex -0.000814714 -0.0155007 0.00221335
   vertex -0.000370756 -0.015946 0.00147168
  endloop
 endfacet
 facet normal 0.0716399 0.85935 -0.506346
  outer loop
   vertex -0.00175877 -0.015432 0.00219642
   vertex -0.000814714 -0.0155007 0.00221335
   vertex -0.00132475 -0.0158951 0.00147196
  endloop
 endfacet
 facet normal -0.00555973 0.869618 -0.493694
  outer loop
   vertex -0.000370756 -0.015946 0.00147168
   vertex 0.000132198 -0.0155322 0.002195
   vertex 0.00058166 -0.0159518 0.00145067
  endloop
 endfacet
 facet normal 0.0188036 0.862124 -0.506348
  outer loop
   vertex -0.000814714 -0.0155007 0.00221335
   vertex 0.000132198 -0.0155322 0.002195
   vertex -0.000370756 -0.015946 0.00147168
  endloop
 endfacet
 facet normal -0.0575237 0.867957 -0.493297
  outer loop
   vertex 0.00058166 -0.0159518 0.00145067
   vertex 0.00105147 -0.0155304 0.00213734
   vertex 0.0015347 -0.0158976 0.00143495
  endloop
 endfacet
 facet normal -0.0333439 0.861839 -0.506085
  outer loop
   vertex 0.000132198 -0.0155322 0.002195
   vertex 0.00105147 -0.0155304 0.00213734
   vertex 0.00058166 -0.0159518 0.00145067
  endloop
 endfacet
 facet normal -0.10941 0.862939 -0.49332
  outer loop
   vertex 0.0015347 -0.0158976 0.00143495
   vertex 0.00197436 -0.0154433 0.0021322
   vertex 0.00247835 -0.0157736 0.00144258
  endloop
 endfacet
 facet normal -0.0838851 0.858237 -0.506352
  outer loop
   vertex 0.00105147 -0.0155304 0.00213734
   vertex 0.00197436 -0.0154433 0.0021322
   vertex 0.0015347 -0.0158976 0.00143495
  endloop
 endfacet
 facet normal -0.160377 0.854662 -0.493794
  outer loop
   vertex 0.00247835 -0.0157736 0.00144258
   vertex 0.00286982 -0.0152737 0.00218073
   vertex 0.00340339 -0.0155932 0.00145449
  endloop
 endfacet
 facet normal -0.133951 0.852047 -0.506037
  outer loop
   vertex 0.00197436 -0.0154433 0.0021322
   vertex 0.00286982 -0.0152737 0.00218073
   vertex 0.00247835 -0.0157736 0.00144258
  endloop
 endfacet
 facet normal -0.210243 0.843749 -0.493847
  outer loop
   vertex 0.00340339 -0.0155932 0.00145449
   vertex 0.00377513 -0.0150747 0.00218198
   vertex 0.00431634 -0.015372 0.00144362
  endloop
 endfacet
 facet normal -0.184455 0.842499 -0.506134
  outer loop
   vertex 0.00286982 -0.0152737 0.00218073
   vertex 0.00377513 -0.0150747 0.00218198
   vertex 0.00340339 -0.0155932 0.00145449
  endloop
 endfacet
 facet normal -0.259627 0.830106 -0.493475
  outer loop
   vertex 0.00431634 -0.015372 0.00144362
   vertex 0.00465558 -0.0148558 0.00213354
   vertex 0.00521612 -0.0150959 0.00143467
  endloop
 endfacet
 facet normal -0.234259 0.830132 -0.505968
  outer loop
   vertex 0.00377513 -0.0150747 0.00218198
   vertex 0.00465558 -0.0148558 0.00213354
   vertex 0.00431634 -0.015372 0.00144362
  endloop
 endfacet
 facet normal -0.308142 0.813316 -0.493523
  outer loop
   vertex 0.00521612 -0.0150959 0.00143467
   vertex 0.00551888 -0.0145566 0.00213439
   vertex 0.00609027 -0.0147577 0.00144627
  endloop
 endfacet
 facet normal -0.281935 0.815037 -0.506189
  outer loop
   vertex 0.00465558 -0.0148558 0.00213354
   vertex 0.00551888 -0.0145566 0.00213439
   vertex 0.00521612 -0.0150959 0.00143467
  endloop
 endfacet
 facet normal -0.355025 0.793675 -0.494001
  outer loop
   vertex 0.00609027 -0.0147577 0.00144627
   vertex 0.00633483 -0.0141863 0.0021885
   vertex 0.0069338 -0.0143708 0.00146161
  endloop
 endfacet
 facet normal -0.328461 0.797659 -0.50582
  outer loop
   vertex 0.00551888 -0.0145566 0.00213439
   vertex 0.00633483 -0.0141863 0.0021885
   vertex 0.00609027 -0.0147577 0.00144627
  endloop
 endfacet
 facet normal -0.400225 0.771789 -0.494128
  outer loop
   vertex 0.0069338 -0.0143708 0.00146161
   vertex 0.00715534 -0.0137828 0.00220067
   vertex 0.00775489 -0.0139497 0.00145439
  endloop
 endfacet
 facet normal -0.374638 0.776974 -0.505923
  outer loop
   vertex 0.00633483 -0.0141863 0.0021885
   vertex 0.00715534 -0.0137828 0.00220067
   vertex 0.0069338 -0.0143708 0.00146161
  endloop
 endfacet
 facet normal -0.443648 0.747598 -0.494241
  outer loop
   vertex 0.00775489 -0.0139497 0.00145439
   vertex 0.00794561 -0.013361 0.00217354
   vertex 0.00854535 -0.0134998 0.00142539
  endloop
 endfacet
 facet normal -0.419618 0.753793 -0.505684
  outer loop
   vertex 0.00715534 -0.0137828 0.00220067
   vertex 0.00794561 -0.013361 0.00217354
   vertex 0.00775489 -0.0139497 0.00145439
  endloop
 endfacet
 facet normal -0.485252 0.721391 -0.494091
  outer loop
   vertex 0.00854535 -0.0134998 0.00142539
   vertex 0.00869313 -0.0129328 0.00210796
   vertex 0.00929822 -0.0130115 0.00139888
  endloop
 endfacet
 facet normal -0.461868 0.728884 -0.505377
  outer loop
   vertex 0.00794561 -0.013361 0.00217354
   vertex 0.00869313 -0.0129328 0.00210796
   vertex 0.00854535 -0.0134998 0.00142539
  endloop
 endfacet
 facet normal -0.52421 0.693277 -0.494542
  outer loop
   vertex 0.00929822 -0.0130115 0.00139888
   vertex 0.00939181 -0.0124455 0.00209305
   vertex 0.00998933 -0.0124934 0.0013926
  endloop
 endfacet
 facet normal -0.500876 0.702671 -0.505347
  outer loop
   vertex 0.00869313 -0.0129328 0.00210796
   vertex 0.00939181 -0.0124455 0.00209305
   vertex 0.00929822 -0.0130115 0.00139888
  endloop
 endfacet
 facet normal -0.56012 0.664149 -0.495148
  outer loop
   vertex 0.00998933 -0.0124934 0.0013926
   vertex 0.0100163 -0.0119247 0.00212487
   vertex 0.010628 -0.0119538 0.00139391
  endloop
 endfacet
 facet normal -0.537599 0.675441 -0.504744
  outer loop
   vertex 0.00939181 -0.0124455 0.00209305
   vertex 0.0100163 -0.0119247 0.00212487
   vertex 0.00998933 -0.0124934 0.0013926
  endloop
 endfacet
 facet normal -0.594364 0.633911 -0.494862
  outer loop
   vertex 0.010628 -0.0119538 0.00139391
   vertex 0.0106328 -0.011399 0.00209881
   vertex 0.0112386 -0.0113724 0.00140534
  endloop
 endfacet
 facet normal -0.572401 0.646237 -0.504713
  outer loop
   vertex 0.0100163 -0.0119247 0.00212487
   vertex 0.0106328 -0.011399 0.00209881
   vertex 0.010628 -0.0119538 0.00139391
  endloop
 endfacet
 facet normal -0.627335 0.601417 -0.494721
  outer loop
   vertex 0.0112386 -0.0113724 0.00140534
   vertex 0.0112177 -0.0108055 0.00212096
   vertex 0.0118183 -0.0107444 0.00143354
  endloop
 endfacet
 facet normal -0.605235 0.615298 -0.505073
  outer loop
   vertex 0.0106328 -0.011399 0.00209881
   vertex 0.0112177 -0.0108055 0.00212096
   vertex 0.0112386 -0.0113724 0.00140534
  endloop
 endfacet
 facet normal -0.658858 0.566657 -0.494779
  outer loop
   vertex 0.0118183 -0.0107444 0.00143354
   vertex 0.0117576 -0.0101582 0.00218586
   vertex 0.012374 -0.0100737 0.00146187
  endloop
 endfacet
 facet normal -0.637219 0.582111 -0.505073
  outer loop
   vertex 0.0112177 -0.0108055 0.00212096
   vertex 0.0117576 -0.0101582 0.00218586
   vertex 0.0118183 -0.0107444 0.00143354
  endloop
 endfacet
 facet normal -0.689276 0.529541 -0.494453
  outer loop
   vertex 0.012374 -0.0100737 0.00146187
   vertex 0.0123071 -0.00946345 0.00220862
   vertex 0.0129193 -0.0093596 0.00146641
  endloop
 endfacet
 facet normal -0.668577 0.545377 -0.505539
  outer loop
   vertex 0.0117576 -0.0101582 0.00218586
   vertex 0.0123071 -0.00946345 0.00220862
   vertex 0.012374 -0.0100737 0.00146187
  endloop
 endfacet
 facet normal -0.718367 0.48968 -0.494127
  outer loop
   vertex 0.0129193 -0.0093596 0.00146641
   vertex 0.0128436 -0.00873722 0.00219321
   vertex 0.0134454 -0.00860541 0.00144896
  endloop
 endfacet
 facet normal -0.698944 0.50564 -0.505772
  outer loop
   vertex 0.0123071 -0.00946345 0.00220862
   vertex 0.0128436 -0.00873722 0.00219321
   vertex 0.0129193 -0.0093596 0.00146641
  endloop
 endfacet
 facet normal -0.746024 0.447147 -0.493464
  outer loop
   vertex 0.0134454 -0.00860541 0.00144896
   vertex 0.0133536 -0.00799842 0.00213781
   vertex 0.0139345 -0.00780119 0.00143819
  endloop
 endfacet
 facet normal -0.727208 0.464018 -0.505821
  outer loop
   vertex 0.0128436 -0.00873722 0.00219321
   vertex 0.0133536 -0.00799842 0.00213781
   vertex 0.0134454 -0.00860541 0.00144896
  endloop
 endfacet
 facet normal -0.771385 0.401992 -0.493322
  outer loop
   vertex 0.0139345 -0.00780119 0.00143819
   vertex 0.0138024 -0.00719376 0.00213987
   vertex 0.0143666 -0.00695344 0.00145337
  endloop
 endfacet
 facet normal -0.752596 0.421048 -0.506279
  outer loop
   vertex 0.0133536 -0.00799842 0.00213781
   vertex 0.0138024 -0.00719376 0.00213987
   vertex 0.0139345 -0.00780119 0.00143819
  endloop
 endfacet
 facet normal -0.793824 0.355143 -0.493678
  outer loop
   vertex 0.0143666 -0.00695344 0.00145337
   vertex 0.0141703 -0.0063543 0.00220009
   vertex 0.0147431 -0.00607839 0.00147745
  endloop
 endfacet
 facet normal -0.776011 0.376428 -0.506072
  outer loop
   vertex 0.0138024 -0.00719376 0.00213987
   vertex 0.0141703 -0.0063543 0.00220009
   vertex 0.0143666 -0.00695344 0.00145337
  endloop
 endfacet
 facet normal -0.813617 0.307113 -0.493669
  outer loop
   vertex 0.0147431 -0.00607839 0.00147745
   vertex 0.0145184 -0.00547286 0.00222453
   vertex 0.0150786 -0.0051803 0.00148321
  endloop
 endfacet
 facet normal -0.797154 0.328869 -0.50635
  outer loop
   vertex 0.0141703 -0.0063543 0.00220009
   vertex 0.0145184 -0.00547286 0.00222453
   vertex 0.0147431 -0.00607839 0.00147745
  endloop
 endfacet
 facet normal -0.830513 0.257865 -0.493715
  outer loop
   vertex 0.0150786 -0.0051803 0.00148321
   vertex 0.0148312 -0.0045691 0.00221861
   vertex 0.0153714 -0.00426868 0.00146693
  endloop
 endfacet
 facet normal -0.815867 0.27909 -0.506428
  outer loop
   vertex 0.0145184 -0.00547286 0.00222453
   vertex 0.0148312 -0.0045691 0.00221861
   vertex 0.0150786 -0.0051803 0.00148321
  endloop
 endfacet
 facet normal -0.844348 0.207991 -0.493778
  outer loop
   vertex 0.0153714 -0.00426868 0.00146693
   vertex 0.0151045 -0.00366324 0.00217824
   vertex 0.0156207 -0.0033519 0.00142681
  endloop
 endfacet
 facet normal -0.831586 0.228321 -0.506294
  outer loop
   vertex 0.0148312 -0.0045691 0.00221861
   vertex 0.0151045 -0.00366324 0.00217824
   vertex 0.0153714 -0.00426868 0.00146693
  endloop
 endfacet
 facet normal -0.855381 0.157569 -0.493453
  outer loop
   vertex 0.0156207 -0.0033519 0.00142681
   vertex 0.015338 -0.00277786 0.00209999
   vertex 0.0158283 -0.00241949 0.00136467
  endloop
 endfacet
 facet normal -0.852974 0.12904 -0.505752
  outer loop
   vertex 0.0158283 -0.00241949 0.00136467
   vertex 0.015338 -0.00277786 0.00209999
   vertex 0.015532 -0.00192687 0.00198998
  endloop
 endfacet
 facet normal -0.843989 0.177893 -0.506001
  outer loop
   vertex 0.0151045 -0.00366324 0.00217824
   vertex 0.015338 -0.00277786 0.00209999
   vertex 0.0156207 -0.0033519 0.00142681
  endloop
 endfacet
 facet normal 0.85833 0.103001 -0.502654
  outer loop
   vertex -0.0140904 -0.00128159 0.00459238
   vertex -0.0140447 -0.00208279 0.00450631
   vertex -0.0144338 -0.00142002 0.00397766
  endloop
 endfacet
 facet normal -0.862099 0.100152 -0.496744
  outer loop
   vertex 0.0152693 -0.00133843 0.00254984
   vertex 0.0150751 -0.00215342 0.00272252
   vertex 0.0148725 -0.00143862 0.00321829
  endloop
 endfacet
 facet normal -0.860203 0.109699 -0.498013
  outer loop
   vertex 0.0148725 -0.00143862 0.00321829
   vertex 0.0146057 -0.00229 0.00349166
   vertex 0.0144749 -0.00146793 0.00389858
  endloop
 endfacet
 facet normal -0.857001 0.106728 -0.504141
  outer loop
   vertex 0.0150751 -0.00215342 0.00272252
   vertex 0.0146057 -0.00229 0.00349166
   vertex 0.0148725 -0.00143862 0.00321829
  endloop
 endfacet
 facet normal -0.862746 0.111496 -0.493191
  outer loop
   vertex 0.0141238 -0.00136362 0.00452162
   vertex 0.0141053 -0.00234442 0.00433221
   vertex 0.0137256 -0.00162796 0.0051584
  endloop
 endfacet
 facet normal 0.817084 0.305808 -0.488729
  outer loop
   vertex -0.0131748 -0.00556905 0.00432413
   vertex -0.0136238 -0.00444077 0.00427938
   vertex -0.0130259 -0.0048145 0.00504521
  endloop
 endfacet
 facet normal 0.818496 0.264919 -0.509786
  outer loop
   vertex -0.0136238 -0.00444077 0.00427938
   vertex -0.0133776 -0.00373204 0.00504299
   vertex -0.0130259 -0.0048145 0.00504521
  endloop
 endfacet
 facet normal 0.860761 0.108731 -0.497261
  outer loop
   vertex -0.0140447 -0.00208279 0.00450631
   vertex -0.0144534 -0.00226321 0.00375932
   vertex -0.0144338 -0.00142002 0.00397766
  endloop
 endfacet
 facet normal -0.857356 0.113122 -0.502139
  outer loop
   vertex 0.0141238 -0.00136362 0.00452162
   vertex 0.0144749 -0.00146793 0.00389858
   vertex 0.0141053 -0.00234442 0.00433221
  endloop
 endfacet
 facet normal 0.856427 0.157449 -0.491673
  outer loop
   vertex -0.013592 -0.00264607 0.00511452
   vertex -0.0139676 -0.00314083 0.0043018
   vertex -0.0140447 -0.00208279 0.00450631
  endloop
 endfacet
 facet normal 0.849378 0.159166 -0.503214
  outer loop
   vertex -0.0140447 -0.00208279 0.00450631
   vertex -0.0139676 -0.00314083 0.0043018
   vertex -0.0144534 -0.00226321 0.00375932
  endloop
 endfacet
 facet normal 0.837893 0.198866 -0.508319
  outer loop
   vertex -0.0133776 -0.00373204 0.00504299
   vertex -0.0139676 -0.00314083 0.0043018
   vertex -0.013592 -0.00264607 0.00511452
  endloop
 endfacet
 facet normal 0.852422 0.149084 -0.501149
  outer loop
   vertex -0.0157844 -0.00244616 0.00143266
   vertex -0.01532 -0.00230088 0.00226586
   vertex -0.0153722 -0.00304499 0.00195568
  endloop
 endfacet
 facet normal 0.860317 0.107493 -0.498298
  outer loop
   vertex -0.01532 -0.00230088 0.00226586
   vertex -0.0157844 -0.00244616 0.00143266
   vertex -0.0156334 -0.00152596 0.00189192
  endloop
 endfacet
 facet normal -0.8577 0.0973883 -0.504842
  outer loop
   vertex 0.0152693 -0.00133843 0.00254984
   vertex 0.015532 -0.00192687 0.00198998
   vertex 0.0150751 -0.00215342 0.00272252
  endloop
 endfacet
 facet normal 0.758366 0.428866 -0.490871
  outer loop
   vertex -0.0121541 -0.00748659 0.00437371
   vertex -0.0126997 -0.00655576 0.0043441
   vertex -0.0120918 -0.00678313 0.00508454
  endloop
 endfacet
 facet normal -0.856998 0.112611 -0.502866
  outer loop
   vertex 0.0146057 -0.00229 0.00349166
   vertex 0.0141053 -0.00234442 0.00433221
   vertex 0.0144749 -0.00146793 0.00389858
  endloop
 endfacet
 facet normal 0.585377 0.630415 -0.509815
  outer loop
   vertex -0.00930615 -0.0108502 0.00433969
   vertex -0.00997396 -0.0108141 0.00361753
   vertex -0.0101337 -0.0100929 0.004326
  endloop
 endfacet
 facet normal 0.633489 0.582994 -0.508733
  outer loop
   vertex -0.0101337 -0.0100929 0.004326
   vertex -0.010827 -0.0100475 0.00351478
   vertex -0.0109028 -0.00927768 0.00430252
  endloop
 endfacet
 facet normal 0.676571 0.53258 -0.508537
  outer loop
   vertex -0.0109028 -0.00927768 0.00430252
   vertex -0.011636 -0.00909002 0.00352355
   vertex -0.0115685 -0.00839474 0.00434152
  endloop
 endfacet
 facet normal 0.66412 0.565662 -0.488847
  outer loop
   vertex -0.010827 -0.0100475 0.00351478
   vertex -0.011636 -0.00909002 0.00352355
   vertex -0.0109028 -0.00927768 0.00430252
  endloop
 endfacet
 facet normal 0.535217 0.674573 -0.508423
  outer loop
   vertex -0.00844183 -0.0115259 0.00435314
   vertex -0.00912478 -0.0115899 0.00354923
   vertex -0.00930615 -0.0108502 0.00433969
  endloop
 endfacet
 facet normal 0.566015 0.662751 -0.490294
  outer loop
   vertex -0.00912478 -0.0115899 0.00354923
   vertex -0.00997396 -0.0108141 0.00361753
   vertex -0.00930615 -0.0108502 0.00433969
  endloop
 endfacet
 facet normal 0.481656 0.713093 -0.509418
  outer loop
   vertex -0.00752326 -0.0121277 0.00437916
   vertex -0.00817301 -0.0122074 0.00365335
   vertex -0.00844183 -0.0115259 0.00435314
  endloop
 endfacet
 facet normal 0.42475 0.748278 -0.509575
  outer loop
   vertex -0.00657099 -0.0126841 0.00435595
   vertex -0.00726752 -0.0127674 0.00365297
   vertex -0.00752326 -0.0121277 0.00437916
  endloop
 endfacet
 facet normal 0.366145 0.779264 -0.508611
  outer loop
   vertex -0.00557011 -0.0131552 0.00435472
   vertex -0.00625508 -0.0133552 0.00355517
   vertex -0.00657099 -0.0126841 0.00435595
  endloop
 endfacet
 facet normal 0.401813 0.773681 -0.489861
  outer loop
   vertex -0.00625508 -0.0133552 0.00355517
   vertex -0.00726752 -0.0127674 0.00365297
   vertex -0.00657099 -0.0126841 0.00435595
  endloop
 endfacet
 facet normal 0.304661 0.80466 -0.509612
  outer loop
   vertex -0.00452736 -0.0135363 0.00437626
   vertex -0.00515184 -0.0137599 0.00364995
   vertex -0.00557011 -0.0131552 0.00435472
  endloop
 endfacet
 facet normal 0.240734 0.825985 -0.509702
  outer loop
   vertex -0.0034647 -0.0138584 0.00435614
   vertex -0.00412075 -0.0141026 0.00365066
   vertex -0.00452736 -0.0135363 0.00437626
  endloop
 endfacet
 facet normal 0.176371 0.842751 -0.508591
  outer loop
   vertex -0.0023813 -0.0140826 0.00436045
   vertex -0.00298561 -0.0144403 0.00355817
   vertex -0.0034647 -0.0138584 0.00435614
  endloop
 endfacet
 facet normal 0.211739 0.845842 -0.48961
  outer loop
   vertex -0.00298561 -0.0144403 0.00355817
   vertex -0.00412075 -0.0141026 0.00365066
   vertex -0.0034647 -0.0138584 0.00435614
  endloop
 endfacet
 facet normal 0.111213 0.853393 -0.509266
  outer loop
   vertex -0.00129295 -0.0142048 0.00439335
   vertex -0.00182222 -0.0145725 0.00366152
   vertex -0.0023813 -0.0140826 0.00436045
  endloop
 endfacet
 facet normal 0.0455888 0.859444 -0.509193
  outer loop
   vertex -0.000217512 -0.0142622 0.00439265
   vertex -0.000765621 -0.0146544 0.00368169
   vertex -0.00129295 -0.0142048 0.00439335
  endloop
 endfacet
 facet normal -0.0203258 0.860299 -0.509385
  outer loop
   vertex 0.000879244 -0.0142559 0.00435963
   vertex 0.000295874 -0.014684 0.00365979
   vertex -0.000217512 -0.0142622 0.00439265
  endloop
 endfacet
 facet normal 0.0141907 0.870878 -0.491294
  outer loop
   vertex 0.000295874 -0.014684 0.00365979
   vertex -0.000765621 -0.0146544 0.00368169
   vertex -0.000217512 -0.0142622 0.00439265
  endloop
 endfacet
 facet normal -0.086092 0.856749 -0.508497
  outer loop
   vertex 0.00197292 -0.0141496 0.00435352
   vertex 0.00146586 -0.014674 0.00355584
   vertex 0.000879244 -0.0142559 0.00435963
  endloop
 endfacet
 facet normal -0.151496 0.846976 -0.509588
  outer loop
   vertex 0.00306002 -0.0139421 0.00437521
   vertex 0.0026236 -0.014458 0.00364749
   vertex 0.00197292 -0.0141496 0.00435352
  endloop
 endfacet
 facet normal -0.122276 0.863239 -0.489762
  outer loop
   vertex 0.0026236 -0.014458 0.00364749
   vertex 0.00146586 -0.014674 0.00355584
   vertex 0.00197292 -0.0141496 0.00435352
  endloop
 endfacet
 facet normal -0.216995 0.832625 -0.509557
  outer loop
   vertex 0.00413035 -0.0136746 0.00435657
   vertex 0.00368236 -0.0142237 0.00365005
   vertex 0.00306002 -0.0139421 0.00437521
  endloop
 endfacet
 facet normal -0.280051 0.814419 -0.508226
  outer loop
   vertex 0.00515343 -0.0133208 0.0043597
   vertex 0.00481602 -0.0139381 0.00355646
   vertex 0.00413035 -0.0136746 0.00435657
  endloop
 endfacet
 facet normal -0.340136 0.790783 -0.50889
  outer loop
   vertex 0.00612903 -0.0128803 0.00439211
   vertex 0.00585644 -0.0134705 0.00365728
   vertex 0.00515343 -0.0133208 0.0043597
  endloop
 endfacet
 facet normal -0.317281 0.811653 -0.490462
  outer loop
   vertex 0.00585644 -0.0134705 0.00365728
   vertex 0.00481602 -0.0139381 0.00355646
   vertex 0.00515343 -0.0133208 0.0043597
  endloop
 endfacet
 facet normal -0.397971 0.76361 -0.508448
  outer loop
   vertex 0.00704698 -0.0124056 0.00438657
   vertex 0.00677958 -0.0130181 0.00367598
   vertex 0.00612903 -0.0128803 0.00439211
  endloop
 endfacet
 facet normal -0.452582 0.732738 -0.508198
  outer loop
   vertex 0.00793883 -0.0118829 0.00434591
   vertex 0.00766356 -0.0125395 0.00364448
   vertex 0.00704698 -0.0124056 0.00438657
  endloop
 endfacet
 facet normal -0.427961 0.757958 -0.49229
  outer loop
   vertex 0.00766356 -0.0125395 0.00364448
   vertex 0.00677958 -0.0130181 0.00367598
   vertex 0.00704698 -0.0124056 0.00438657
  endloop
 endfacet
 facet normal -0.504247 0.698873 -0.507258
  outer loop
   vertex 0.00877556 -0.0112921 0.00432822
   vertex 0.00860319 -0.0119974 0.00352786
   vertex 0.00793883 -0.0118829 0.00434591
  endloop
 endfacet
 facet normal -0.480151 0.726517 -0.491556
  outer loop
   vertex 0.00860319 -0.0119974 0.00352786
   vertex 0.00766356 -0.0125395 0.00364448
   vertex 0.00793883 -0.0118829 0.00434591
  endloop
 endfacet
 facet normal -0.552644 0.660505 -0.508249
  outer loop
   vertex 0.00956678 -0.0106303 0.00432789
   vertex 0.00944799 -0.0112885 0.00360173
   vertex 0.00877556 -0.0112921 0.00432822
  endloop
 endfacet
 facet normal -0.534321 0.687947 -0.491153
  outer loop
   vertex 0.00944799 -0.0112885 0.00360173
   vertex 0.00860319 -0.0119974 0.00352786
   vertex 0.00877556 -0.0112921 0.00432822
  endloop
 endfacet
 facet normal -0.598703 0.619999 -0.507105
  outer loop
   vertex 0.0102865 -0.00992185 0.00434438
   vertex 0.0102853 -0.0105865 0.00353309
   vertex 0.00956678 -0.0106303 0.00432789
  endloop
 endfacet
 facet normal -0.582861 0.647238 -0.491281
  outer loop
   vertex 0.0102853 -0.0105865 0.00353309
   vertex 0.00944799 -0.0112885 0.00360173
   vertex 0.00956678 -0.0106303 0.00432789
  endloop
 endfacet
 facet normal -0.640541 0.576 -0.507869
  outer loop
   vertex 0.0109457 -0.00915242 0.00438565
   vertex 0.0109806 -0.00976345 0.00364859
   vertex 0.0102865 -0.00992185 0.00434438
  endloop
 endfacet
 facet normal -0.630004 0.601162 -0.491629
  outer loop
   vertex 0.0109806 -0.00976345 0.00364859
   vertex 0.0102853 -0.0105865 0.00353309
   vertex 0.0102865 -0.00992185 0.00434438
  endloop
 endfacet
 facet normal -0.679962 0.52849 -0.508281
  outer loop
   vertex 0.011569 -0.00834358 0.00439275
   vertex 0.0116033 -0.0089847 0.00368023
   vertex 0.0109457 -0.00915242 0.00438565
  endloop
 endfacet
 facet normal -0.716643 0.476983 -0.508832
  outer loop
   vertex 0.0121708 -0.00746961 0.00436439
   vertex 0.0122116 -0.00815842 0.00366123
   vertex 0.011569 -0.00834358 0.00439275
  endloop
 endfacet
 facet normal -0.750502 0.422572 -0.508114
  outer loop
   vertex 0.0126974 -0.00653141 0.00436685
   vertex 0.0128588 -0.00721225 0.00356231
   vertex 0.0121708 -0.00746961 0.00436439
  endloop
 endfacet
 facet normal -0.742426 0.456529 -0.490291
  outer loop
   vertex 0.0128588 -0.00721225 0.00356231
   vertex 0.0122116 -0.00815842 0.00366123
   vertex 0.0121708 -0.00746961 0.00436439
  endloop
 endfacet
 facet normal -0.779612 0.364832 -0.509022
  outer loop
   vertex 0.0131363 -0.00554371 0.00440262
   vertex 0.0133288 -0.00615823 0.00366733
   vertex 0.0126974 -0.00653141 0.00436685
  endloop
 endfacet
 facet normal -0.804957 0.304808 -0.509055
  outer loop
   vertex 0.0135092 -0.0045422 0.00441266
   vertex 0.0137189 -0.0051858 0.00369569
   vertex 0.0131363 -0.00554371 0.00440262
  endloop
 endfacet
 facet normal -0.803199 0.336531 -0.491546
  outer loop
   vertex 0.0137189 -0.0051858 0.00369569
   vertex 0.0133288 -0.00615823 0.00366733
   vertex 0.0131363 -0.00554371 0.00440262
  endloop
 endfacet
 facet normal -0.825686 0.242757 -0.509227
  outer loop
   vertex 0.0138265 -0.00350181 0.00439409
   vertex 0.0140522 -0.00420698 0.00369195
   vertex 0.0135092 -0.0045422 0.00441266
  endloop
 endfacet
 facet normal -0.842253 0.175624 -0.509673
  outer loop
   vertex 0.0141053 -0.00234442 0.00433221
   vertex 0.0143385 -0.00321385 0.00364719
   vertex 0.0138265 -0.00350181 0.00439409
  endloop
 endfacet
 facet normal -0.842064 0.220575 -0.492214
  outer loop
   vertex 0.0138265 -0.00350181 0.00439409
   vertex 0.0143385 -0.00321385 0.00364719
   vertex 0.0140522 -0.00420698 0.00369195
  endloop
 endfacet
 facet normal -0.852407 0.162822 -0.496882
  outer loop
   vertex 0.0146057 -0.00229 0.00349166
   vertex 0.0143385 -0.00321385 0.00364719
   vertex 0.0141053 -0.00234442 0.00433221
  endloop
 endfacet
 facet normal -0.855585 0.148881 -0.495791
  outer loop
   vertex 0.0150751 -0.00215342 0.00272252
   vertex 0.014842 -0.00301955 0.00286468
   vertex 0.0146057 -0.00229 0.00349166
  endloop
 endfacet
 facet normal -0.847724 0.159977 -0.505739
  outer loop
   vertex 0.014842 -0.00301955 0.00286468
   vertex 0.0143385 -0.00321385 0.00364719
   vertex 0.0146057 -0.00229 0.00349166
  endloop
 endfacet
 facet normal 0.852136 0.157354 -0.499103
  outer loop
   vertex -0.0144534 -0.00226321 0.00375932
   vertex -0.0145081 -0.0031059 0.00340029
   vertex -0.0148878 -0.0022999 0.00300621
  endloop
 endfacet
 facet normal 0.714977 0.479082 -0.509204
  outer loop
   vertex -0.0115685 -0.00839474 0.00434152
   vertex -0.0122223 -0.00816016 0.00364428
   vertex -0.0121541 -0.00748659 0.00437371
  endloop
 endfacet
 facet normal 0.706633 0.509287 -0.491219
  outer loop
   vertex -0.011636 -0.00909002 0.00352355
   vertex -0.0122223 -0.00816016 0.00364428
   vertex -0.0115685 -0.00839474 0.00434152
  endloop
 endfacet
 facet normal 0.853222 0.153885 -0.498329
  outer loop
   vertex -0.0148878 -0.0022999 0.00300621
   vertex -0.0149535 -0.00312144 0.00264004
   vertex -0.01532 -0.00230088 0.00226586
  endloop
 endfacet
 facet normal 0.850684 0.150285 -0.503738
  outer loop
   vertex -0.01532 -0.00230088 0.00226586
   vertex -0.0149535 -0.00312144 0.00264004
   vertex -0.0153722 -0.00304499 0.00195568
  endloop
 endfacet
 facet normal 0.850964 0.155551 -0.501662
  outer loop
   vertex -0.0145081 -0.0031059 0.00340029
   vertex -0.0149535 -0.00312144 0.00264004
   vertex -0.0148878 -0.0022999 0.00300621
  endloop
 endfacet
 facet normal 0.846526 0.191943 -0.49654
  outer loop
   vertex -0.0153722 -0.00304499 0.00195568
   vertex -0.0149535 -0.00312144 0.00264004
   vertex -0.0151142 -0.00383952 0.00208834
  endloop
 endfacet
 facet normal 0.835471 0.238786 -0.494943
  outer loop
   vertex -0.0151142 -0.00383952 0.00208834
   vertex -0.014578 -0.00403273 0.00290026
   vertex -0.0148322 -0.00470214 0.00214824
  endloop
 endfacet
 facet normal 0.820894 0.287261 -0.493573
  outer loop
   vertex -0.0148322 -0.00470214 0.00214824
   vertex -0.014302 -0.00502557 0.00284183
   vertex -0.0145323 -0.00557763 0.00213752
  endloop
 endfacet
 facet normal 0.821838 0.258369 -0.507767
  outer loop
   vertex -0.014578 -0.00403273 0.00290026
   vertex -0.014302 -0.00502557 0.00284183
   vertex -0.0148322 -0.00470214 0.00214824
  endloop
 endfacet
 facet normal 0.802481 0.333857 -0.494534
  outer loop
   vertex -0.0145323 -0.00557763 0.00213752
   vertex -0.0139768 -0.00585993 0.00284832
   vertex -0.0142138 -0.00639275 0.00210399
  endloop
 endfacet
 facet normal 0.804961 0.309796 -0.506027
  outer loop
   vertex -0.014302 -0.00502557 0.00284183
   vertex -0.0139768 -0.00585993 0.00284832
   vertex -0.0145323 -0.00557763 0.00213752
  endloop
 endfacet
 facet normal 0.782888 0.378634 -0.493682
  outer loop
   vertex -0.0142138 -0.00639275 0.00210399
   vertex -0.0137171 -0.00660892 0.00272593
   vertex -0.0138319 -0.00716643 0.00211631
  endloop
 endfacet
 facet normal 0.786705 0.355283 -0.504847
  outer loop
   vertex -0.0139768 -0.00585993 0.00284832
   vertex -0.0137171 -0.00660892 0.00272593
   vertex -0.0142138 -0.00639275 0.00210399
  endloop
 endfacet
 facet normal 0.76024 0.420139 -0.495499
  outer loop
   vertex -0.0138319 -0.00716643 0.00211631
   vertex -0.0132893 -0.00723859 0.00288758
   vertex -0.0134083 -0.00787139 0.00216852
  endloop
 endfacet
 facet normal 0.76899 0.392991 -0.504195
  outer loop
   vertex -0.0137171 -0.00660892 0.00272593
   vertex -0.0132893 -0.00723859 0.00288758
   vertex -0.0138319 -0.00716643 0.00211631
  endloop
 endfacet
 facet normal 0.73736 0.459189 -0.495424
  outer loop
   vertex -0.0134083 -0.00787139 0.00216852
   vertex -0.0128421 -0.00796765 0.00292199
   vertex -0.0129793 -0.00856195 0.00216689
  endloop
 endfacet
 facet normal 0.746044 0.433821 -0.505191
  outer loop
   vertex -0.0132893 -0.00723859 0.00288758
   vertex -0.0128421 -0.00796765 0.00292199
   vertex -0.0134083 -0.00787139 0.00216852
  endloop
 endfacet
 facet normal 0.68744 0.531554 -0.49485
  outer loop
   vertex -0.0125613 -0.00922415 0.00210563
   vertex -0.012047 -0.00932311 0.00271378
   vertex -0.0120939 -0.00984928 0.00208344
  endloop
 endfacet
 facet normal 0.631902 0.596497 -0.494864
  outer loop
   vertex -0.0116101 -0.0104167 0.0020817
   vertex -0.0111127 -0.0104245 0.00270743
   vertex -0.0110647 -0.0109803 0.00209872
  endloop
 endfacet
 facet normal 0.600791 0.626907 -0.496021
  outer loop
   vertex -0.0110647 -0.0109803 0.00209872
   vertex -0.0105352 -0.0108786 0.00286874
   vertex -0.0104907 -0.0114959 0.00214237
  endloop
 endfacet
 facet normal 0.616439 0.605055 -0.503896
  outer loop
   vertex -0.0111127 -0.0104245 0.00270743
   vertex -0.0105352 -0.0108786 0.00286874
   vertex -0.0110647 -0.0109803 0.00209872
  endloop
 endfacet
 facet normal 0.534438 0.685741 -0.494101
  outer loop
   vertex -0.00990385 -0.0120223 0.00211941
   vertex -0.00938065 -0.0119782 0.00274654
   vertex -0.00923814 -0.0125321 0.002132
  endloop
 endfacet
 facet normal 0.456191 0.73986 -0.494466
  outer loop
   vertex -0.00852996 -0.0129886 0.00218393
   vertex -0.00793515 -0.0128561 0.00293092
   vertex -0.00777465 -0.0134554 0.00218228
  endloop
 endfacet
 facet normal 0.368789 0.788065 -0.492898
  outer loop
   vertex -0.00700924 -0.0139011 0.00213344
   vertex -0.00644813 -0.0137778 0.00275042
   vertex -0.00618223 -0.0142879 0.00213385
  endloop
 endfacet
 facet normal 0.273803 0.825236 -0.493982
  outer loop
   vertex -0.00532998 -0.0145959 0.0021847
   vertex -0.00475915 -0.0143382 0.00293176
   vertex -0.00445208 -0.0148871 0.00218482
  endloop
 endfacet
 facet normal 0.174762 0.852476 -0.49269
  outer loop
   vertex -0.00357875 -0.0151498 0.002136
   vertex -0.0030601 -0.0148994 0.00275325
   vertex -0.00267163 -0.015334 0.00213907
  endloop
 endfacet
 facet normal 0.0719451 0.866658 -0.493688
  outer loop
   vertex -0.00175877 -0.015432 0.00219642
   vertex -0.00127441 -0.015043 0.00294987
   vertex -0.000814714 -0.0155007 0.00221335
  endloop
 endfacet
 facet normal -0.0326148 0.868704 -0.494258
  outer loop
   vertex 0.000132198 -0.0155322 0.002195
   vertex 0.000663542 -0.0151091 0.00290355
   vertex 0.00105147 -0.0155304 0.00213734
  endloop
 endfacet
 facet normal -0.135847 0.85867 -0.494198
  outer loop
   vertex 0.00197436 -0.0154433 0.0021322
   vertex 0.00230909 -0.0149506 0.00289627
   vertex 0.00286982 -0.0152737 0.00218073
  endloop
 endfacet
 facet normal -0.185982 0.84937 -0.493944
  outer loop
   vertex 0.00286982 -0.0152737 0.00218073
   vertex 0.00324064 -0.0147585 0.00292696
   vertex 0.00377513 -0.0150747 0.00218198
  endloop
 endfacet
 facet normal -0.158049 0.847578 -0.506588
  outer loop
   vertex 0.00230909 -0.0149506 0.00289627
   vertex 0.00324064 -0.0147585 0.00292696
   vertex 0.00286982 -0.0152737 0.00218073
  endloop
 endfacet
 facet normal -0.284462 0.822291 -0.492868
  outer loop
   vertex 0.00465558 -0.0148558 0.00213354
   vertex 0.00497561 -0.014376 0.00274924
   vertex 0.00551888 -0.0145566 0.00213439
  endloop
 endfacet
 facet normal -0.377784 0.783014 -0.494134
  outer loop
   vertex 0.00633483 -0.0141863 0.0021885
   vertex 0.00654627 -0.0136084 0.00294262
   vertex 0.00715534 -0.0137828 0.00220067
  endloop
 endfacet
 facet normal -0.464192 0.734537 -0.494955
  outer loop
   vertex 0.00794561 -0.013361 0.00217354
   vertex 0.00815999 -0.0127499 0.00287946
   vertex 0.00869313 -0.0129328 0.00210796
  endloop
 endfacet
 facet normal -0.541335 0.679351 -0.495418
  outer loop
   vertex 0.00939181 -0.0124455 0.00209305
   vertex 0.00940748 -0.0118778 0.00285446
   vertex 0.0100163 -0.0119247 0.00212487
  endloop
 endfacet
 facet normal -0.60992 0.619509 -0.494172
  outer loop
   vertex 0.0106328 -0.011399 0.00209881
   vertex 0.0106504 -0.0108805 0.00272716
   vertex 0.0112177 -0.0108055 0.00212096
  endloop
 endfacet
 facet normal -0.67372 0.549085 -0.494578
  outer loop
   vertex 0.0117576 -0.0101582 0.00218586
   vertex 0.0116679 -0.00958512 0.00294428
   vertex 0.0123071 -0.00946345 0.00220862
  endloop
 endfacet
 facet normal -0.704176 0.50975 -0.494259
  outer loop
   vertex 0.0123071 -0.00946345 0.00220862
   vertex 0.0122375 -0.00884367 0.00294692
   vertex 0.0128436 -0.00873722 0.00219321
  endloop
 endfacet
 facet normal -0.682947 0.526511 -0.506329
  outer loop
   vertex 0.0116679 -0.00958512 0.00294428
   vertex 0.0122375 -0.00884367 0.00294692
   vertex 0.0123071 -0.00946345 0.00220862
  endloop
 endfacet
 facet normal -0.759427 0.424823 -0.492743
  outer loop
   vertex 0.0133536 -0.00799842 0.00213781
   vertex 0.0132722 -0.00742985 0.00275342
   vertex 0.0138024 -0.00719376 0.00213987
  endloop
 endfacet
 facet normal -0.804082 0.331254 -0.493682
  outer loop
   vertex 0.0141703 -0.0063543 0.00220009
   vertex 0.0139422 -0.00578052 0.00295651
   vertex 0.0145184 -0.00547286 0.00222453
  endloop
 endfacet
 facet normal -0.838314 0.230904 -0.493875
  outer loop
   vertex 0.0148312 -0.0045691 0.00221861
   vertex 0.0145808 -0.00392983 0.00294264
   vertex 0.0151045 -0.00366324 0.00217824
  endloop
 endfacet
 facet normal -0.858877 0.131783 -0.494939
  outer loop
   vertex 0.015532 -0.00192687 0.00198998
   vertex 0.015338 -0.00277786 0.00209999
   vertex 0.0150751 -0.00215342 0.00272252
  endloop
 endfacet
 facet normal 0.780001 0.365299 -0.50809
  outer loop
   vertex -0.0126997 -0.00655576 0.0043441
   vertex -0.0133232 -0.00635717 0.00352964
   vertex -0.0131748 -0.00556905 0.00432413
  endloop
 endfacet
 facet normal 0.749581 0.42314 -0.509
  outer loop
   vertex -0.0121541 -0.00748659 0.00437371
   vertex -0.0127584 -0.00729221 0.00364535
   vertex -0.0126997 -0.00655576 0.0043441
  endloop
 endfacet
 facet normal -0.0509979 0.870274 -0.48992
  outer loop
   vertex 0.000879244 -0.0142559 0.00435963
   vertex 0.00146586 -0.014674 0.00355584
   vertex 0.000295874 -0.014684 0.00365979
  endloop
 endfacet
 facet normal 0.511376 0.705529 -0.490636
  outer loop
   vertex -0.00844183 -0.0115259 0.00435314
   vertex -0.00817301 -0.0122074 0.00365335
   vertex -0.00912478 -0.0115899 0.00354923
  endloop
 endfacet
 facet normal 0.458021 0.740837 -0.491303
  outer loop
   vertex -0.00752326 -0.0121277 0.00437916
   vertex -0.00726752 -0.0127674 0.00365297
   vertex -0.00817301 -0.0122074 0.00365335
  endloop
 endfacet
 facet normal 0.275089 0.826619 -0.490945
  outer loop
   vertex -0.00452736 -0.0135363 0.00437626
   vertex -0.00412075 -0.0141026 0.00365066
   vertex -0.00515184 -0.0137599 0.00364995
  endloop
 endfacet
 facet normal 0.076595 0.867582 -0.49136
  outer loop
   vertex -0.00129295 -0.0142048 0.00439335
   vertex -0.000765621 -0.0146544 0.00368169
   vertex -0.00182222 -0.0145725 0.00366152
  endloop
 endfacet
 facet normal -0.187102 0.850843 -0.490977
  outer loop
   vertex 0.00368236 -0.0142237 0.00365005
   vertex 0.0026236 -0.014458 0.00364749
   vertex 0.00306002 -0.0139421 0.00437521
  endloop
 endfacet
 facet normal -0.250797 0.83492 -0.489908
  outer loop
   vertex 0.00413035 -0.0136746 0.00435657
   vertex 0.00481602 -0.0139381 0.00355646
   vertex 0.00368236 -0.0142237 0.00365005
  endloop
 endfacet
 facet normal -0.669882 0.555683 -0.492417
  outer loop
   vertex 0.0116033 -0.0089847 0.00368023
   vertex 0.0109806 -0.00976345 0.00364859
   vertex 0.0109457 -0.00915242 0.00438565
  endloop
 endfacet
 facet normal -0.70651 0.508829 -0.49187
  outer loop
   vertex 0.011569 -0.00834358 0.00439275
   vertex 0.0122116 -0.00815842 0.00366123
   vertex 0.0116033 -0.0089847 0.00368023
  endloop
 endfacet
 facet normal -0.824838 0.27902 -0.491721
  outer loop
   vertex 0.0140522 -0.00420698 0.00369195
   vertex 0.0137189 -0.0051858 0.00369569
   vertex 0.0135092 -0.0045422 0.00441266
  endloop
 endfacet
 facet normal -0.850398 0.145891 -0.505508
  outer loop
   vertex 0.0150751 -0.00215342 0.00272252
   vertex 0.015338 -0.00277786 0.00209999
   vertex 0.014842 -0.00301955 0.00286468
  endloop
 endfacet
 facet normal 0.842647 0.23122 -0.486296
  outer loop
   vertex -0.0136238 -0.00444077 0.00427938
   vertex -0.0139676 -0.00314083 0.0043018
   vertex -0.0133776 -0.00373204 0.00504299
  endloop
 endfacet
 facet normal 0.849417 0.159244 -0.503123
  outer loop
   vertex -0.0144534 -0.00226321 0.00375932
   vertex -0.0139676 -0.00314083 0.0043018
   vertex -0.0145081 -0.0031059 0.00340029
  endloop
 endfacet
 facet normal 0.74037 0.457954 -0.492068
  outer loop
   vertex -0.0122223 -0.00816016 0.00364428
   vertex -0.0127584 -0.00729221 0.00364535
   vertex -0.0121541 -0.00748659 0.00437371
  endloop
 endfacet
 facet normal -0.776804 0.395245 -0.490263
  outer loop
   vertex 0.0126974 -0.00653141 0.00436685
   vertex 0.0133288 -0.00615823 0.00366733
   vertex 0.0128588 -0.00721225 0.00356231
  endloop
 endfacet
 facet normal 0.614469 0.61791 -0.490525
  outer loop
   vertex -0.00997396 -0.0108141 0.00361753
   vertex -0.010827 -0.0100475 0.00351478
   vertex -0.0101337 -0.0100929 0.004326
  endloop
 endfacet
 facet normal 0.838732 0.20102 -0.506083
  outer loop
   vertex -0.0149535 -0.00312144 0.00264004
   vertex -0.014578 -0.00403273 0.00290026
   vertex -0.0151142 -0.00383952 0.00208834
  endloop
 endfacet
 facet normal 0.141313 0.86021 -0.489968
  outer loop
   vertex -0.0023813 -0.0140826 0.00436045
   vertex -0.00182222 -0.0145725 0.00366152
   vertex -0.00298561 -0.0144403 0.00355817
  endloop
 endfacet
 facet normal 0.337026 0.804023 -0.489858
  outer loop
   vertex -0.00557011 -0.0131552 0.00435472
   vertex -0.00515184 -0.0137599 0.00364995
   vertex -0.00625508 -0.0133552 0.00355517
  endloop
 endfacet
 facet normal 0.712917 0.495917 -0.495799
  outer loop
   vertex -0.0129793 -0.00856195 0.00216689
   vertex -0.0123945 -0.00868342 0.00288635
   vertex -0.0125613 -0.00922415 0.00210563
  endloop
 endfacet
 facet normal 0.659936 0.564207 -0.496139
  outer loop
   vertex -0.0120939 -0.00984928 0.00208344
   vertex -0.0115444 -0.00983488 0.00283074
   vertex -0.0116101 -0.0104167 0.0020817
  endloop
 endfacet
 facet normal 0.569138 0.656044 -0.49567
  outer loop
   vertex -0.0104907 -0.0114959 0.00214237
   vertex -0.00991839 -0.0114329 0.00288292
   vertex -0.00990385 -0.0120223 0.00211941
  endloop
 endfacet
 facet normal 0.496063 0.713212 -0.495227
  outer loop
   vertex -0.00923814 -0.0125321 0.002132
   vertex -0.00870682 -0.0123663 0.002903
   vertex -0.00852996 -0.0129886 0.00218393
  endloop
 endfacet
 facet normal 0.413576 0.764437 -0.494562
  outer loop
   vertex -0.00777465 -0.0134554 0.00218228
   vertex -0.00714002 -0.013336 0.00289752
   vertex -0.00700924 -0.0139011 0.00213344
  endloop
 endfacet
 facet normal 0.321438 0.807665 -0.494323
  outer loop
   vertex -0.00618223 -0.0142879 0.00213385
   vertex -0.0056581 -0.0140277 0.00289971
   vertex -0.00532998 -0.0145959 0.0021847
  endloop
 endfacet
 facet normal 0.224948 0.839731 -0.494217
  outer loop
   vertex -0.00445208 -0.0148871 0.00218482
   vertex -0.00385062 -0.0146277 0.00289942
   vertex -0.00357875 -0.0151498 0.002136
  endloop
 endfacet
 facet normal 0.12342 0.860535 -0.494214
  outer loop
   vertex -0.00267163 -0.015334 0.00213907
   vertex -0.00222877 -0.0149569 0.00290625
   vertex -0.00175877 -0.015432 0.00219642
  endloop
 endfacet
 facet normal 0.0192914 0.869427 -0.493685
  outer loop
   vertex -0.000814714 -0.0155007 0.00221335
   vertex -0.000296211 -0.0150958 0.00294678
   vertex 0.000132198 -0.0155322 0.002195
  endloop
 endfacet
 facet normal -0.084551 0.866095 -0.492678
  outer loop
   vertex 0.00105147 -0.0155304 0.00213734
   vertex 0.00149597 -0.0151381 0.00275071
   vertex 0.00197436 -0.0154433 0.0021322
  endloop
 endfacet
 facet normal -0.235282 0.836819 -0.494344
  outer loop
   vertex 0.00377513 -0.0150747 0.00218198
   vertex 0.00416738 -0.0145411 0.0028986
   vertex 0.00465558 -0.0148558 0.00213354
  endloop
 endfacet
 facet normal -0.331808 0.803374 -0.494463
  outer loop
   vertex 0.00551888 -0.0145566 0.00213439
   vertex 0.00570507 -0.0140081 0.0029007
   vertex 0.00633483 -0.0141863 0.0021885
  endloop
 endfacet
 facet normal -0.42238 0.759694 -0.49443
  outer loop
   vertex 0.00715534 -0.0137828 0.00220067
   vertex 0.00737862 -0.01318 0.00293613
   vertex 0.00794561 -0.013361 0.00217354
  endloop
 endfacet
 facet normal -0.504511 0.708235 -0.493834
  outer loop
   vertex 0.00869313 -0.0129328 0.00210796
   vertex 0.00884814 -0.0123981 0.00271654
   vertex 0.00939181 -0.0124455 0.00209305
  endloop
 endfacet
 facet normal -0.575663 0.650524 -0.49541
  outer loop
   vertex 0.0100163 -0.0119247 0.00212487
   vertex 0.0100456 -0.0113394 0.00285939
   vertex 0.0106328 -0.011399 0.00209881
  endloop
 endfacet
 facet normal -0.642048 0.585163 -0.495336
  outer loop
   vertex 0.0112177 -0.0108055 0.00212096
   vertex 0.0111061 -0.0102753 0.00289188
   vertex 0.0117576 -0.0101582 0.00218586
  endloop
 endfacet
 facet normal -0.732251 0.468353 -0.494423
  outer loop
   vertex 0.0128436 -0.00873722 0.00219321
   vertex 0.0127802 -0.00808739 0.00290267
   vertex 0.0133536 -0.00799842 0.00213781
  endloop
 endfacet
 facet normal -0.782619 0.378475 -0.494232
  outer loop
   vertex 0.0138024 -0.00719376 0.00213987
   vertex 0.0135761 -0.00666011 0.00290684
   vertex 0.0141703 -0.0063543 0.00220009
  endloop
 endfacet
 facet normal -0.839438 0.197575 -0.506268
  outer loop
   vertex 0.0145808 -0.00392983 0.00294264
   vertex 0.014842 -0.00301955 0.00286468
   vertex 0.0151045 -0.00366324 0.00217824
  endloop
 endfacet
 facet normal -0.822861 0.281595 -0.493562
  outer loop
   vertex 0.0145184 -0.00547286 0.00222453
   vertex 0.0142824 -0.00486075 0.00296713
   vertex 0.0148312 -0.0045691 0.00221861
  endloop
 endfacet
 facet normal -0.850245 0.180564 -0.494449
  outer loop
   vertex 0.0151045 -0.00366324 0.00217824
   vertex 0.014842 -0.00301955 0.00286468
   vertex 0.015338 -0.00277786 0.00209999
  endloop
 endfacet
 facet normal -0.375053 0.785738 -0.491885
  outer loop
   vertex 0.00677958 -0.0130181 0.00367598
   vertex 0.00585644 -0.0134705 0.00365728
   vertex 0.00612903 -0.0128803 0.00439211
  endloop
 endfacet
 facet normal 0.771006 0.404878 -0.491553
  outer loop
   vertex -0.0126997 -0.00655576 0.0043441
   vertex -0.0127584 -0.00729221 0.00364535
   vertex -0.0133232 -0.00635717 0.00352964
  endloop
 endfacet
 facet normal 0.694674 0.513297 -0.503938
  outer loop
   vertex -0.0123945 -0.00868342 0.00288635
   vertex -0.012047 -0.00932311 0.00271378
   vertex -0.0125613 -0.00922415 0.00210563
  endloop
 endfacet
 facet normal 0.805819 0.300471 -0.510268
  outer loop
   vertex -0.0131748 -0.00556905 0.00432413
   vertex -0.0137251 -0.00534154 0.00358905
   vertex -0.0136238 -0.00444077 0.00427938
  endloop
 endfacet
 facet normal -0.10708 0.856294 -0.505268
  outer loop
   vertex 0.00197436 -0.0154433 0.0021322
   vertex 0.00149597 -0.0151381 0.00275071
   vertex 0.00230909 -0.0149506 0.00289627
  endloop
 endfacet
 facet normal 0.100392 0.8563 -0.506627
  outer loop
   vertex -0.00175877 -0.015432 0.00219642
   vertex -0.00222877 -0.0149569 0.00290625
   vertex -0.00127441 -0.015043 0.00294987
  endloop
 endfacet
 facet normal -0.349374 0.788441 -0.506259
  outer loop
   vertex 0.00633483 -0.0141863 0.0021885
   vertex 0.00570507 -0.0140081 0.0029007
   vertex 0.00654627 -0.0136084 0.00294262
  endloop
 endfacet
 facet normal -0.443861 0.739785 -0.505673
  outer loop
   vertex 0.00794561 -0.013361 0.00217354
   vertex 0.00737862 -0.01318 0.00293613
   vertex 0.00815999 -0.0127499 0.00287946
  endloop
 endfacet
 facet normal -0.518142 0.69074 -0.504388
  outer loop
   vertex 0.00939181 -0.0124455 0.00209305
   vertex 0.00884814 -0.0123981 0.00271654
   vertex 0.00940748 -0.0118778 0.00285446
  endloop
 endfacet
 facet normal -0.589248 0.631179 -0.504382
  outer loop
   vertex 0.0106328 -0.011399 0.00209881
   vertex 0.0100456 -0.0113394 0.00285939
   vertex 0.0106504 -0.0108805 0.00272716
  endloop
 endfacet
 facet normal -0.649966 0.567381 -0.505592
  outer loop
   vertex 0.0117576 -0.0101582 0.00218586
   vertex 0.0111061 -0.0102753 0.00289188
   vertex 0.0116679 -0.00958512 0.00294428
  endloop
 endfacet
 facet normal -0.785477 0.355593 -0.506536
  outer loop
   vertex 0.0141703 -0.0063543 0.00220009
   vertex 0.0135761 -0.00666011 0.00290684
   vertex 0.0139422 -0.00578052 0.00295651
  endloop
 endfacet
 facet normal -0.824699 0.250939 -0.506854
  outer loop
   vertex 0.0148312 -0.0045691 0.00221861
   vertex 0.0142824 -0.00486075 0.00296713
   vertex 0.0145808 -0.00392983 0.00294264
  endloop
 endfacet
 facet normal -0.806509 0.304172 -0.506975
  outer loop
   vertex 0.0145184 -0.00547286 0.00222453
   vertex 0.0139422 -0.00578052 0.00295651
   vertex 0.0142824 -0.00486075 0.00296713
  endloop
 endfacet
 facet normal -0.763638 0.402152 -0.505105
  outer loop
   vertex 0.0138024 -0.00719376 0.00213987
   vertex 0.0132722 -0.00742985 0.00275342
   vertex 0.0135761 -0.00666011 0.00290684
  endloop
 endfacet
 facet normal -0.714412 0.483023 -0.506265
  outer loop
   vertex 0.0128436 -0.00873722 0.00219321
   vertex 0.0122375 -0.00884367 0.00294692
   vertex 0.0127802 -0.00808739 0.00290267
  endloop
 endfacet
 facet normal -0.618353 0.602916 -0.504115
  outer loop
   vertex 0.0112177 -0.0108055 0.00212096
   vertex 0.0106504 -0.0108805 0.00272716
   vertex 0.0111061 -0.0102753 0.00289188
  endloop
 endfacet
 facet normal -0.554275 0.661575 -0.505072
  outer loop
   vertex 0.0100163 -0.0119247 0.00212487
   vertex 0.00940748 -0.0118778 0.00285446
   vertex 0.0100456 -0.0113394 0.00285939
  endloop
 endfacet
 facet normal -0.484745 0.714551 -0.504419
  outer loop
   vertex 0.00869313 -0.0129328 0.00210796
   vertex 0.00815999 -0.0127499 0.00287946
   vertex 0.00884814 -0.0123981 0.00271654
  endloop
 endfacet
 facet normal -0.397777 0.76511 -0.506339
  outer loop
   vertex 0.00715534 -0.0137828 0.00220067
   vertex 0.00654627 -0.0136084 0.00294262
   vertex 0.00737862 -0.01318 0.00293613
  endloop
 endfacet
 facet normal -0.302848 0.80825 -0.50499
  outer loop
   vertex 0.00551888 -0.0145566 0.00213439
   vertex 0.00497561 -0.014376 0.00274924
   vertex 0.00570507 -0.0140081 0.0029007
  endloop
 endfacet
 facet normal -0.211594 0.83583 -0.506573
  outer loop
   vertex 0.00377513 -0.0150747 0.00218198
   vertex 0.00324064 -0.0147585 0.00292696
   vertex 0.00416738 -0.0145411 0.0028986
  endloop
 endfacet
 facet normal -0.0626845 0.86077 -0.505119
  outer loop
   vertex 0.00105147 -0.0155304 0.00213734
   vertex 0.000663542 -0.0151091 0.00290355
   vertex 0.00149597 -0.0151381 0.00275071
  endloop
 endfacet
 facet normal 0.0448262 0.860797 -0.506971
  outer loop
   vertex -0.000814714 -0.0155007 0.00221335
   vertex -0.00127441 -0.015043 0.00294987
   vertex -0.000296211 -0.0150958 0.00294678
  endloop
 endfacet
 facet normal 0.151759 0.849566 -0.505181
  outer loop
   vertex -0.00267163 -0.015334 0.00213907
   vertex -0.0030601 -0.0148994 0.00275325
   vertex -0.00222877 -0.0149569 0.00290625
  endloop
 endfacet
 facet normal 0.245374 0.82652 -0.506613
  outer loop
   vertex -0.00445208 -0.0148871 0.00218482
   vertex -0.00475915 -0.0143382 0.00293176
   vertex -0.00385062 -0.0146277 0.00289942
  endloop
 endfacet
 facet normal 0.345629 0.7908 -0.505149
  outer loop
   vertex -0.00618223 -0.0142879 0.00213385
   vertex -0.00644813 -0.0137778 0.00275042
   vertex -0.0056581 -0.0140277 0.00289971
  endloop
 endfacet
 facet normal 0.429937 0.747565 -0.506262
  outer loop
   vertex -0.00777465 -0.0134554 0.00218228
   vertex -0.00793515 -0.0128561 0.00293092
   vertex -0.00714002 -0.013336 0.00289752
  endloop
 endfacet
 facet normal 0.515885 0.692409 -0.504413
  outer loop
   vertex -0.00923814 -0.0125321 0.002132
   vertex -0.00938065 -0.0119782 0.00274654
   vertex -0.00870682 -0.0123663 0.002903
  endloop
 endfacet
 facet normal 0.583351 0.636172 -0.504963
  outer loop
   vertex -0.0104907 -0.0114959 0.00214237
   vertex -0.0105352 -0.0108786 0.00286874
   vertex -0.00991839 -0.0114329 0.00288292
  endloop
 endfacet
 facet normal 0.671033 0.543868 -0.503907
  outer loop
   vertex -0.0120939 -0.00984928 0.00208344
   vertex -0.012047 -0.00932311 0.00271378
   vertex -0.0115444 -0.00983488 0.00283074
  endloop
 endfacet
 facet normal 0.7202 0.475525 -0.505162
  outer loop
   vertex -0.0129793 -0.00856195 0.00216689
   vertex -0.0128421 -0.00796765 0.00292199
   vertex -0.0123945 -0.00868342 0.00288635
  endloop
 endfacet
 facet normal 0.643205 0.576343 -0.504099
  outer loop
   vertex -0.0115444 -0.00983488 0.00283074
   vertex -0.0111127 -0.0104245 0.00270743
   vertex -0.0116101 -0.0104167 0.0020817
  endloop
 endfacet
 facet normal 0.548428 0.666903 -0.504448
  outer loop
   vertex -0.00991839 -0.0114329 0.00288292
   vertex -0.00938065 -0.0119782 0.00274654
   vertex -0.00990385 -0.0120223 0.00211941
  endloop
 endfacet
 facet normal 0.475207 0.719788 -0.506047
  outer loop
   vertex -0.00870682 -0.0123663 0.002903
   vertex -0.00793515 -0.0128561 0.00293092
   vertex -0.00852996 -0.0129886 0.00218393
  endloop
 endfacet
 facet normal 0.385643 0.772146 -0.505044
  outer loop
   vertex -0.00714002 -0.013336 0.00289752
   vertex -0.00644813 -0.0137778 0.00275042
   vertex -0.00700924 -0.0139011 0.00213344
  endloop
 endfacet
 facet normal 0.297496 0.809249 -0.506569
  outer loop
   vertex -0.0056581 -0.0140277 0.00289971
   vertex -0.00475915 -0.0143382 0.00293176
   vertex -0.00532998 -0.0145959 0.0021847
  endloop
 endfacet
 facet normal 0.195485 0.840535 -0.505259
  outer loop
   vertex -0.00385062 -0.0146277 0.00289942
   vertex -0.0030601 -0.0148994 0.00275325
   vertex -0.00357875 -0.0151498 0.002136
  endloop
 endfacet
 facet normal -0.0108713 0.862101 -0.50662
  outer loop
   vertex -0.000296211 -0.0150958 0.00294678
   vertex 0.000663542 -0.0151091 0.00290355
   vertex 0.000132198 -0.0155322 0.002195
  endloop
 endfacet
 facet normal -0.261327 0.82255 -0.505094
  outer loop
   vertex 0.00416738 -0.0145411 0.0028986
   vertex 0.00497561 -0.014376 0.00274924
   vertex 0.00465558 -0.0148558 0.00213354
  endloop
 endfacet
 facet normal -0.742134 0.44063 -0.505056
  outer loop
   vertex 0.0127802 -0.00808739 0.00290267
   vertex 0.0132722 -0.00742985 0.00275342
   vertex 0.0133536 -0.00799842 0.00213781
  endloop
 endfacet
 facet normal 0.799462 0.345105 -0.491694
  outer loop
   vertex -0.0131748 -0.00556905 0.00432413
   vertex -0.0133232 -0.00635717 0.00352964
   vertex -0.0137251 -0.00534154 0.00358905
  endloop
 endfacet
 facet normal 0.557587 0.655232 -0.509675
  outer loop
   vertex -0.00912478 -0.0115899 0.00354923
   vertex -0.00991839 -0.0114329 0.00288292
   vertex -0.00997396 -0.0108141 0.00361753
  endloop
 endfacet
 facet normal -0.845786 0.200409 -0.494452
  outer loop
   vertex 0.0145808 -0.00392983 0.00294264
   vertex 0.0143385 -0.00321385 0.00364719
   vertex 0.014842 -0.00301955 0.00286468
  endloop
 endfacet
 facet normal 0.725404 0.478274 -0.495017
  outer loop
   vertex -0.0128421 -0.00796765 0.00292199
   vertex -0.0122223 -0.00816016 0.00364428
   vertex -0.0123945 -0.00868342 0.00288635
  endloop
 endfacet
 facet normal 0.271813 0.816725 -0.508996
  outer loop
   vertex -0.00412075 -0.0141026 0.00365066
   vertex -0.00475915 -0.0143382 0.00293176
   vertex -0.00515184 -0.0137599 0.00364995
  endloop
 endfacet
 facet normal 0.394831 0.764845 -0.509039
  outer loop
   vertex -0.00625508 -0.0133552 0.00355517
   vertex -0.00714002 -0.013336 0.00289752
   vertex -0.00726752 -0.0127674 0.00365297
  endloop
 endfacet
 facet normal 0.0761574 0.857728 -0.508431
  outer loop
   vertex -0.000765621 -0.0146544 0.00368169
   vertex -0.00127441 -0.015043 0.00294987
   vertex -0.00182222 -0.0145725 0.00366152
  endloop
 endfacet
 facet normal 0.206977 0.83526 -0.509412
  outer loop
   vertex -0.00298561 -0.0144403 0.00355817
   vertex -0.00385062 -0.0146277 0.00289942
   vertex -0.00412075 -0.0141026 0.00365066
  endloop
 endfacet
 facet normal -0.184822 0.840737 -0.508922
  outer loop
   vertex 0.00368236 -0.0142237 0.00365005
   vertex 0.00324064 -0.0147585 0.00292696
   vertex 0.0026236 -0.014458 0.00364749
  endloop
 endfacet
 facet normal 0.0135608 0.860989 -0.508442
  outer loop
   vertex 0.000295874 -0.014684 0.00365979
   vertex -0.000296211 -0.0150958 0.00294678
   vertex -0.000765621 -0.0146544 0.00368169
  endloop
 endfacet
 facet normal -0.118716 0.852414 -0.509211
  outer loop
   vertex 0.0026236 -0.014458 0.00364749
   vertex 0.00230909 -0.0149506 0.00289627
   vertex 0.00146586 -0.014674 0.00355584
  endloop
 endfacet
 facet normal -0.662835 0.550656 -0.507373
  outer loop
   vertex 0.0116033 -0.0089847 0.00368023
   vertex 0.0116679 -0.00958512 0.00294428
   vertex 0.0109806 -0.00976345 0.00364859
  endloop
 endfacet
 facet normal -0.311627 0.802894 -0.508183
  outer loop
   vertex 0.00585644 -0.0134705 0.00365728
   vertex 0.00570507 -0.0140081 0.0029007
   vertex 0.00481602 -0.0139381 0.00355646
  endloop
 endfacet
 facet normal -0.477073 0.71785 -0.507043
  outer loop
   vertex 0.00860319 -0.0119974 0.00352786
   vertex 0.00815999 -0.0127499 0.00287946
   vertex 0.00766356 -0.0125395 0.00364448
  endloop
 endfacet
 facet normal -0.424187 0.749986 -0.507529
  outer loop
   vertex 0.00766356 -0.0125395 0.00364448
   vertex 0.00737862 -0.01318 0.00293613
   vertex 0.00677958 -0.0130181 0.00367598
  endloop
 endfacet
 facet normal -0.577262 0.638872 -0.508538
  outer loop
   vertex 0.0102853 -0.0105865 0.00353309
   vertex 0.0100456 -0.0113394 0.00285939
   vertex 0.00944799 -0.0112885 0.00360173
  endloop
 endfacet
 facet normal -0.622171 0.596679 -0.50683
  outer loop
   vertex 0.0109806 -0.00976345 0.00364859
   vertex 0.0111061 -0.0102753 0.00289188
   vertex 0.0102853 -0.0105865 0.00353309
  endloop
 endfacet
 facet normal -0.69921 0.503085 -0.507948
  outer loop
   vertex 0.0122116 -0.00815842 0.00366123
   vertex 0.0122375 -0.00884367 0.00294692
   vertex 0.0116033 -0.0089847 0.00368023
  endloop
 endfacet
 facet normal -0.815934 0.275925 -0.508052
  outer loop
   vertex 0.0140522 -0.00420698 0.00369195
   vertex 0.0142824 -0.00486075 0.00296713
   vertex 0.0137189 -0.0051858 0.00369569
  endloop
 endfacet
 facet normal -0.734567 0.449249 -0.508514
  outer loop
   vertex 0.0128588 -0.00721225 0.00356231
   vertex 0.0127802 -0.00808739 0.00290267
   vertex 0.0122116 -0.00815842 0.00366123
  endloop
 endfacet
 facet normal -0.794115 0.333372 -0.508178
  outer loop
   vertex 0.0137189 -0.0051858 0.00369569
   vertex 0.0139422 -0.00578052 0.00295651
   vertex 0.0133288 -0.00615823 0.00366733
  endloop
 endfacet
 facet normal -0.833683 0.217465 -0.507623
  outer loop
   vertex 0.0143385 -0.00321385 0.00364719
   vertex 0.0145808 -0.00392983 0.00294264
   vertex 0.0140522 -0.00420698 0.00369195
  endloop
 endfacet
 facet normal 0.69756 0.505697 -0.507623
  outer loop
   vertex -0.011636 -0.00909002 0.00352355
   vertex -0.0123945 -0.00868342 0.00288635
   vertex -0.0122223 -0.00816016 0.00364428
  endloop
 endfacet
 facet normal 0.507156 0.696057 -0.508231
  outer loop
   vertex -0.00817301 -0.0122074 0.00365335
   vertex -0.00870682 -0.0123663 0.002903
   vertex -0.00912478 -0.0115899 0.00354923
  endloop
 endfacet
 facet normal -0.814183 0.306848 -0.492901
  outer loop
   vertex 0.0137189 -0.0051858 0.00369569
   vertex 0.0142824 -0.00486075 0.00296713
   vertex 0.0139422 -0.00578052 0.00295651
  endloop
 endfacet
 facet normal -0.744175 0.443395 -0.499604
  outer loop
   vertex 0.0128588 -0.00721225 0.00356231
   vertex 0.0132722 -0.00742985 0.00275342
   vertex 0.0127802 -0.00808739 0.00290267
  endloop
 endfacet
 facet normal 0.197588 0.84352 -0.499433
  outer loop
   vertex -0.00385062 -0.0146277 0.00289942
   vertex -0.00298561 -0.0144403 0.00355817
   vertex -0.0030601 -0.0148994 0.00275325
  endloop
 endfacet
 facet normal -0.832141 0.253684 -0.493139
  outer loop
   vertex 0.0140522 -0.00420698 0.00369195
   vertex 0.0145808 -0.00392983 0.00294264
   vertex 0.0142824 -0.00486075 0.00296713
  endloop
 endfacet
 facet normal 0.299526 0.816463 -0.493632
  outer loop
   vertex -0.0056581 -0.0140277 0.00289971
   vertex -0.00515184 -0.0137599 0.00364995
   vertex -0.00475915 -0.0143382 0.00293176
  endloop
 endfacet
 facet normal 0.38815 0.774317 -0.499773
  outer loop
   vertex -0.00714002 -0.013336 0.00289752
   vertex -0.00625508 -0.0133552 0.00355517
   vertex -0.00644813 -0.0137778 0.00275042
  endloop
 endfacet
 facet normal -0.719882 0.487671 -0.49391
  outer loop
   vertex 0.0122116 -0.00815842 0.00366123
   vertex 0.0127802 -0.00808739 0.00290267
   vertex 0.0122375 -0.00884367 0.00294692
  endloop
 endfacet
 facet normal 0.616921 0.606497 -0.501567
  outer loop
   vertex -0.0111127 -0.0104245 0.00270743
   vertex -0.010827 -0.0100475 0.00351478
   vertex -0.0105352 -0.0108786 0.00286874
  endloop
 endfacet
 facet normal -0.65521 0.570832 -0.494824
  outer loop
   vertex 0.0109806 -0.00976345 0.00364859
   vertex 0.0116679 -0.00958512 0.00294428
   vertex 0.0111061 -0.0102753 0.00289188
  endloop
 endfacet
 facet normal -0.010185 0.869581 -0.493685
  outer loop
   vertex -0.000296211 -0.0150958 0.00294678
   vertex 0.000295874 -0.014684 0.00365979
   vertex 0.000663542 -0.0151091 0.00290355
  endloop
 endfacet
 facet normal -0.446312 0.745681 -0.494737
  outer loop
   vertex 0.00766356 -0.0125395 0.00364448
   vertex 0.00815999 -0.0127499 0.00287946
   vertex 0.00737862 -0.01318 0.00293613
  endloop
 endfacet
 facet normal 0.141722 0.849294 -0.508542
  outer loop
   vertex -0.00182222 -0.0145725 0.00366152
   vertex -0.00222877 -0.0149569 0.00290625
   vertex -0.00298561 -0.0144403 0.00355817
  endloop
 endfacet
 facet normal 0.334649 0.793064 -0.508978
  outer loop
   vertex -0.00515184 -0.0137599 0.00364995
   vertex -0.0056581 -0.0140277 0.00289971
   vertex -0.00625508 -0.0133552 0.00355517
  endloop
 endfacet
 facet normal -0.370715 0.777548 -0.507926
  outer loop
   vertex 0.00677958 -0.0130181 0.00367598
   vertex 0.00654627 -0.0136084 0.00294262
   vertex 0.00585644 -0.0134705 0.00365728
  endloop
 endfacet
 facet normal 0.587045 0.640536 -0.495068
  outer loop
   vertex -0.00991839 -0.0114329 0.00288292
   vertex -0.0105352 -0.0108786 0.00286874
   vertex -0.00997396 -0.0108141 0.00361753
  endloop
 endfacet
 facet normal 0.608655 0.609026 -0.508554
  outer loop
   vertex -0.00997396 -0.0108141 0.00361753
   vertex -0.0105352 -0.0108786 0.00286874
   vertex -0.010827 -0.0100475 0.00351478
  endloop
 endfacet
 facet normal -0.485093 0.717008 -0.500584
  outer loop
   vertex 0.00860319 -0.0119974 0.00352786
   vertex 0.00884814 -0.0123981 0.00271654
   vertex 0.00815999 -0.0127499 0.00287946
  endloop
 endfacet
 facet normal 0.646464 0.577559 -0.498508
  outer loop
   vertex -0.0115444 -0.00983488 0.00283074
   vertex -0.010827 -0.0100475 0.00351478
   vertex -0.0111127 -0.0104245 0.00270743
  endloop
 endfacet
 facet normal 0.811252 0.31234 -0.494281
  outer loop
   vertex -0.014302 -0.00502557 0.00284183
   vertex -0.0137251 -0.00534154 0.00358905
   vertex -0.0139768 -0.00585993 0.00284832
  endloop
 endfacet
 facet normal 0.790434 0.355583 -0.498772
  outer loop
   vertex -0.0139768 -0.00585993 0.00284832
   vertex -0.0133232 -0.00635717 0.00352964
   vertex -0.0137171 -0.00660892 0.00272593
  endloop
 endfacet
 facet normal 0.750812 0.437223 -0.495093
  outer loop
   vertex -0.0132893 -0.00723859 0.00288758
   vertex -0.0127584 -0.00729221 0.00364535
   vertex -0.0128421 -0.00796765 0.00292199
  endloop
 endfacet
 facet normal -0.35291 0.7946 -0.494031
  outer loop
   vertex 0.00585644 -0.0134705 0.00365728
   vertex 0.00654627 -0.0136084 0.00294262
   vertex 0.00570507 -0.0140081 0.0029007
  endloop
 endfacet
 facet normal -0.688803 0.530965 -0.493586
  outer loop
   vertex 0.0116033 -0.0089847 0.00368023
   vertex 0.0122375 -0.00884367 0.00294692
   vertex 0.0116679 -0.00958512 0.00294428
  endloop
 endfacet
 facet normal 0.478575 0.725769 -0.494191
  outer loop
   vertex -0.00870682 -0.0123663 0.002903
   vertex -0.00817301 -0.0122074 0.00365335
   vertex -0.00793515 -0.0128561 0.00293092
  endloop
 endfacet
 facet normal -0.159983 0.854877 -0.493549
  outer loop
   vertex 0.0026236 -0.014458 0.00364749
   vertex 0.00324064 -0.0147585 0.00292696
   vertex 0.00230909 -0.0149506 0.00289627
  endloop
 endfacet
 facet normal 0.434023 0.753473 -0.493865
  outer loop
   vertex -0.00793515 -0.0128561 0.00293092
   vertex -0.00726752 -0.0127674 0.00365297
   vertex -0.00714002 -0.013336 0.00289752
  endloop
 endfacet
 facet normal -0.212932 0.843225 -0.493591
  outer loop
   vertex 0.00368236 -0.0142237 0.00365005
   vertex 0.00416738 -0.0145411 0.0028986
   vertex 0.00324064 -0.0147585 0.00292696
  endloop
 endfacet
 facet normal 0.345682 0.794068 -0.49996
  outer loop
   vertex -0.00644813 -0.0137778 0.00275042
   vertex -0.00625508 -0.0133552 0.00355517
   vertex -0.0056581 -0.0140277 0.00289971
  endloop
 endfacet
 facet normal 0.248104 0.833621 -0.493478
  outer loop
   vertex -0.00475915 -0.0143382 0.00293176
   vertex -0.00412075 -0.0141026 0.00365066
   vertex -0.00385062 -0.0146277 0.00289942
  endloop
 endfacet
 facet normal 0.151068 0.852576 -0.500293
  outer loop
   vertex -0.0030601 -0.0148994 0.00275325
   vertex -0.00298561 -0.0144403 0.00355817
   vertex -0.00222877 -0.0149569 0.00290625
  endloop
 endfacet
 facet normal 0.0453075 0.868897 -0.492914
  outer loop
   vertex -0.000765621 -0.0146544 0.00368169
   vertex -0.000296211 -0.0150958 0.00294678
   vertex -0.00127441 -0.015043 0.00294987
  endloop
 endfacet
 facet normal 0.100478 0.863796 -0.493721
  outer loop
   vertex -0.00222877 -0.0149569 0.00290625
   vertex -0.00182222 -0.0145725 0.00366152
   vertex -0.00127441 -0.015043 0.00294987
  endloop
 endfacet
 facet normal -0.305018 0.810511 -0.500036
  outer loop
   vertex 0.00497561 -0.014376 0.00274924
   vertex 0.00481602 -0.0139381 0.00355646
   vertex 0.00570507 -0.0140081 0.0029007
  endloop
 endfacet
 facet normal -0.520934 0.692378 -0.49924
  outer loop
   vertex 0.00884814 -0.0123981 0.00271654
   vertex 0.00860319 -0.0119974 0.00352786
   vertex 0.00940748 -0.0118778 0.00285446
  endloop
 endfacet
 facet normal -0.401073 0.771707 -0.493567
  outer loop
   vertex 0.00654627 -0.0136084 0.00294262
   vertex 0.00677958 -0.0130181 0.00367598
   vertex 0.00737862 -0.01318 0.00293613
  endloop
 endfacet
 facet normal 0.653611 0.556997 -0.512394
  outer loop
   vertex -0.0115444 -0.00983488 0.00283074
   vertex -0.011636 -0.00909002 0.00352355
   vertex -0.010827 -0.0100475 0.00351478
  endloop
 endfacet
 facet normal -0.052562 0.859413 -0.508573
  outer loop
   vertex 0.000295874 -0.014684 0.00365979
   vertex 0.00146586 -0.014674 0.00355584
   vertex 0.000663542 -0.0151091 0.00290355
  endloop
 endfacet
 facet normal -0.558086 0.665999 -0.494961
  outer loop
   vertex 0.00940748 -0.0118778 0.00285446
   vertex 0.00944799 -0.0112885 0.00360173
   vertex 0.0100456 -0.0113394 0.00285939
  endloop
 endfacet
 facet normal -0.792532 0.357812 -0.493825
  outer loop
   vertex 0.0135761 -0.00666011 0.00290684
   vertex 0.0133288 -0.00615823 0.00366733
   vertex 0.0139422 -0.00578052 0.00295651
  endloop
 endfacet
 facet normal 0.790244 0.342423 -0.508194
  outer loop
   vertex -0.0133232 -0.00635717 0.00352964
   vertex -0.0139768 -0.00585993 0.00284832
   vertex -0.0137251 -0.00534154 0.00358905
  endloop
 endfacet
 facet normal -0.766778 0.402399 -0.500126
  outer loop
   vertex 0.0132722 -0.00742985 0.00275342
   vertex 0.0128588 -0.00721225 0.00356231
   vertex 0.0135761 -0.00666011 0.00290684
  endloop
 endfacet
 facet normal -0.526973 0.680995 -0.508474
  outer loop
   vertex 0.00944799 -0.0112885 0.00360173
   vertex 0.00940748 -0.0118778 0.00285446
   vertex 0.00860319 -0.0119974 0.00352786
  endloop
 endfacet
 facet normal 0.831237 0.260017 -0.491362
  outer loop
   vertex -0.014578 -0.00403273 0.00290026
   vertex -0.0140719 -0.00455826 0.00347845
   vertex -0.014302 -0.00502557 0.00284183
  endloop
 endfacet
 facet normal 0.813021 0.288536 -0.505712
  outer loop
   vertex -0.0140719 -0.00455826 0.00347845
   vertex -0.0137251 -0.00534154 0.00358905
   vertex -0.014302 -0.00502557 0.00284183
  endloop
 endfacet
 facet normal 0.452763 0.732348 -0.508598
  outer loop
   vertex -0.00726752 -0.0127674 0.00365297
   vertex -0.00793515 -0.0128561 0.00293092
   vertex -0.00817301 -0.0122074 0.00365335
  endloop
 endfacet
 facet normal -0.249568 0.823778 -0.509024
  outer loop
   vertex 0.00481602 -0.0139381 0.00355646
   vertex 0.00416738 -0.0145411 0.0028986
   vertex 0.00368236 -0.0142237 0.00365005
  endloop
 endfacet
 facet normal 0.732595 0.453171 -0.507878
  outer loop
   vertex -0.0122223 -0.00816016 0.00364428
   vertex -0.0128421 -0.00796765 0.00292199
   vertex -0.0127584 -0.00729221 0.00364535
  endloop
 endfacet
 facet normal -0.261022 0.825932 -0.499704
  outer loop
   vertex 0.00481602 -0.0139381 0.00355646
   vertex 0.00497561 -0.014376 0.00274924
   vertex 0.00416738 -0.0145411 0.0028986
  endloop
 endfacet
 facet normal -0.766573 0.392476 -0.508261
  outer loop
   vertex 0.0133288 -0.00615823 0.00366733
   vertex 0.0135761 -0.00666011 0.00290684
   vertex 0.0128588 -0.00721225 0.00356231
  endloop
 endfacet
 facet normal 0.696427 0.51353 -0.501275
  outer loop
   vertex -0.011636 -0.00909002 0.00352355
   vertex -0.012047 -0.00932311 0.00271378
   vertex -0.0123945 -0.00868342 0.00288635
  endloop
 endfacet
 facet normal -0.108834 0.859438 -0.499522
  outer loop
   vertex 0.00230909 -0.0149506 0.00289627
   vertex 0.00149597 -0.0151381 0.00275071
   vertex 0.00146586 -0.014674 0.00355584
  endloop
 endfacet
 facet normal 0.816189 0.290853 -0.499239
  outer loop
   vertex -0.0140719 -0.00455826 0.00347845
   vertex -0.0136238 -0.00444077 0.00427938
   vertex -0.0137251 -0.00534154 0.00358905
  endloop
 endfacet
 facet normal 0.672647 0.546634 -0.498735
  outer loop
   vertex -0.0115444 -0.00983488 0.00283074
   vertex -0.012047 -0.00932311 0.00271378
   vertex -0.011636 -0.00909002 0.00352355
  endloop
 endfacet
 facet normal 0.842696 0.20501 -0.49783
  outer loop
   vertex -0.0145081 -0.0031059 0.00340029
   vertex -0.014578 -0.00403273 0.00290026
   vertex -0.0149535 -0.00312144 0.00264004
  endloop
 endfacet
 facet normal -0.590489 0.63441 -0.498845
  outer loop
   vertex 0.0102853 -0.0105865 0.00353309
   vertex 0.0106504 -0.0108805 0.00272716
   vertex 0.0100456 -0.0113394 0.00285939
  endloop
 endfacet
 facet normal 0.842861 0.205359 -0.497406
  outer loop
   vertex -0.0139676 -0.00314083 0.0043018
   vertex -0.0141498 -0.00382615 0.00371014
   vertex -0.0145081 -0.0031059 0.00340029
  endloop
 endfacet
 facet normal 0.551364 0.668471 -0.499143
  outer loop
   vertex -0.00991839 -0.0114329 0.00288292
   vertex -0.00912478 -0.0115899 0.00354923
   vertex -0.00938065 -0.0119782 0.00274654
  endloop
 endfacet
 facet normal 0.764082 0.39877 -0.507111
  outer loop
   vertex -0.0132893 -0.00723859 0.00288758
   vertex -0.0133232 -0.00635717 0.00352964
   vertex -0.0127584 -0.00729221 0.00364535
  endloop
 endfacet
 facet normal 0.770197 0.39461 -0.501078
  outer loop
   vertex -0.0133232 -0.00635717 0.00352964
   vertex -0.0132893 -0.00723859 0.00288758
   vertex -0.0137171 -0.00660892 0.00272593
  endloop
 endfacet
 facet normal 0.516366 0.694744 -0.500697
  outer loop
   vertex -0.00938065 -0.0119782 0.00274654
   vertex -0.00912478 -0.0115899 0.00354923
   vertex -0.00870682 -0.0123663 0.002903
  endloop
 endfacet
 facet normal -0.0616819 0.863701 -0.500216
  outer loop
   vertex 0.000663542 -0.0151091 0.00290355
   vertex 0.00146586 -0.014674 0.00355584
   vertex 0.00149597 -0.0151381 0.00275071
  endloop
 endfacet
 facet normal -0.620252 0.603514 -0.501056
  outer loop
   vertex 0.0111061 -0.0102753 0.00289188
   vertex 0.0106504 -0.0108805 0.00272716
   vertex 0.0102853 -0.0105865 0.00353309
  endloop
 endfacet
 facet normal 0.842651 0.205046 -0.49789
  outer loop
   vertex -0.0145081 -0.0031059 0.00340029
   vertex -0.0141498 -0.00382615 0.00371014
   vertex -0.014578 -0.00403273 0.00290026
  endloop
 endfacet
 facet normal 0.825184 0.227135 -0.517185
  outer loop
   vertex -0.0136238 -0.00444077 0.00427938
   vertex -0.0141498 -0.00382615 0.00371014
   vertex -0.0139676 -0.00314083 0.0043018
  endloop
 endfacet
 facet normal 0.829892 0.246686 -0.500425
  outer loop
   vertex -0.0136238 -0.00444077 0.00427938
   vertex -0.0140719 -0.00455826 0.00347845
   vertex -0.0141498 -0.00382615 0.00371014
  endloop
 endfacet
 facet normal 0.829192 0.246939 -0.501459
  outer loop
   vertex -0.0141498 -0.00382615 0.00371014
   vertex -0.0140719 -0.00455826 0.00347845
   vertex -0.014578 -0.00403273 0.00290026
  endloop
 endfacet
 facet normal -0.865796 -0.0231204 -0.499863
  outer loop
   vertex 0.0168 0 0
   vertex 0.0164435 0 0.0006175
   vertex 0.0167761 0.000896812 0
  endloop
 endfacet
 facet normal -0.867178 -0.0709982 -0.492911
  outer loop
   vertex 0.0167761 0.000896812 0
   vertex 0.0163948 0.00144215 0.000592184
   vertex 0.0166985 0.00184354 0
  endloop
 endfacet
 facet normal -0.861631 -0.121243 -0.492841
  outer loop
   vertex 0.0166985 0.00184354 0
   vertex 0.0162456 0.00228442 0.000683411
   vertex 0.0165588 0.0028364 0
  endloop
 endfacet
 facet normal -0.857315 -0.0971084 -0.50555
  outer loop
   vertex 0.0163948 0.00144215 0.000592184
   vertex 0.0162456 0.00228442 0.000683411
   vertex 0.0166985 0.00184354 0
  endloop
 endfacet
 facet normal -0.85262 -0.172387 -0.493277
  outer loop
   vertex 0.0165588 0.0028364 0
   vertex 0.0160607 0.003223 0.000725852
   vertex 0.0163601 0.00381916 0
  endloop
 endfacet
 facet normal -0.850108 -0.144546 -0.506382
  outer loop
   vertex 0.0162456 0.00228442 0.000683411
   vertex 0.0160607 0.003223 0.000725852
   vertex 0.0165588 0.0028364 0
  endloop
 endfacet
 facet normal -0.840663 -0.222891 -0.493565
  outer loop
   vertex 0.0163601 0.00381916 0
   vertex 0.0158239 0.00416529 0.000756976
   vertex 0.0161032 0.00478832 0
  endloop
 endfacet
 facet normal -0.840188 -0.194421 -0.506246
  outer loop
   vertex 0.0160607 0.003223 0.000725852
   vertex 0.0158239 0.00416529 0.000756976
   vertex 0.0163601 0.00381916 0
  endloop
 endfacet
 facet normal -0.82582 -0.272639 -0.493649
  outer loop
   vertex 0.0161032 0.00478832 0
   vertex 0.0155435 0.0050954 0.000766621
   vertex 0.0157888 0.00574043 0
  endloop
 endfacet
 facet normal -0.827212 -0.24413 -0.506084
  outer loop
   vertex 0.0158239 0.00416529 0.000756976
   vertex 0.0155435 0.0050954 0.000766621
   vertex 0.0161032 0.00478832 0
  endloop
 endfacet
 facet normal -0.808118 -0.321424 -0.493591
  outer loop
   vertex 0.0157888 0.00574043 0
   vertex 0.0152185 0.00600984 0.000758331
   vertex 0.0154183 0.00667208 0
  endloop
 endfacet
 facet normal -0.811233 -0.292932 -0.506056
  outer loop
   vertex 0.0155435 0.0050954 0.000766621
   vertex 0.0152185 0.00600984 0.000758331
   vertex 0.0157888 0.00574043 0
  endloop
 endfacet
 facet normal -0.787524 -0.36907 -0.493553
  outer loop
   vertex 0.0154183 0.00667208 0
   vertex 0.0148423 0.00689855 0.0007497
   vertex 0.0149928 0.00757998 0
  endloop
 endfacet
 facet normal -0.792501 -0.34039 -0.50604
  outer loop
   vertex 0.0152185 0.00600984 0.000758331
   vertex 0.0148423 0.00689855 0.0007497
   vertex 0.0154183 0.00667208 0
  endloop
 endfacet
 facet normal -0.764051 -0.41537 -0.493653
  outer loop
   vertex 0.0149928 0.00757998 0
   vertex 0.0144212 0.00774307 0.000747436
   vertex 0.0145139 0.00846087 0
  endloop
 endfacet
 facet normal -0.771494 -0.386026 -0.505747
  outer loop
   vertex 0.0148423 0.00689855 0.0007497
   vertex 0.0144212 0.00774307 0.000747436
   vertex 0.0149928 0.00757998 0
  endloop
 endfacet
 facet normal -0.73919 -0.456174 -0.495483
  outer loop
   vertex 0.0145139 0.00846087 0
   vertex 0.0139806 0.00852769 0.000734073
   vertex 0.0140705 0.00917943 0
  endloop
 endfacet
 facet normal -0.748887 -0.429132 -0.504989
  outer loop
   vertex 0.0144212 0.00774307 0.000747436
   vertex 0.0139806 0.00852769 0.000734073
   vertex 0.0145139 0.00846087 0
  endloop
 endfacet
 facet normal -0.714924 -0.49411 -0.494711
  outer loop
   vertex 0.0140705 0.00917943 0
   vertex 0.0135208 0.00925498 0.000718924
   vertex 0.0135604 0.00991744 0
  endloop
 endfacet
 facet normal -0.724783 -0.46878 -0.504911
  outer loop
   vertex 0.0139806 0.00852769 0.000734073
   vertex 0.0135208 0.00925498 0.000718924
   vertex 0.0140705 0.00917943 0
  endloop
 endfacet
 facet normal -0.688164 -0.530348 -0.495138
  outer loop
   vertex 0.0135604 0.00991744 0
   vertex 0.0130377 0.00995247 0.000689026
   vertex 0.013045 0.0105863 0
  endloop
 endfacet
 facet normal -0.699327 -0.506039 -0.504843
  outer loop
   vertex 0.0135208 0.00925498 0.000718924
   vertex 0.0130377 0.00995247 0.000689026
   vertex 0.0135604 0.00991744 0
  endloop
 endfacet
 facet normal -0.660719 -0.564306 -0.494985
  outer loop
   vertex 0.013045 0.0105863 0
   vertex 0.0125102 0.0106158 0.000680121
   vertex 0.0124966 0.0112283 0
  endloop
 endfacet
 facet normal -0.672247 -0.541305 -0.505048
  outer loop
   vertex 0.0130377 0.00995247 0.000689026
   vertex 0.0125102 0.0106158 0.000680121
   vertex 0.013045 0.0105863 0
  endloop
 endfacet
 facet normal -0.632189 -0.595533 -0.495659
  outer loop
   vertex 0.0124966 0.0112283 0
   vertex 0.011954 0.0112234 0.000697861
   vertex 0.0119538 0.0118045 0
  endloop
 endfacet
 facet normal -0.644079 -0.574788 -0.504758
  outer loop
   vertex 0.0125102 0.0106158 0.000680121
   vertex 0.011954 0.0112234 0.000697861
   vertex 0.0124966 0.0112283 0
  endloop
 endfacet
 facet normal -0.601839 -0.626938 -0.49471
  outer loop
   vertex 0.0119538 0.0118045 0
   vertex 0.0113565 0.0117963 0.000737
   vertex 0.0113066 0.0124258 0
  endloop
 endfacet
 facet normal -0.614457 -0.606393 -0.504707
  outer loop
   vertex 0.011954 0.0112234 0.000697861
   vertex 0.0113565 0.0117963 0.000737
   vertex 0.0119538 0.0118045 0
  endloop
 endfacet
 facet normal -0.567423 -0.65806 -0.494962
  outer loop
   vertex 0.0113066 0.0124258 0
   vertex 0.0107189 0.0123562 0.000766253
   vertex 0.0106272 0.0130117 0
  endloop
 endfacet
 facet normal -0.582583 -0.637093 -0.504687
  outer loop
   vertex 0.0113565 0.0117963 0.000737
   vertex 0.0107189 0.0123562 0.000766253
   vertex 0.0113066 0.0124258 0
  endloop
 endfacet
 facet normal -0.533235 -0.685209 -0.496134
  outer loop
   vertex 0.0106272 0.0130117 0
   vertex 0.0100534 0.01289 0.000784713
   vertex 0.0100024 0.0134978 0
  endloop
 endfacet
 facet normal -0.548669 -0.666634 -0.504541
  outer loop
   vertex 0.0107189 0.0123562 0.000766253
   vertex 0.0100534 0.01289 0.000784713
   vertex 0.0106272 0.0130117 0
  endloop
 endfacet
 facet normal -0.499386 -0.710567 -0.495689
  outer loop
   vertex 0.0100024 0.0134978 0
   vertex 0.00935719 0.0133988 0.000792041
   vertex 0.00931163 0.0139833 0
  endloop
 endfacet
 facet normal -0.512848 -0.694492 -0.504647
  outer loop
   vertex 0.0100534 0.01289 0.000784713
   vertex 0.00935719 0.0133988 0.000792041
   vertex 0.0100024 0.0134978 0
  endloop
 endfacet
 facet normal -0.46013 -0.737793 -0.493906
  outer loop
   vertex 0.00931163 0.0139833 0
   vertex 0.00860044 0.0138967 0.000791947
   vertex 0.00846087 0.0145139 0
  endloop
 endfacet
 facet normal -0.474413 -0.721111 -0.504908
  outer loop
   vertex 0.00935719 0.0133988 0.000792041
   vertex 0.00860044 0.0138967 0.000791947
   vertex 0.00931163 0.0139833 0
  endloop
 endfacet
 facet normal -0.415333 -0.763985 -0.493787
  outer loop
   vertex 0.00846087 0.0145139 0
   vertex 0.00778378 0.0143746 0.000784987
   vertex 0.00757998 0.0149928 0
  endloop
 endfacet
 facet normal -0.432576 -0.746516 -0.50556
  outer loop
   vertex 0.00860044 0.0138967 0.000791947
   vertex 0.00778378 0.0143746 0.000784987
   vertex 0.00846087 0.0145139 0
  endloop
 endfacet
 facet normal -0.369018 -0.787414 -0.493766
  outer loop
   vertex 0.00757998 0.0149928 0
   vertex 0.0069229 0.0148098 0.00078292
   vertex 0.00667208 0.0154183 0
  endloop
 endfacet
 facet normal -0.388171 -0.770349 -0.505851
  outer loop
   vertex 0.00778378 0.0143746 0.000784987
   vertex 0.0069229 0.0148098 0.00078292
   vertex 0.00757998 0.0149928 0
  endloop
 endfacet
 facet normal -0.321383 -0.808016 -0.493784
  outer loop
   vertex 0.00667208 0.0154183 0
   vertex 0.00603174 0.0151927 0.000785972
   vertex 0.00574043 0.0157888 0
  endloop
 endfacet
 facet normal -0.34196 -0.791901 -0.505922
  outer loop
   vertex 0.0069229 0.0148098 0.00078292
   vertex 0.00603174 0.0151927 0.000785972
   vertex 0.00667208 0.0154183 0
  endloop
 endfacet
 facet normal -0.272614 -0.825746 -0.493787
  outer loop
   vertex 0.00574043 0.0157888 0
   vertex 0.00511908 0.0155237 0.000786376
   vertex 0.00478832 0.0161032 0
  endloop
 endfacet
 facet normal -0.294345 -0.810805 -0.505921
  outer loop
   vertex 0.00603174 0.0151927 0.000785972
   vertex 0.00511908 0.0155237 0.000786376
   vertex 0.00574043 0.0157888 0
  endloop
 endfacet
 facet normal -0.222861 -0.840552 -0.493766
  outer loop
   vertex 0.00478832 0.0161032 0
   vertex 0.00418527 0.0158026 0.000783856
   vertex 0.00381916 0.0163601 0
  endloop
 endfacet
 facet normal -0.245564 -0.826851 -0.505979
  outer loop
   vertex 0.00511908 0.0155237 0.000786376
   vertex 0.00418527 0.0158026 0.000783856
   vertex 0.00478832 0.0161032 0
  endloop
 endfacet
 facet normal -0.172331 -0.852342 -0.493777
  outer loop
   vertex 0.00381916 0.0163601 0
   vertex 0.00323306 0.0160232 0.000786086
   vertex 0.0028364 0.0165588 0
  endloop
 endfacet
 facet normal -0.195824 -0.840006 -0.506006
  outer loop
   vertex 0.00418527 0.0158026 0.000783856
   vertex 0.00323306 0.0160232 0.000786086
   vertex 0.00381916 0.0163601 0
  endloop
 endfacet
 facet normal -0.121164 -0.861071 -0.493838
  outer loop
   vertex 0.0028364 0.0165588 0
   vertex 0.00227004 0.0161834 0.000793519
   vertex 0.00184354 0.0166985 0
  endloop
 endfacet
 facet normal -0.145334 -0.850226 -0.505958
  outer loop
   vertex 0.00323306 0.0160232 0.000786086
   vertex 0.00227004 0.0161834 0.000793519
   vertex 0.0028364 0.0165588 0
  endloop
 endfacet
 facet normal -0.0695875 -0.866746 -0.493871
  outer loop
   vertex 0.00184354 0.0166985 0
   vertex 0.00130161 0.0162875 0.000797789
   vertex 0.000844105 0.0167788 0
  endloop
 endfacet
 facet normal -0.0943458 -0.857426 -0.505886
  outer loop
   vertex 0.00227004 0.0161834 0.000793519
   vertex 0.00130161 0.0162875 0.000797789
   vertex 0.00184354 0.0166985 0
  endloop
 endfacet
 facet normal -0.0177525 -0.869374 -0.493835
  outer loop
   vertex 0.000844105 0.0167788 0
   vertex 0.000329056 0.0163389 0.000792905
   vertex -0.000158334 0.0167992 0
  endloop
 endfacet
 facet normal -0.0430176 -0.861524 -0.505891
  outer loop
   vertex 0.00130161 0.0162875 0.000797789
   vertex 0.000329056 0.0163389 0.000792905
   vertex 0.000844105 0.0167788 0
  endloop
 endfacet
 facet normal 0.0341368 -0.868922 -0.49377
  outer loop
   vertex -0.000158334 0.0167992 0
   vertex -0.000646996 0.016334 0.000784913
   vertex -0.00116021 0.0167599 0
  endloop
 endfacet
 facet normal 0.00845418 -0.862515 -0.505961
  outer loop
   vertex 0.000329056 0.0163389 0.000792905
   vertex -0.000646996 0.016334 0.000784913
   vertex -0.000158334 0.0167992 0
  endloop
 endfacet
 facet normal 0.0859155 -0.865349 -0.49375
  outer loop
   vertex -0.00116021 0.0167599 0
   vertex -0.001622 0.0162677 0.000782346
   vertex -0.00215795 0.0166608 0
  endloop
 endfacet
 facet normal 0.0599039 -0.860441 -0.506016
  outer loop
   vertex -0.000646996 0.016334 0.000784913
   vertex -0.001622 0.0162677 0.000782346
   vertex -0.00116021 0.0167599 0
  endloop
 endfacet
 facet normal 0.137379 -0.858672 -0.49377
  outer loop
   vertex -0.00215795 0.0166608 0
   vertex -0.00258814 0.0161406 0.000784909
   vertex -0.00314801 0.0165024 0
  endloop
 endfacet
 facet normal 0.111096 -0.85536 -0.505981
  outer loop
   vertex -0.001622 0.0162677 0.000782346
   vertex -0.00258814 0.0161406 0.000784909
   vertex -0.00215795 0.0166608 0
  endloop
 endfacet
 facet normal 0.188368 -0.848946 -0.49377
  outer loop
   vertex -0.00314801 0.0165024 0
   vertex -0.00354236 0.0159585 0.000784763
   vertex -0.00412685 0.0162852 0
  endloop
 endfacet
 facet normal 0.161818 -0.847255 -0.505939
  outer loop
   vertex -0.00258814 0.0161406 0.000784909
   vertex -0.00354236 0.0159585 0.000784763
   vertex -0.00314801 0.0165024 0
  endloop
 endfacet
 facet normal 0.238676 -0.836214 -0.493741
  outer loop
   vertex -0.00412685 0.0162852 0
   vertex -0.00448614 0.0157212 0.000781644
   vertex -0.00509099 0.01601 0
  endloop
 endfacet
 facet normal 0.211919 -0.836114 -0.505968
  outer loop
   vertex -0.00354236 0.0159585 0.000784763
   vertex -0.00448614 0.0157212 0.000781644
   vertex -0.00412685 0.0162852 0
  endloop
 endfacet
 facet normal 0.288127 -0.82048 -0.493757
  outer loop
   vertex -0.00509099 0.01601 0
   vertex -0.00541456 0.0154252 0.00078302
   vertex -0.006037 0.0156778 0
  endloop
 endfacet
 facet normal 0.261289 -0.822011 -0.505991
  outer loop
   vertex -0.00448614 0.0157212 0.000781644
   vertex -0.00541456 0.0154252 0.00078302
   vertex -0.00509099 0.01601 0
  endloop
 endfacet
 facet normal 0.336556 -0.801803 -0.493804
  outer loop
   vertex -0.006037 0.0156778 0
   vertex -0.00631964 0.0150732 0.000789054
   vertex -0.00696151 0.0152898 0
  endloop
 endfacet
 facet normal 0.309692 -0.805065 -0.505926
  outer loop
   vertex -0.00541456 0.0154252 0.00078302
   vertex -0.00631964 0.0150732 0.000789054
   vertex -0.006037 0.0156778 0
  endloop
 endfacet
 facet normal 0.38378 -0.780285 -0.493831
  outer loop
   vertex -0.00696151 0.0152898 0
   vertex -0.00719835 0.0146724 0.000791378
   vertex -0.00786122 0.0148473 0
  endloop
 endfacet
 facet normal 0.356888 -0.785347 -0.505828
  outer loop
   vertex -0.00631964 0.0150732 0.000789054
   vertex -0.00719835 0.0146724 0.000791378
   vertex -0.00696151 0.0152898 0
  endloop
 endfacet
 facet normal 0.429653 -0.756021 -0.493792
  outer loop
   vertex -0.00786122 0.0148473 0
   vertex -0.00805047 0.0142273 0.000784511
   vertex -0.00873293 0.0143519 0
  endloop
 endfacet
 facet normal 0.402622 -0.762942 -0.505782
  outer loop
   vertex -0.00719835 0.0146724 0.000791378
   vertex -0.00805047 0.0142273 0.000784511
   vertex -0.00786122 0.0148473 0
  endloop
 endfacet
 facet normal 0.474 -0.729062 -0.493754
  outer loop
   vertex -0.00873293 0.0143519 0
   vertex -0.00887155 0.013737 0.000774843
   vertex -0.00957354 0.0138053 0
  endloop
 endfacet
 facet normal 0.446687 -0.738027 -0.505754
  outer loop
   vertex -0.00805047 0.0142273 0.000784511
   vertex -0.00887155 0.013737 0.000774843
   vertex -0.00873293 0.0143519 0
  endloop
 endfacet
 facet normal 0.516627 -0.699461 -0.493814
  outer loop
   vertex -0.00957354 0.0138053 0
   vertex -0.00965059 0.013206 0.000768258
   vertex -0.01038 0.0132097 0
  endloop
 endfacet
 facet normal 0.488809 -0.710958 -0.505573
  outer loop
   vertex -0.00887155 0.013737 0.000774843
   vertex -0.00965059 0.013206 0.000768258
   vertex -0.00957354 0.0138053 0
  endloop
 endfacet
 facet normal 0.553659 -0.66925 -0.495545
  outer loop
   vertex -0.01038 0.0132097 0
   vertex -0.0103749 0.0126559 0.00075358
   vertex -0.0110306 0.0126714 0
  endloop
 endfacet
 facet normal 0.52851 -0.682375 -0.505016
  outer loop
   vertex -0.00965059 0.013206 0.000768258
   vertex -0.0103749 0.0126559 0.00075358
   vertex -0.01038 0.0132097 0
  endloop
 endfacet
 facet normal 0.587869 -0.639972 -0.49482
  outer loop
   vertex -0.0110306 0.0126714 0
   vertex -0.011036 0.0120904 0.000745126
   vertex -0.0116913 0.0120645 0
  endloop
 endfacet
 facet normal 0.564822 -0.652712 -0.504919
  outer loop
   vertex -0.0103749 0.0126559 0.00075358
   vertex -0.011036 0.0120904 0.000745126
   vertex -0.0110306 0.0126714 0
  endloop
 endfacet
 facet normal 0.618875 -0.609232 -0.495813
  outer loop
   vertex -0.0116913 0.0120645 0
   vertex -0.0116602 0.0115058 0.000725361
   vertex -0.0122467 0.0115004 0
  endloop
 endfacet
 facet normal 0.598519 -0.622047 -0.50481
  outer loop
   vertex -0.011036 0.0120904 0.000745126
   vertex -0.0116602 0.0115058 0.000725361
   vertex -0.0116913 0.0120645 0
  endloop
 endfacet
 facet normal 0.650394 -0.577038 -0.493979
  outer loop
   vertex -0.0122467 0.0115004 0
   vertex -0.0122469 0.0108766 0.000728447
   vertex -0.0128771 0.0107898 0
  endloop
 endfacet
 facet normal 0.630064 -0.589906 -0.505004
  outer loop
   vertex -0.0116602 0.0115058 0.000725361
   vertex -0.0122469 0.0108766 0.000728447
   vertex -0.0122467 0.0115004 0
  endloop
 endfacet
 facet normal 0.678546 -0.541877 -0.495929
  outer loop
   vertex -0.0128771 0.0107898 0
   vertex -0.0128121 0.0101918 0.000742257
   vertex -0.0133711 0.0101713 0
  endloop
 endfacet
 facet normal 0.660463 -0.555426 -0.505263
  outer loop
   vertex -0.0122469 0.0108766 0.000728447
   vertex -0.0128121 0.0101918 0.000742257
   vertex -0.0128771 0.0107898 0
  endloop
 endfacet
 facet normal 0.707532 -0.505608 -0.49372
  outer loop
   vertex -0.0133711 0.0101713 0
   vertex -0.0133332 0.00947083 0.000771565
   vertex -0.013954 0.00935551 0
  endloop
 endfacet
 facet normal 0.689703 -0.51896 -0.504965
  outer loop
   vertex -0.0128121 0.0101918 0.000742257
   vertex -0.0133332 0.00947083 0.000771565
   vertex -0.0133711 0.0101713 0
  endloop
 endfacet
 facet normal 0.736396 -0.462478 -0.493797
  outer loop
   vertex -0.013954 0.00935551 0
   vertex -0.0138515 0.00867834 0.000787126
   vertex -0.0144873 0.00850642 0
  endloop
 endfacet
 facet normal 0.717453 -0.479135 -0.505659
  outer loop
   vertex -0.0133332 0.00947083 0.000771565
   vertex -0.0138515 0.00867834 0.000787126
   vertex -0.013954 0.00935551 0
  endloop
 endfacet
 facet normal 0.762677 -0.417728 -0.493789
  outer loop
   vertex -0.0144873 0.00850642 0
   vertex -0.0143396 0.00784519 0.000787475
   vertex -0.0149689 0.00762704 0
  endloop
 endfacet
 facet normal 0.744207 -0.436208 -0.505844
  outer loop
   vertex -0.0138515 0.00867834 0.000787126
   vertex -0.0143396 0.00784519 0.000787475
   vertex -0.0144873 0.00850642 0
  endloop
 endfacet
 facet normal 0.78623 -0.37148 -0.493806
  outer loop
   vertex -0.0149689 0.00762704 0
   vertex -0.0147822 0.00697379 0.000788719
   vertex -0.0153972 0.00672049 0
  endloop
 endfacet
 facet normal 0.768735 -0.391185 -0.505985
  outer loop
   vertex -0.0143396 0.00784519 0.000787475
   vertex -0.0147822 0.00697379 0.000788719
   vertex -0.0149689 0.00762704 0
  endloop
 endfacet
 facet normal 0.806968 -0.32391 -0.493847
  outer loop
   vertex -0.0153972 0.00672049 0
   vertex -0.0151713 0.00607363 0.000793499
   vertex -0.0157707 0.00579 0
  endloop
 endfacet
 facet normal 0.790753 -0.344486 -0.506003
  outer loop
   vertex -0.0147822 0.00697379 0.000788719
   vertex -0.0151713 0.00607363 0.000793499
   vertex -0.0153972 0.00672049 0
  endloop
 endfacet
 facet normal 0.824862 -0.27519 -0.493835
  outer loop
   vertex -0.0157707 0.00579 0
   vertex -0.015509 0.00515325 0.000792017
   vertex -0.016088 0.00483889 0
  endloop
 endfacet
 facet normal 0.810017 -0.296401 -0.505983
  outer loop
   vertex -0.0151713 0.00607363 0.000793499
   vertex -0.015509 0.00515325 0.000792017
   vertex -0.0157707 0.00579 0
  endloop
 endfacet
 facet normal 0.839881 -0.225516 -0.493703
  outer loop
   vertex -0.016088 0.00483889 0
   vertex -0.0157998 0.00421531 0.000775122
   vertex -0.016348 0.00387054 0
  endloop
 endfacet
 facet normal 0.82634 -0.247127 -0.506054
  outer loop
   vertex -0.015509 0.00515325 0.000792017
   vertex -0.0157998 0.00421531 0.000775122
   vertex -0.016088 0.00483889 0
  endloop
 endfacet
 facet normal 0.851958 -0.175046 -0.493484
  outer loop
   vertex -0.016348 0.00387054 0
   vertex -0.0160428 0.00325502 0.000745302
   vertex -0.0165498 0.00288841 0
  endloop
 endfacet
 facet normal 0.839609 -0.196713 -0.506321
  outer loop
   vertex -0.0157998 0.00421531 0.000775122
   vertex -0.0160428 0.00325502 0.000745302
   vertex -0.016348 0.00387054 0
  endloop
 endfacet
 facet normal 0.860899 -0.123901 -0.493459
  outer loop
   vertex -0.0165498 0.00288841 0
   vertex -0.0162285 0.00224362 0.000722461
   vertex -0.0166927 0.00189599 0
  endloop
 endfacet
 facet normal 0.849753 -0.144589 -0.506966
  outer loop
   vertex -0.0160428 0.00325502 0.000745302
   vertex -0.0162285 0.00224362 0.000722461
   vertex -0.0165498 0.00288841 0
  endloop
 endfacet
 facet normal 0.864936 -0.0721777 -0.496665
  outer loop
   vertex -0.0166927 0.00189599 0
   vertex -0.016303 0.00102795 0.000804718
   vertex -0.0167761 0.000896812 0
  endloop
 endfacet
 facet normal 0.856647 -0.0868996 -0.508532
  outer loop
   vertex -0.0162285 0.00224362 0.000722461
   vertex -0.016303 0.00102795 0.000804718
   vertex -0.0166927 0.00189599 0
  endloop
 endfacet
 facet normal 0.865797 -0.0231204 -0.49986
  outer loop
   vertex -0.0167761 0.000896812 0
   vertex -0.0164285 0 0.0006435
   vertex -0.0168 0 0
  endloop
 endfacet
 facet normal 0.865702 -0.0272004 -0.49982
  outer loop
   vertex -0.013445 0 0.005811
   vertex -0.0130215 0.000819242 0.0065
   vertex -0.0130472 0 0.0065
  endloop
 endfacet
 facet normal 0.865824 -0.0217369 -0.499876
  outer loop
   vertex -0.0138315 0 0.0051415
   vertex -0.0135609 0.000681402 0.00558069
   vertex -0.013445 0 0.005811
  endloop
 endfacet
 facet normal 0.865845 -0.0202757 -0.499901
  outer loop
   vertex -0.0141918 0 0.0045175
   vertex -0.0139738 0.000654698 0.00486856
   vertex -0.0138315 0 0.0051415
  endloop
 endfacet
 facet normal 0.865242 -0.020832 -0.500921
  outer loop
   vertex -0.0139738 0.000654698 0.00486856
   vertex -0.0135609 0.000681402 0.00558069
   vertex -0.0138315 0 0.0051415
  endloop
 endfacet
 facet normal 0.865832 -0.0211694 -0.499886
  outer loop
   vertex -0.0145596 0 0.0038805
   vertex -0.0143504 0.000702147 0.00421311
   vertex -0.0141918 0 0.0045175
  endloop
 endfacet
 facet normal 0.866237 -0.0207814 -0.499202
  outer loop
   vertex -0.0143504 0.000702147 0.00421311
   vertex -0.0139738 0.000654698 0.00486856
   vertex -0.0141918 0 0.0045175
  endloop
 endfacet
 facet normal 0.865827 -0.0214943 -0.499881
  outer loop
   vertex -0.0149274 0 0.0032435
   vertex -0.014713 0.000731114 0.00358335
   vertex -0.0145596 0 0.0038805
  endloop
 endfacet
 facet normal 0.865989 -0.0213486 -0.499607
  outer loop
   vertex -0.014713 0.000731114 0.00358335
   vertex -0.0143504 0.000702147 0.00421311
   vertex -0.0145596 0 0.0038805
  endloop
 endfacet
 facet normal 0.865839 -0.0204958 -0.499902
  outer loop
   vertex -0.0152839 0 0.002626
   vertex -0.0150906 0.000714884 0.00293152
   vertex -0.0149274 0 0.0032435
  endloop
 endfacet
 facet normal 0.865354 -0.0209647 -0.500723
  outer loop
   vertex -0.0150906 0.000714884 0.00293152
   vertex -0.014713 0.000731114 0.00358335
   vertex -0.0149274 0 0.0032435
  endloop
 endfacet
 facet normal 0.865873 -0.0187777 -0.499912
  outer loop
   vertex -0.0156892 0 0.001924
   vertex -0.0154659 0.000670914 0.00228558
   vertex -0.0152839 0 0.002626
  endloop
 endfacet
 facet normal 0.865059 -0.0196943 -0.501284
  outer loop
   vertex -0.0154659 0.000670914 0.00228558
   vertex -0.0150906 0.000714884 0.00293152
   vertex -0.0152839 0 0.002626
  endloop
 endfacet
 facet normal 0.865845 -0.0205409 -0.499891
  outer loop
   vertex -0.0160457 0 0.0013065
   vertex -0.015858 0.000752771 0.00160064
   vertex -0.0156892 0 0.001924
  endloop
 endfacet
 facet normal 0.866645 -0.0197782 -0.498533
  outer loop
   vertex -0.015858 0.000752771 0.00160064
   vertex -0.0154659 0.000670914 0.00228558
   vertex -0.0156892 0 0.001924
  endloop
 endfacet
 facet normal 0.86378 -0.0232526 -0.503332
  outer loop
   vertex -0.013445 0 0.005811
   vertex -0.0135609 0.000681402 0.00558069
   vertex -0.0130215 0.000819242 0.0065
  endloop
 endfacet
 facet normal -0.865598 -0.0312819 -0.499762
  outer loop
   vertex 0.0130132 0.000941928 0.0065
   vertex 0.0134037 0 0.0058825
   vertex 0.0130472 0 0.0065
  endloop
 endfacet
 facet normal -0.856491 -0.0945627 -0.507426
  outer loop
   vertex 0.0129052 0.00191949 0.0065
   vertex 0.013356 0.00164744 0.00578991
   vertex 0.0130132 0.000941928 0.0065
  endloop
 endfacet
 facet normal -0.846609 -0.15874 -0.507992
  outer loop
   vertex 0.012724 0.00288615 0.0065
   vertex 0.0132004 0.00259769 0.00579618
   vertex 0.0129052 0.00191949 0.0065
  endloop
 endfacet
 facet normal -0.859248 -0.137427 -0.492755
  outer loop
   vertex 0.0132004 0.00259769 0.00579618
   vertex 0.013356 0.00164744 0.00578991
   vertex 0.0129052 0.00191949 0.0065
  endloop
 endfacet
 facet normal -0.83147 -0.223259 -0.508736
  outer loop
   vertex 0.0124583 0.00387557 0.0065
   vertex 0.0129902 0.00355698 0.00577055
   vertex 0.012724 0.00288615 0.0065
  endloop
 endfacet
 facet normal -0.847494 -0.198862 -0.492147
  outer loop
   vertex 0.0129902 0.00355698 0.00577055
   vertex 0.0132004 0.00259769 0.00579618
   vertex 0.012724 0.00288615 0.0065
  endloop
 endfacet
 facet normal -0.812286 -0.28669 -0.507938
  outer loop
   vertex 0.012131 0.004803 0.0065
   vertex 0.0127046 0.00450872 0.00574881
   vertex 0.0124583 0.00387557 0.0065
  endloop
 endfacet
 facet normal -0.830742 -0.26052 -0.491931
  outer loop
   vertex 0.0127046 0.00450872 0.00574881
   vertex 0.0129902 0.00355698 0.00577055
   vertex 0.0124583 0.00387557 0.0065
  endloop
 endfacet
 facet normal -0.787483 -0.348137 -0.508598
  outer loop
   vertex 0.0117168 0.00573998 0.0065
   vertex 0.0123307 0.0054518 0.00574674
   vertex 0.012131 0.004803 0.0065
  endloop
 endfacet
 facet normal -0.809084 -0.321879 -0.491707
  outer loop
   vertex 0.0123307 0.0054518 0.00574674
   vertex 0.0127046 0.00450872 0.00574881
   vertex 0.012131 0.004803 0.0065
  endloop
 endfacet
 facet normal -0.7588 -0.407896 -0.507783
  outer loop
   vertex 0.0112511 0.00660626 0.0065
   vertex 0.011886 0.00638051 0.0057326
   vertex 0.0117168 0.00573998 0.0065
  endloop
 endfacet
 facet normal -0.782523 -0.382165 -0.491537
  outer loop
   vertex 0.011886 0.00638051 0.0057326
   vertex 0.0123307 0.0054518 0.00574674
   vertex 0.0117168 0.00573998 0.0065
  endloop
 endfacet
 facet normal -0.726071 -0.46398 -0.507487
  outer loop
   vertex 0.0107215 0.007435 0.0065
   vertex 0.0113794 0.00727868 0.00570172
   vertex 0.0112511 0.00660626 0.0065
  endloop
 endfacet
 facet normal -0.751053 -0.440552 -0.491766
  outer loop
   vertex 0.0113794 0.00727868 0.00570172
   vertex 0.011886 0.00638051 0.0057326
   vertex 0.0112511 0.00660626 0.0065
  endloop
 endfacet
 facet normal -0.688066 -0.518311 -0.507857
  outer loop
   vertex 0.0101051 0.00825328 0.0065
   vertex 0.010793 0.0081482 0.0056752
   vertex 0.0107215 0.007435 0.0065
  endloop
 endfacet
 facet normal -0.714894 -0.497051 -0.4918
  outer loop
   vertex 0.010793 0.0081482 0.0056752
   vertex 0.0113794 0.00727868 0.00570172
   vertex 0.0107215 0.007435 0.0065
  endloop
 endfacet
 facet normal -0.64648 -0.569945 -0.507176
  outer loop
   vertex 0.00945471 0.00899102 0.0065
   vertex 0.0101256 0.00896835 0.00567029
   vertex 0.0101051 0.00825328 0.0065
  endloop
 endfacet
 facet normal -0.67389 -0.551346 -0.491824
  outer loop
   vertex 0.0101256 0.00896835 0.00567029
   vertex 0.010793 0.0081482 0.0056752
   vertex 0.0101051 0.00825328 0.0065
  endloop
 endfacet
 facet normal -0.600422 -0.617644 -0.507947
  outer loop
   vertex 0.00872014 0.00970511 0.0065
   vertex 0.00939076 0.00971969 0.00568956
   vertex 0.00945471 0.00899102 0.0065
  endloop
 endfacet
 facet normal -0.628699 -0.602294 -0.491914
  outer loop
   vertex 0.00939076 0.00971969 0.00568956
   vertex 0.0101256 0.00896835 0.00567029
   vertex 0.00945471 0.00899102 0.0065
  endloop
 endfacet
 facet normal -0.551341 -0.662209 -0.507447
  outer loop
   vertex 0.00796431 0.0103344 0.0065
   vertex 0.00861487 0.0104043 0.00570197
   vertex 0.00872014 0.00970511 0.0065
  endloop
 endfacet
 facet normal -0.580422 -0.648911 -0.49196
  outer loop
   vertex 0.00861487 0.0104043 0.00570197
   vertex 0.00939076 0.00971969 0.00568956
   vertex 0.00872014 0.00970511 0.0065
  endloop
 endfacet
 facet normal -0.4999 -0.701864 -0.507432
  outer loop
   vertex 0.00716322 0.010905 0.0065
   vertex 0.00780548 0.0110255 0.00570051
   vertex 0.00796431 0.0103344 0.0065
  endloop
 endfacet
 facet normal -0.529479 -0.690975 -0.492144
  outer loop
   vertex 0.00780548 0.0110255 0.00570051
   vertex 0.00861487 0.0104043 0.00570197
   vertex 0.00796431 0.0103344 0.0065
  endloop
 endfacet
 facet normal -0.444287 -0.737963 -0.507956
  outer loop
   vertex 0.00628555 0.0114334 0.0065
   vertex 0.00695126 0.0115921 0.00568714
   vertex 0.00716322 0.010905 0.0065
  endloop
 endfacet
 facet normal -0.475786 -0.728982 -0.492151
  outer loop
   vertex 0.00695126 0.0115921 0.00568714
   vertex 0.00780548 0.0110255 0.00570051
   vertex 0.00716322 0.010905 0.0065
  endloop
 endfacet
 facet normal -0.38643 -0.770332 -0.507208
  outer loop
   vertex 0.00540645 0.0118744 0.0065
   vertex 0.00605409 0.0120951 0.00567138
   vertex 0.00628555 0.0114334 0.0065
  endloop
 endfacet
 facet normal -0.419087 -0.762959 -0.492199
  outer loop
   vertex 0.00605409 0.0120951 0.00567138
   vertex 0.00695126 0.0115921 0.00568714
   vertex 0.00628555 0.0114334 0.0065
  endloop
 endfacet
 facet normal -0.325913 -0.797433 -0.507821
  outer loop
   vertex 0.00445813 0.0122619 0.0065
   vertex 0.00511151 0.0125226 0.00567128
   vertex 0.00540645 0.0118744 0.0065
  endloop
 endfacet
 facet normal -0.359568 -0.792757 -0.492186
  outer loop
   vertex 0.00511151 0.0125226 0.00567128
   vertex 0.00605409 0.0120951 0.00567138
   vertex 0.00540645 0.0118744 0.0065
  endloop
 endfacet
 facet normal -0.263746 -0.820487 -0.507188
  outer loop
   vertex 0.00352182 0.0125629 0.0065
   vertex 0.00413442 0.0128797 0.00566891
   vertex 0.00445813 0.0122619 0.0065
  endloop
 endfacet
 facet normal -0.297765 -0.818026 -0.492108
  outer loop
   vertex 0.00413442 0.0128797 0.00566891
   vertex 0.00511151 0.0125226 0.00567128
   vertex 0.00445813 0.0122619 0.0065
  endloop
 endfacet
 facet normal -0.20119 -0.838031 -0.507174
  outer loop
   vertex 0.00256549 0.0127925 0.0065
   vertex 0.0031398 0.0131584 0.00566765
   vertex 0.00352182 0.0125629 0.0065
  endloop
 endfacet
 facet normal -0.234228 -0.838353 -0.492241
  outer loop
   vertex 0.0031398 0.0131584 0.00566765
   vertex 0.00413442 0.0128797 0.00566891
   vertex 0.00352182 0.0125629 0.0065
  endloop
 endfacet
 facet normal -0.136093 -0.85061 -0.50788
  outer loop
   vertex 0.00155389 0.0129544 0.0065
   vertex 0.00212345 0.013354 0.00567797
   vertex 0.00256549 0.0127925 0.0065
  endloop
 endfacet
 facet normal -0.169392 -0.853849 -0.492187
  outer loop
   vertex 0.00212345 0.013354 0.00567797
   vertex 0.0031398 0.0131584 0.00566765
   vertex 0.00256549 0.0127925 0.0065
  endloop
 endfacet
 facet normal -0.0703158 -0.858884 -0.50732
  outer loop
   vertex 0.000573662 0.0130346 0.0065
   vertex 0.0010938 0.0134742 0.00568364
   vertex 0.00155389 0.0129544 0.0065
  endloop
 endfacet
 facet normal -0.103599 -0.864376 -0.492059
  outer loop
   vertex 0.0010938 0.0134742 0.00568364
   vertex 0.00212345 0.013354 0.00567797
   vertex 0.00155389 0.0129544 0.0065
  endloop
 endfacet
 facet normal -0.00405283 -0.861418 -0.50788
  outer loop
   vertex -0.00045079 0.0130394 0.0065
   vertex 5.81785e-05 0.0135218 0.00567775
   vertex 0.000573662 0.0130346 0.0065
  endloop
 endfacet
 facet normal -0.0371725 -0.869766 -0.492063
  outer loop
   vertex 5.81785e-05 0.0135218 0.00567775
   vertex 0.0010938 0.0134742 0.00568364
   vertex 0.000573662 0.0130346 0.0065
  endloop
 endfacet
 facet normal 0.0622172 -0.859593 -0.507177
  outer loop
   vertex -0.00143173 0.0129684 0.0065
   vertex -0.000976053 0.013493 0.00566678
   vertex -0.00045079 0.0130394 0.0065
  endloop
 endfacet
 facet normal 0.0294423 -0.869996 -0.492179
  outer loop
   vertex -0.000976053 0.013493 0.00566678
   vertex 5.81785e-05 0.0135218 0.00567775
   vertex -0.00045079 0.0130394 0.0065
  endloop
 endfacet
 facet normal 0.126791 -0.852462 -0.50718
  outer loop
   vertex -0.00240453 0.0128237 0.0065
   vertex -0.0020019 0.0133789 0.0056676
   vertex -0.00143173 0.0129684 0.0065
  endloop
 endfacet
 facet normal 0.0958819 -0.865149 -0.492264
  outer loop
   vertex -0.0020019 0.0133789 0.0056676
   vertex -0.000976053 0.013493 0.00566678
   vertex -0.00143173 0.0129684 0.0065
  endloop
 endfacet
 facet normal 0.191886 -0.83983 -0.507804
  outer loop
   vertex -0.00340326 0.0125955 0.0065
   vertex -0.0030235 0.0131844 0.00566971
   vertex -0.00240453 0.0128237 0.0065
  endloop
 endfacet
 facet normal 0.161844 -0.855337 -0.492143
  outer loop
   vertex -0.0030235 0.0131844 0.00566971
   vertex -0.0020019 0.0133789 0.0056676
   vertex -0.00240453 0.0128237 0.0065
  endloop
 endfacet
 facet normal 0.256001 -0.822941 -0.50718
  outer loop
   vertex -0.00434237 0.0123034 0.0065
   vertex -0.00402333 0.0129157 0.00566748
   vertex -0.00340326 0.0125955 0.0065
  endloop
 endfacet
 facet normal 0.226877 -0.840396 -0.492201
  outer loop
   vertex -0.00402333 0.0129157 0.00566748
   vertex -0.0030235 0.0131844 0.00566971
   vertex -0.00340326 0.0125955 0.0065
  endloop
 endfacet
 facet normal 0.318372 -0.800433 -0.507884
  outer loop
   vertex -0.0052943 0.0119248 0.0065
   vertex -0.00499141 0.0125668 0.00567808
   vertex -0.00434237 0.0123034 0.0065
  endloop
 endfacet
 facet normal 0.290407 -0.820578 -0.492256
  outer loop
   vertex -0.00499141 0.0125668 0.00567808
   vertex -0.00402333 0.0129157 0.00566748
   vertex -0.00434237 0.0123034 0.0065
  endloop
 endfacet
 facet normal 0.379122 -0.773889 -0.507309
  outer loop
   vertex -0.00617751 0.0114921 0.0065
   vertex -0.00592561 0.0121502 0.00568438
   vertex -0.0052943 0.0119248 0.0065
  endloop
 endfacet
 facet normal 0.351742 -0.796201 -0.492282
  outer loop
   vertex -0.00592561 0.0121502 0.00568438
   vertex -0.00499141 0.0125668 0.00567808
   vertex -0.0052943 0.0119248 0.0065
  endloop
 endfacet
 facet normal 0.436355 -0.743159 -0.507256
  outer loop
   vertex -0.00702563 0.0109941 0.0065
   vertex -0.00681576 0.0116767 0.00568048
   vertex -0.00617751 0.0114921 0.0065
  endloop
 endfacet
 facet normal 0.410368 -0.767492 -0.492498
  outer loop
   vertex -0.00681576 0.0116767 0.00568048
   vertex -0.00592561 0.0121502 0.00568438
   vertex -0.00617751 0.0114921 0.0065
  endloop
 endfacet
 facet normal 0.492049 -0.707171 -0.507736
  outer loop
   vertex -0.00786656 0.010409 0.0065
   vertex -0.00765535 0.0111431 0.00568217
   vertex -0.00702563 0.0109941 0.0065
  endloop
 endfacet
 facet normal 0.466029 -0.73486 -0.492745
  outer loop
   vertex -0.00765535 0.0111431 0.00568217
   vertex -0.00681576 0.0116767 0.00568048
   vertex -0.00702563 0.0109941 0.0065
  endloop
 endfacet
 facet normal 0.542648 -0.670834 -0.505485
  outer loop
   vertex -0.00853566 0.00986775 0.0065
   vertex -0.00843008 0.0105584 0.00569675
   vertex -0.00786656 0.010409 0.0065
  endloop
 endfacet
 facet normal 0.518049 -0.698693 -0.49341
  outer loop
   vertex -0.00843008 0.0105584 0.00569675
   vertex -0.00765535 0.0111431 0.00568217
   vertex -0.00786656 0.010409 0.0065
  endloop
 endfacet
 facet normal 0.584781 -0.63461 -0.505273
  outer loop
   vertex -0.00913842 0.00931232 0.0065
   vertex -0.0091094 0.00995833 0.00572221
   vertex -0.00853566 0.00986775 0.0065
  endloop
 endfacet
 facet normal 0.565201 -0.660782 -0.493878
  outer loop
   vertex -0.0091094 0.00995833 0.00572221
   vertex -0.00843008 0.0105584 0.00569675
   vertex -0.00853566 0.00986775 0.0065
  endloop
 endfacet
 facet normal 0.624112 -0.595373 -0.505979
  outer loop
   vertex -0.00973246 0.00868961 0.0065
   vertex -0.00974447 0.0093266 0.00573564
   vertex -0.00913842 0.00931232 0.0065
  endloop
 endfacet
 facet normal 0.608022 -0.621736 -0.493714
  outer loop
   vertex -0.00974447 0.0093266 0.00573564
   vertex -0.0091094 0.00995833 0.00572221
   vertex -0.00913842 0.00931232 0.0065
  endloop
 endfacet
 facet normal 0.66144 -0.554225 -0.505304
  outer loop
   vertex -0.0102589 0.00806135 0.0065
   vertex -0.0103689 0.00863911 0.00572224
   vertex -0.00973246 0.00868961 0.0065
  endloop
 endfacet
 facet normal 0.648688 -0.579601 -0.493221
  outer loop
   vertex -0.0103689 0.00863911 0.00572224
   vertex -0.00974447 0.0093266 0.00573564
   vertex -0.00973246 0.00868961 0.0065
  endloop
 endfacet
 facet normal 0.696581 -0.50777 -0.506897
  outer loop
   vertex -0.0108141 0.00729969 0.0065
   vertex -0.0109445 0.00790341 0.00571606
   vertex -0.0102589 0.00806135 0.0065
  endloop
 endfacet
 facet normal 0.687071 -0.533352 -0.493425
  outer loop
   vertex -0.0109445 0.00790341 0.00571606
   vertex -0.0103689 0.00863911 0.00572224
   vertex -0.0102589 0.00806135 0.0065
  endloop
 endfacet
 facet normal 0.731937 -0.454884 -0.507296
  outer loop
   vertex -0.0113332 0.00646436 0.0065
   vertex -0.0115071 0.00708721 0.00569069
   vertex -0.0108141 0.00729969 0.0065
  endloop
 endfacet
 facet normal 0.72359 -0.483439 -0.492651
  outer loop
   vertex -0.0115071 0.00708721 0.00569069
   vertex -0.0109445 0.00790341 0.00571606
   vertex -0.0108141 0.00729969 0.0065
  endloop
 endfacet
 facet normal 0.764178 -0.398483 -0.507191
  outer loop
   vertex -0.011788 0.0055923 0.0065
   vertex -0.0120126 0.00621053 0.00567584
   vertex -0.0113332 0.00646436 0.0065
  endloop
 endfacet
 facet normal 0.757539 -0.428485 -0.492478
  outer loop
   vertex -0.0120126 0.00621053 0.00567584
   vertex -0.0115071 0.00708721 0.00569069
   vertex -0.0113332 0.00646436 0.0065
  endloop
 endfacet
 facet normal 0.792177 -0.338384 -0.507889
  outer loop
   vertex -0.0121904 0.00465019 0.0065
   vertex -0.0124461 0.0052799 0.00568159
   vertex -0.011788 0.0055923 0.0065
  endloop
 endfacet
 facet normal 0.787839 -0.370053 -0.492312
  outer loop
   vertex -0.0124461 0.0052799 0.00568159
   vertex -0.0120126 0.00621053 0.00567584
   vertex -0.011788 0.0055923 0.0065
  endloop
 endfacet
 facet normal 0.816113 -0.276557 -0.50742
  outer loop
   vertex -0.0125061 0.00371871 0.0065
   vertex -0.012803 0.00431746 0.00569603
   vertex -0.0121904 0.00465019 0.0065
  endloop
 endfacet
 facet normal 0.813768 -0.309153 -0.492144
  outer loop
   vertex -0.012803 0.00431746 0.00569603
   vertex -0.0124461 0.0052799 0.00568159
   vertex -0.0121904 0.00465019 0.0065
  endloop
 endfacet
 facet normal 0.834397 -0.212836 -0.508412
  outer loop
   vertex -0.0127593 0.00272603 0.0065
   vertex -0.0130689 0.00335038 0.00573037
   vertex -0.0125061 0.00371871 0.0065
  endloop
 endfacet
 facet normal 0.834668 -0.246999 -0.492261
  outer loop
   vertex -0.0130689 0.00335038 0.00573037
   vertex -0.012803 0.00431746 0.00569603
   vertex -0.0125061 0.00371871 0.0065
  endloop
 endfacet
 facet normal 0.848473 -0.148088 -0.508097
  outer loop
   vertex -0.0129284 0.00175717 0.0065
   vertex -0.0132437 0.00240141 0.00578558
   vertex -0.0127593 0.00272603 0.0065
  endloop
 endfacet
 facet normal 0.850371 -0.18528 -0.492485
  outer loop
   vertex -0.0132437 0.00240141 0.00578558
   vertex -0.0130689 0.00335038 0.00573037
   vertex -0.0127593 0.00272603 0.0065
  endloop
 endfacet
 facet normal 0.857723 -0.0851563 -0.50701
  outer loop
   vertex -0.0130215 0.000819242 0.0065
   vertex -0.0133594 0.00149581 0.00581475
   vertex -0.0129284 0.00175717 0.0065
  endloop
 endfacet
 facet normal 0.860676 -0.125784 -0.493372
  outer loop
   vertex -0.0129284 0.00175717 0.0065
   vertex -0.0133594 0.00149581 0.00581475
   vertex -0.0132437 0.00240141 0.00578558
  endloop
 endfacet
 facet normal 0.86493 -0.0712293 -0.496813
  outer loop
   vertex -0.0135609 0.000681402 0.00558069
   vertex -0.0133594 0.00149581 0.00581475
   vertex -0.0130215 0.000819242 0.0065
  endloop
 endfacet
 facet normal -0.862881 -0.0269253 -0.504689
  outer loop
   vertex 0.0130132 0.000941928 0.0065
   vertex 0.0135523 0.000767627 0.00558748
   vertex 0.0134037 0 0.0058825
  endloop
 endfacet
 facet normal -0.865769 -0.0245042 -0.499844
  outer loop
   vertex 0.0134037 0 0.0058825
   vertex 0.0135523 0.000767627 0.00558748
   vertex 0.0137903 0 0.005213
  endloop
 endfacet
 facet normal -0.864793 -0.0789153 -0.495888
  outer loop
   vertex 0.013356 0.00164744 0.00578991
   vertex 0.0135523 0.000767627 0.00558748
   vertex 0.0130132 0.000941928 0.0065
  endloop
 endfacet
 facet normal -0.865855 -0.0197194 -0.499907
  outer loop
   vertex 0.0160457 0 0.0013065
   vertex 0.0162677 0.00074127 0.000892748
   vertex 0.0164435 0 0.0006175
  endloop
 endfacet
 facet normal -0.865869 -0.0189022 -0.499913
  outer loop
   vertex 0.0156704 0 0.0019565
   vertex 0.0158607 0.000693121 0.00160075
   vertex 0.0160457 0 0.0013065
  endloop
 endfacet
 facet normal -0.866223 -0.0192628 -0.499286
  outer loop
   vertex 0.0158607 0.000693121 0.00160075
   vertex 0.0162677 0.00074127 0.000892748
   vertex 0.0160457 0 0.0013065
  endloop
 endfacet
 facet normal -0.865875 -0.0188231 -0.499906
  outer loop
   vertex 0.0152576 0 0.0026715
   vertex 0.0154701 0.000672925 0.00227818
   vertex 0.0156704 0 0.0019565
  endloop
 endfacet
 facet normal -0.865907 -0.0188594 -0.49985
  outer loop
   vertex 0.0154701 0.000672925 0.00227818
   vertex 0.0158607 0.000693121 0.00160075
   vertex 0.0156704 0 0.0019565
  endloop
 endfacet
 facet normal -0.865841 -0.0204804 -0.499899
  outer loop
   vertex 0.0148973 0 0.0032955
   vertex 0.01508 0.000713616 0.00294996
   vertex 0.0152576 0 0.0026715
  endloop
 endfacet
 facet normal -0.865119 -0.019803 -0.501175
  outer loop
   vertex 0.01508 0.000713616 0.00294996
   vertex 0.0154701 0.000672925 0.00227818
   vertex 0.0152576 0 0.0026715
  endloop
 endfacet
 facet normal -0.865838 -0.0209507 -0.499885
  outer loop
   vertex 0.0145258 0 0.003939
   vertex 0.0147103 0.000712436 0.00358966
   vertex 0.0148973 0 0.0032955
  endloop
 endfacet
 facet normal -0.865612 -0.0207262 -0.500286
  outer loop
   vertex 0.0147103 0.000712436 0.00358966
   vertex 0.01508 0.000713616 0.00294996
   vertex 0.0148973 0 0.0032955
  endloop
 endfacet
 facet normal -0.865863 -0.0194505 -0.499903
  outer loop
   vertex 0.014158 0 0.004576
   vertex 0.014343 0.000644567 0.00423059
   vertex 0.0145258 0 0.003939
  endloop
 endfacet
 facet normal -0.86654 -0.0201872 -0.498699
  outer loop
   vertex 0.014343 0.000644567 0.00423059
   vertex 0.0147103 0.000712436 0.00358966
   vertex 0.0145258 0 0.003939
  endloop
 endfacet
 facet normal -0.865841 -0.0203973 -0.499904
  outer loop
   vertex 0.0137903 0 0.005213
   vertex 0.0139443 0.000657545 0.00491944
   vertex 0.014158 0 0.004576
  endloop
 endfacet
 facet normal -0.865464 -0.0199246 -0.500575
  outer loop
   vertex 0.014158 0 0.004576
   vertex 0.0139443 0.000657545 0.00491944
   vertex 0.014343 0.000644567 0.00423059
  endloop
 endfacet
 facet normal -0.863903 -0.0223063 -0.503164
  outer loop
   vertex 0.0135523 0.000767627 0.00558748
   vertex 0.0139443 0.000657545 0.00491944
   vertex 0.0137903 0 0.005213
  endloop
 endfacet
 facet normal 0.863666 -0.0264634 -0.503369
  outer loop
   vertex -0.0167761 0.000896812 0
   vertex -0.016303 0.00102795 0.000804718
   vertex -0.0164285 0 0.0006435
  endloop
 endfacet
 facet normal -0.86307 -0.0586128 -0.501672
  outer loop
   vertex 0.0167761 0.000896812 0
   vertex 0.0162677 0.00074127 0.000892748
   vertex 0.0163948 0.00144215 0.000592184
  endloop
 endfacet
 facet normal -0.867225 -0.0209471 -0.497476
  outer loop
   vertex 0.0167761 0.000896812 0
   vertex 0.0164435 0 0.0006175
   vertex 0.0162677 0.00074127 0.000892748
  endloop
 endfacet
 facet normal 0.8657 -0.0272681 -0.49982
  outer loop
   vertex -0.0164285 0 0.0006435
   vertex -0.016303 0.00102795 0.000804718
   vertex -0.0160457 0 0.0013065
  endloop
 endfacet
 facet normal 0.869093 -0.0236191 -0.494085
  outer loop
   vertex -0.016303 0.00102795 0.000804718
   vertex -0.015858 0.000752771 0.00160064
   vertex -0.0160457 0 0.0013065
  endloop
 endfacet
 facet normal -0.857228 -0.146524 -0.49365
  outer loop
   vertex 0.0162456 0.00228442 0.000683411
   vertex 0.0157752 0.00261501 0.00140212
   vertex 0.0160607 0.003223 0.000725852
  endloop
 endfacet
 facet normal -0.847093 -0.196569 -0.493755
  outer loop
   vertex 0.0160607 0.003223 0.000725852
   vertex 0.0155402 0.00355294 0.00148744
   vertex 0.0158239 0.00416529 0.000756976
  endloop
 endfacet
 facet normal -0.846179 -0.16591 -0.506414
  outer loop
   vertex 0.0157752 0.00261501 0.00140212
   vertex 0.0155402 0.00355294 0.00148744
   vertex 0.0160607 0.003223 0.000725852
  endloop
 endfacet
 facet normal -0.833887 -0.246268 -0.493949
  outer loop
   vertex 0.0158239 0.00416529 0.000756976
   vertex 0.0152729 0.00447029 0.00153524
   vertex 0.0155435 0.0050954 0.000766621
  endloop
 endfacet
 facet normal -0.834766 -0.216956 -0.506059
  outer loop
   vertex 0.0155402 0.00355294 0.00148744
   vertex 0.0152729 0.00447029 0.00153524
   vertex 0.0158239 0.00416529 0.000756976
  endloop
 endfacet
 facet normal -0.817893 -0.295188 -0.493878
  outer loop
   vertex 0.0155435 0.0050954 0.000766621
   vertex 0.0149824 0.0053765 0.00152779
   vertex 0.0152185 0.00600984 0.000758331
  endloop
 endfacet
 facet normal -0.820183 -0.266994 -0.505978
  outer loop
   vertex 0.0152729 0.00447029 0.00153524
   vertex 0.0149824 0.0053765 0.00152779
   vertex 0.0155435 0.0050954 0.000766621
  endloop
 endfacet
 facet normal -0.799075 -0.343054 -0.493754
  outer loop
   vertex 0.0152185 0.00600984 0.000758331
   vertex 0.0146544 0.00626179 0.0014962
   vertex 0.0148423 0.00689855 0.0007497
  endloop
 endfacet
 facet normal -0.802766 -0.315524 -0.505976
  outer loop
   vertex 0.0149824 0.0053765 0.00152779
   vertex 0.0146544 0.00626179 0.0014962
   vertex 0.0152185 0.00600984 0.000758331
  endloop
 endfacet
 facet normal -0.777551 -0.389015 -0.494046
  outer loop
   vertex 0.0148423 0.00689855 0.0007497
   vertex 0.0142666 0.00710597 0.00149239
   vertex 0.0144212 0.00774307 0.000747436
  endloop
 endfacet
 facet normal -0.783016 -0.361959 -0.505838
  outer loop
   vertex 0.0146544 0.00626179 0.0014962
   vertex 0.0142666 0.00710597 0.00149239
   vertex 0.0148423 0.00689855 0.0007497
  endloop
 endfacet
 facet normal -0.754094 -0.431882 -0.494793
  outer loop
   vertex 0.0144212 0.00774307 0.000747436
   vertex 0.0138379 0.00788597 0.00151173
   vertex 0.0139806 0.00852769 0.000734073
  endloop
 endfacet
 facet normal -0.761479 -0.40603 -0.505262
  outer loop
   vertex 0.0142666 0.00710597 0.00149239
   vertex 0.0138379 0.00788597 0.00151173
   vertex 0.0144212 0.00774307 0.000747436
  endloop
 endfacet
 facet normal -0.729566 -0.471604 -0.495301
  outer loop
   vertex 0.0139806 0.00852769 0.000734073
   vertex 0.0134044 0.00861131 0.00150316
   vertex 0.0135208 0.00925498 0.000718924
  endloop
 endfacet
 facet normal -0.738462 -0.447259 -0.504612
  outer loop
   vertex 0.0138379 0.00788597 0.00151173
   vertex 0.0134044 0.00861131 0.00150316
   vertex 0.0139806 0.00852769 0.000734073
  endloop
 endfacet
 facet normal -0.70409 -0.508926 -0.495229
  outer loop
   vertex 0.0135208 0.00925498 0.000718924
   vertex 0.0129714 0.00931073 0.00144273
   vertex 0.0130377 0.00995247 0.000689026
  endloop
 endfacet
 facet normal -0.713915 -0.485617 -0.504481
  outer loop
   vertex 0.0134044 0.00861131 0.00150316
   vertex 0.0129714 0.00931073 0.00144273
   vertex 0.0135208 0.00925498 0.000718924
  endloop
 endfacet
 facet normal -0.67683 -0.544815 -0.495053
  outer loop
   vertex 0.0130377 0.00995247 0.000689026
   vertex 0.0124995 0.00998318 0.00139103
   vertex 0.0125102 0.0106158 0.000680121
  endloop
 endfacet
 facet normal -0.687968 -0.521605 -0.504607
  outer loop
   vertex 0.0129714 0.00931073 0.00144273
   vertex 0.0124995 0.00998318 0.00139103
   vertex 0.0130377 0.00995247 0.000689026
  endloop
 endfacet
 facet normal -0.647937 -0.578593 -0.495387
  outer loop
   vertex 0.0125102 0.0106158 0.000680121
   vertex 0.0119652 0.0106055 0.00140499
   vertex 0.011954 0.0112234 0.000697861
  endloop
 endfacet
 facet normal -0.660628 -0.555826 -0.504606
  outer loop
   vertex 0.0124995 0.00998318 0.00139103
   vertex 0.0119652 0.0106055 0.00140499
   vertex 0.0125102 0.0106158 0.000680121
  endloop
 endfacet
 facet normal -0.617795 -0.610496 -0.495605
  outer loop
   vertex 0.011954 0.0112234 0.000697861
   vertex 0.011385 0.0111672 0.00147637
   vertex 0.0113565 0.0117963 0.000737
  endloop
 endfacet
 facet normal -0.631894 -0.588529 -0.504324
  outer loop
   vertex 0.0119652 0.0106055 0.00140499
   vertex 0.011385 0.0111672 0.00147637
   vertex 0.011954 0.0112234 0.000697861
  endloop
 endfacet
 facet normal -0.585808 -0.641239 -0.495622
  outer loop
   vertex 0.0113565 0.0117963 0.000737
   vertex 0.0107718 0.0116995 0.00155344
   vertex 0.0107189 0.0123562 0.000766253
  endloop
 endfacet
 facet normal -0.601319 -0.619843 -0.504194
  outer loop
   vertex 0.011385 0.0111672 0.00147637
   vertex 0.0107718 0.0116995 0.00155344
   vertex 0.0113565 0.0117963 0.000737
  endloop
 endfacet
 facet normal -0.551731 -0.67076 -0.495655
  outer loop
   vertex 0.0107189 0.0123562 0.000766253
   vertex 0.0101242 0.0122301 0.00159895
   vertex 0.0100534 0.01289 0.000784713
  endloop
 endfacet
 facet normal -0.568206 -0.650239 -0.504312
  outer loop
   vertex 0.0107718 0.0116995 0.00155344
   vertex 0.0101242 0.0122301 0.00159895
   vertex 0.0107189 0.0123562 0.000766253
  endloop
 endfacet
 facet normal -0.515898 -0.698797 -0.495513
  outer loop
   vertex 0.0100534 0.01289 0.000784713
   vertex 0.00944091 0.0127547 0.00161314
   vertex 0.00935719 0.0133988 0.000792041
  endloop
 endfacet
 facet normal -0.532378 -0.679689 -0.504576
  outer loop
   vertex 0.0101242 0.0122301 0.00159895
   vertex 0.00944091 0.0127547 0.00161314
   vertex 0.0100534 0.01289 0.000784713
  endloop
 endfacet
 facet normal -0.477576 -0.725916 -0.494942
  outer loop
   vertex 0.00935719 0.0133988 0.000792041
   vertex 0.00872002 0.0132657 0.00160201
   vertex 0.00860044 0.0138967 0.000791947
  endloop
 endfacet
 facet normal -0.493968 -0.707882 -0.504875
  outer loop
   vertex 0.00944091 0.0127547 0.00161314
   vertex 0.00872002 0.0132657 0.00160201
   vertex 0.00935719 0.0133988 0.000792041
  endloop
 endfacet
 facet normal -0.435929 -0.752081 -0.494307
  outer loop
   vertex 0.00860044 0.0138967 0.000791947
   vertex 0.0079585 0.0137548 0.001574
   vertex 0.00778378 0.0143746 0.000784987
  endloop
 endfacet
 facet normal -0.453113 -0.73447 -0.505216
  outer loop
   vertex 0.00872002 0.0132657 0.00160201
   vertex 0.0079585 0.0137548 0.001574
   vertex 0.00860044 0.0138967 0.000791947
  endloop
 endfacet
 facet normal -0.391286 -0.776455 -0.493976
  outer loop
   vertex 0.00778378 0.0143746 0.000784987
   vertex 0.00714646 0.0142054 0.00155582
   vertex 0.0069229 0.0148098 0.00078292
  endloop
 endfacet
 facet normal -0.409951 -0.759144 -0.505608
  outer loop
   vertex 0.0079585 0.0137548 0.001574
   vertex 0.00714646 0.0142054 0.00155582
   vertex 0.00778378 0.0143746 0.000784987
  endloop
 endfacet
 facet normal -0.344652 -0.798262 -0.493957
  outer loop
   vertex 0.0069229 0.0148098 0.00078292
   vertex 0.00629308 0.0145996 0.00156198
   vertex 0.00603174 0.0151927 0.000785972
  endloop
 endfacet
 facet normal -0.364784 -0.781743 -0.505777
  outer loop
   vertex 0.00714646 0.0142054 0.00155582
   vertex 0.00629308 0.0145996 0.00156198
   vertex 0.0069229 0.0148098 0.00078292
  endloop
 endfacet
 facet normal -0.296685 -0.817271 -0.49401
  outer loop
   vertex 0.00603174 0.0151927 0.000785972
   vertex 0.00541759 0.01494 0.00157273
   vertex 0.00511908 0.0155237 0.000786376
  endloop
 endfacet
 facet normal -0.318014 -0.801935 -0.505735
  outer loop
   vertex 0.00629308 0.0145996 0.00156198
   vertex 0.00541759 0.01494 0.00157273
   vertex 0.00603174 0.0151927 0.000785972
  endloop
 endfacet
 facet normal -0.24759 -0.833527 -0.493895
  outer loop
   vertex 0.00511908 0.0155237 0.000786376
   vertex 0.0045248 0.0152403 0.00156255
   vertex 0.00418527 0.0158026 0.000783856
  endloop
 endfacet
 facet normal -0.269841 -0.819382 -0.505767
  outer loop
   vertex 0.00541759 0.01494 0.00157273
   vertex 0.0045248 0.0152403 0.00156255
   vertex 0.00511908 0.0155237 0.000786376
  endloop
 endfacet
 facet normal -0.197387 -0.846877 -0.4938
  outer loop
   vertex 0.00418527 0.0158026 0.000783856
   vertex 0.00360736 0.0154873 0.00155556
   vertex 0.00323306 0.0160232 0.000786086
  endloop
 endfacet
 facet normal -0.220641 -0.833891 -0.505909
  outer loop
   vertex 0.0045248 0.0152403 0.00156255
   vertex 0.00360736 0.0154873 0.00155556
   vertex 0.00418527 0.0158026 0.000783856
  endloop
 endfacet
 facet normal -0.146385 -0.857108 -0.4939
  outer loop
   vertex 0.00323306 0.0160232 0.000786086
   vertex 0.00267265 0.0156667 0.00157093
   vertex 0.00227004 0.0161834 0.000793519
  endloop
 endfacet
 facet normal -0.170572 -0.845548 -0.505919
  outer loop
   vertex 0.00360736 0.0154873 0.00155556
   vertex 0.00267265 0.0156667 0.00157093
   vertex 0.00323306 0.0160232 0.000786086
  endloop
 endfacet
 facet normal -0.0950246 -0.86423 -0.494042
  outer loop
   vertex 0.00227004 0.0161834 0.000793519
   vertex 0.00173255 0.0157861 0.00159192
   vertex 0.00130161 0.0162875 0.000797789
  endloop
 endfacet
 facet normal -0.119818 -0.854295 -0.505789
  outer loop
   vertex 0.00267265 0.0156667 0.00157093
   vertex 0.00173255 0.0157861 0.00159192
   vertex 0.00227004 0.0161834 0.000793519
  endloop
 endfacet
 facet normal -0.0434383 -0.868354 -0.494039
  outer loop
   vertex 0.00130161 0.0162875 0.000797789
   vertex 0.000786309 0.0158618 0.00159128
   vertex 0.000329056 0.0163389 0.000792905
  endloop
 endfacet
 facet normal -0.0684392 -0.859951 -0.505767
  outer loop
   vertex 0.00173255 0.0157861 0.00159192
   vertex 0.000786309 0.0158618 0.00159128
   vertex 0.00130161 0.0162875 0.000797789
  endloop
 endfacet
 facet normal 0.00839021 -0.86948 -0.493897
  outer loop
   vertex 0.000329056 0.0163389 0.000792905
   vertex -0.000160587 0.0158933 0.00156911
   vertex -0.000646996 0.016334 0.000784913
  endloop
 endfacet
 facet normal -0.0168151 -0.862495 -0.505786
  outer loop
   vertex 0.000786309 0.0158618 0.00159128
   vertex -0.000160587 0.0158933 0.00156911
   vertex 0.000329056 0.0163389 0.000792905
  endloop
 endfacet
 facet normal 0.0603507 -0.867478 -0.493801
  outer loop
   vertex -0.000646996 0.016334 0.000784913
   vertex -0.00111158 0.0158645 0.0015529
   vertex -0.001622 0.0162677 0.000782346
  endloop
 endfacet
 facet normal 0.0346608 -0.861883 -0.505921
  outer loop
   vertex -0.000160587 0.0158933 0.00156911
   vertex -0.00111158 0.0158645 0.0015529
   vertex -0.000646996 0.016334 0.000784913
  endloop
 endfacet
 facet normal 0.112037 -0.862275 -0.493892
  outer loop
   vertex -0.001622 0.0162677 0.000782346
   vertex -0.00205612 0.015766 0.00155969
   vertex -0.00258814 0.0161406 0.000784909
  endloop
 endfacet
 facet normal 0.0858995 -0.858293 -0.505919
  outer loop
   vertex -0.00111158 0.0158645 0.0015529
   vertex -0.00205612 0.015766 0.00155969
   vertex -0.001622 0.0162677 0.000782346
  endloop
 endfacet
 facet normal 0.163108 -0.854025 -0.494
  outer loop
   vertex -0.00258814 0.0161406 0.000784909
   vertex -0.00298476 0.0156107 0.0015702
   vertex -0.00354236 0.0159585 0.000784763
  endloop
 endfacet
 facet normal 0.136756 -0.851755 -0.505778
  outer loop
   vertex -0.00205612 0.015766 0.00155969
   vertex -0.00298476 0.0156107 0.0015702
   vertex -0.00258814 0.0161406 0.000784909
  endloop
 endfacet
 facet normal 0.21358 -0.842878 -0.493903
  outer loop
   vertex -0.00354236 0.0159585 0.000784763
   vertex -0.00390429 0.0154129 0.00155929
   vertex -0.00448614 0.0157212 0.000781644
  endloop
 endfacet
 facet normal 0.187089 -0.842141 -0.505762
  outer loop
   vertex -0.00298476 0.0156107 0.0015702
   vertex -0.00390429 0.0154129 0.00155929
   vertex -0.00354236 0.0159585 0.000784763
  endloop
 endfacet
 facet normal 0.263438 -0.828695 -0.493826
  outer loop
   vertex -0.00448614 0.0157212 0.000781644
   vertex -0.00481567 0.0151577 0.00155137
   vertex -0.00541456 0.0154252 0.00078302
  endloop
 endfacet
 facet normal 0.23667 -0.829503 -0.505877
  outer loop
   vertex -0.00390429 0.0154129 0.00155929
   vertex -0.00481567 0.0151577 0.00155137
   vertex -0.00448614 0.0157212 0.000781644
  endloop
 endfacet
 facet normal 0.312268 -0.811482 -0.49395
  outer loop
   vertex -0.00541456 0.0154252 0.00078302
   vertex -0.00570466 0.0148375 0.00156507
   vertex -0.00631964 0.0150732 0.000789054
  endloop
 endfacet
 facet normal 0.285398 -0.814046 -0.505844
  outer loop
   vertex -0.00481567 0.0151577 0.00155137
   vertex -0.00570466 0.0148375 0.00156507
   vertex -0.00541456 0.0154252 0.00078302
  endloop
 endfacet
 facet normal 0.359717 -0.791482 -0.494126
  outer loop
   vertex -0.00631964 0.0150732 0.000789054
   vertex -0.00656397 0.0144663 0.0015834
   vertex -0.00719835 0.0146724 0.000791378
  endloop
 endfacet
 facet normal 0.333046 -0.795852 -0.505669
  outer loop
   vertex -0.00570466 0.0148375 0.00156507
   vertex -0.00656397 0.0144663 0.0015834
   vertex -0.00631964 0.0150732 0.000789054
  endloop
 endfacet
 facet normal 0.405652 -0.768921 -0.494173
  outer loop
   vertex -0.00719835 0.0146724 0.000791378
   vertex -0.00740131 0.0140586 0.00157994
   vertex -0.00805047 0.0142273 0.000784511
  endloop
 endfacet
 facet normal 0.379401 -0.774887 -0.505573
  outer loop
   vertex -0.00656397 0.0144663 0.0015834
   vertex -0.00740131 0.0140586 0.00157994
   vertex -0.00719835 0.0146724 0.000791378
  endloop
 endfacet
 facet normal 0.450028 -0.74385 -0.494127
  outer loop
   vertex -0.00805047 0.0142273 0.000784511
   vertex -0.00821085 0.0136177 0.00155611
   vertex -0.00887155 0.013737 0.000774843
  endloop
 endfacet
 facet normal 0.42408 -0.751417 -0.505498
  outer loop
   vertex -0.00740131 0.0140586 0.00157994
   vertex -0.00821085 0.0136177 0.00155611
   vertex -0.00805047 0.0142273 0.000784511
  endloop
 endfacet
 facet normal 0.492422 -0.7164 -0.494258
  outer loop
   vertex -0.00887155 0.013737 0.000774843
   vertex -0.00898485 0.0131309 0.00154037
   vertex -0.00965059 0.013206 0.000768258
  endloop
 endfacet
 facet normal 0.466699 -0.725742 -0.505461
  outer loop
   vertex -0.00821085 0.0136177 0.00155611
   vertex -0.00898485 0.0131309 0.00154037
   vertex -0.00887155 0.013737 0.000774843
  endloop
 endfacet
 facet normal 0.531952 -0.687179 -0.494785
  outer loop
   vertex -0.00965059 0.013206 0.000768258
   vertex -0.00970641 0.0126033 0.00154537
   vertex -0.0103749 0.0126559 0.00075358
  endloop
 endfacet
 facet normal 0.507135 -0.698287 -0.505182
  outer loop
   vertex -0.00898485 0.0131309 0.00154037
   vertex -0.00970641 0.0126033 0.00154537
   vertex -0.00965059 0.013206 0.000768258
  endloop
 endfacet
 facet normal 0.568351 -0.656981 -0.495331
  outer loop
   vertex -0.0103749 0.0126559 0.00075358
   vertex -0.0103743 0.0120569 0.00154871
   vertex -0.011036 0.0120904 0.000745126
  endloop
 endfacet
 facet normal 0.545095 -0.669439 -0.504701
  outer loop
   vertex -0.00970641 0.0126033 0.00154537
   vertex -0.0103743 0.0120569 0.00154871
   vertex -0.0103749 0.0126559 0.00075358
  endloop
 endfacet
 facet normal 0.602093 -0.626183 -0.495357
  outer loop
   vertex -0.011036 0.0120904 0.000745126
   vertex -0.0110117 0.0115056 0.0015139
   vertex -0.0116602 0.0115058 0.000725361
  endloop
 endfacet
 facet normal 0.580442 -0.639158 -0.504543
  outer loop
   vertex -0.0103743 0.0120569 0.00154871
   vertex -0.0110117 0.0115056 0.0015139
   vertex -0.011036 0.0120904 0.000745126
  endloop
 endfacet
 facet normal 0.634288 -0.593795 -0.495062
  outer loop
   vertex -0.0116602 0.0115058 0.000725361
   vertex -0.0116264 0.0109201 0.00147118
   vertex -0.0122469 0.0108766 0.000728447
  endloop
 endfacet
 facet normal 0.613513 -0.607319 -0.504743
  outer loop
   vertex -0.0110117 0.0115056 0.0015139
   vertex -0.0116264 0.0109201 0.00147118
   vertex -0.0116602 0.0115058 0.000725361
  endloop
 endfacet
 facet normal 0.665261 -0.559174 -0.494724
  outer loop
   vertex -0.0122469 0.0108766 0.000728447
   vertex -0.0122 0.0102669 0.00148057
   vertex -0.0128121 0.0101918 0.000742257
  endloop
 endfacet
 facet normal 0.6449 -0.573555 -0.505112
  outer loop
   vertex -0.0116264 0.0109201 0.00147118
   vertex -0.0122 0.0102669 0.00148057
   vertex -0.0122469 0.0108766 0.000728447
  endloop
 endfacet
 facet normal 0.694595 -0.522087 -0.494937
  outer loop
   vertex -0.0128121 0.0101918 0.000742257
   vertex -0.012719 0.00956242 0.00153698
   vertex -0.0133332 0.00947083 0.000771565
  endloop
 endfacet
 facet normal 0.675091 -0.537748 -0.505054
  outer loop
   vertex -0.0122 0.0102669 0.00148057
   vertex -0.012719 0.00956242 0.00153698
   vertex -0.0128121 0.0101918 0.000742257
  endloop
 endfacet
 facet normal 0.722999 -0.48254 -0.494396
  outer loop
   vertex -0.0133332 0.00947083 0.000771565
   vertex -0.0132153 0.00882084 0.00157846
   vertex -0.0138515 0.00867834 0.000787126
  endloop
 endfacet
 facet normal 0.703914 -0.499339 -0.505138
  outer loop
   vertex -0.012719 0.00956242 0.00153698
   vertex -0.0132153 0.00882084 0.00157846
   vertex -0.0133332 0.00947083 0.000771565
  endloop
 endfacet
 facet normal 0.750076 -0.439642 -0.494065
  outer loop
   vertex -0.0138515 0.00867834 0.000787126
   vertex -0.0137088 0.00803932 0.00157239
   vertex -0.0143396 0.00784519 0.000787475
  endloop
 endfacet
 facet normal 0.731298 -0.457895 -0.505506
  outer loop
   vertex -0.0132153 0.00882084 0.00157846
   vertex -0.0137088 0.00803932 0.00157239
   vertex -0.0138515 0.00867834 0.000787126
  endloop
 endfacet
 facet normal 0.774997 -0.394348 -0.493831
  outer loop
   vertex -0.0143396 0.00784519 0.000787475
   vertex -0.0141694 0.00720941 0.00156224
   vertex -0.0147822 0.00697379 0.000788719
  endloop
 endfacet
 facet normal 0.756836 -0.413878 -0.50587
  outer loop
   vertex -0.0137088 0.00803932 0.00157239
   vertex -0.0141694 0.00720941 0.00156224
   vertex -0.0143396 0.00784519 0.000787475
  endloop
 endfacet
 facet normal 0.797216 -0.347215 -0.49385
  outer loop
   vertex -0.0147822 0.00697379 0.000788719
   vertex -0.0145728 0.00633838 0.00157349
   vertex -0.0151713 0.00607363 0.000793499
  endloop
 endfacet
 facet normal 0.780165 -0.36784 -0.506
  outer loop
   vertex -0.0141694 0.00720941 0.00156224
   vertex -0.0145728 0.00633838 0.00157349
   vertex -0.0147822 0.00697379 0.000788719
  endloop
 endfacet
 facet normal 0.816525 -0.298809 -0.493963
  outer loop
   vertex -0.0151713 0.00607363 0.000793499
   vertex -0.0149215 0.00544289 0.00158788
   vertex -0.015509 0.00515325 0.000792017
  endloop
 endfacet
 facet normal 0.80098 -0.320066 -0.505953
  outer loop
   vertex -0.0145728 0.00633838 0.00157349
   vertex -0.0149215 0.00544289 0.00158788
   vertex -0.0151713 0.00607363 0.000793499
  endloop
 endfacet
 facet normal 0.832978 -0.249405 -0.493907
  outer loop
   vertex -0.015509 0.00515325 0.000792017
   vertex -0.0152334 0.00452971 0.00157165
   vertex -0.0157998 0.00421531 0.000775122
  endloop
 endfacet
 facet normal 0.81896 -0.270705 -0.505988
  outer loop
   vertex -0.0149215 0.00544289 0.00158788
   vertex -0.0152334 0.00452971 0.00157165
   vertex -0.015509 0.00515325 0.000792017
  endloop
 endfacet
 facet normal 0.846656 -0.198892 -0.493574
  outer loop
   vertex -0.0157998 0.00421531 0.000775122
   vertex -0.0155098 0.00360593 0.00151817
   vertex -0.0160428 0.00325502 0.000745302
  endloop
 endfacet
 facet normal 0.833898 -0.220216 -0.506083
  outer loop
   vertex -0.0152334 0.00452971 0.00157165
   vertex -0.0155098 0.00360593 0.00151817
   vertex -0.0157998 0.00421531 0.000775122
  endloop
 endfacet
 facet normal 0.857877 -0.146406 -0.492557
  outer loop
   vertex -0.0160428 0.00325502 0.000745302
   vertex -0.0157422 0.00266891 0.00144307
   vertex -0.0162285 0.00224362 0.000722461
  endloop
 endfacet
 facet normal 0.845582 -0.16913 -0.506347
  outer loop
   vertex -0.0155098 0.00360593 0.00151817
   vertex -0.0157422 0.00266891 0.00144307
   vertex -0.0160428 0.00325502 0.000745302
  endloop
 endfacet
 facet normal 0.868186 -0.0862637 -0.488684
  outer loop
   vertex -0.0162285 0.00224362 0.000722461
   vertex -0.0159029 0.0016937 0.00139797
   vertex -0.016303 0.00102795 0.000804718
  endloop
 endfacet
 facet normal 0.860705 -0.0675883 -0.504597
  outer loop
   vertex -0.016303 0.00102795 0.000804718
   vertex -0.0159029 0.0016937 0.00139797
   vertex -0.015858 0.000752771 0.00160064
  endloop
 endfacet
 facet normal 0.853896 -0.117289 -0.507055
  outer loop
   vertex -0.0157422 0.00266891 0.00144307
   vertex -0.0159029 0.0016937 0.00139797
   vertex -0.0162285 0.00224362 0.000722461
  endloop
 endfacet
 facet normal 0.863392 -0.06619 -0.500174
  outer loop
   vertex -0.014713 0.000731114 0.00358335
   vertex -0.0144589 0.001506 0.00391943
   vertex -0.0143504 0.000702147 0.00421311
  endloop
 endfacet
 facet normal 0.863274 -0.0641717 -0.50064
  outer loop
   vertex -0.0143504 0.000702147 0.00421311
   vertex -0.0140714 0.00142248 0.00460187
   vertex -0.0139738 0.000654698 0.00486856
  endloop
 endfacet
 facet normal 0.864252 -0.0655607 -0.498769
  outer loop
   vertex -0.0144589 0.001506 0.00391943
   vertex -0.0140714 0.00142248 0.00460187
   vertex -0.0143504 0.000702147 0.00421311
  endloop
 endfacet
 facet normal 0.864489 -0.0605019 -0.498997
  outer loop
   vertex -0.0139738 0.000654698 0.00486856
   vertex -0.0137475 0.00126154 0.00518711
   vertex -0.0135609 0.000681402 0.00558069
  endloop
 endfacet
 facet normal 0.859633 -0.0671405 -0.506481
  outer loop
   vertex -0.0135609 0.000681402 0.00558069
   vertex -0.0137475 0.00126154 0.00518711
   vertex -0.0133594 0.00149581 0.00581475
  endloop
 endfacet
 facet normal 0.86585 -0.0623719 -0.496401
  outer loop
   vertex -0.0140714 0.00142248 0.00460187
   vertex -0.0137475 0.00126154 0.00518711
   vertex -0.0139738 0.000654698 0.00486856
  endloop
 endfacet
 facet normal 0.864205 -0.0646468 -0.498969
  outer loop
   vertex -0.0150906 0.000714884 0.00293152
   vertex -0.0148474 0.00150305 0.00325061
   vertex -0.014713 0.000731114 0.00358335
  endloop
 endfacet
 facet normal 0.862976 -0.0657157 -0.500953
  outer loop
   vertex -0.0148474 0.00150305 0.00325061
   vertex -0.0144589 0.001506 0.00391943
   vertex -0.014713 0.000731114 0.00358335
  endloop
 endfacet
 facet normal 0.864851 -0.0601917 -0.498406
  outer loop
   vertex -0.0154659 0.000670914 0.00228558
   vertex -0.0152301 0.00143226 0.00260274
   vertex -0.0150906 0.000714884 0.00293152
  endloop
 endfacet
 facet normal 0.862273 -0.062597 -0.50256
  outer loop
   vertex -0.0152301 0.00143226 0.00260274
   vertex -0.0148474 0.00150305 0.00325061
   vertex -0.0150906 0.000714884 0.00293152
  endloop
 endfacet
 facet normal 0.86356 -0.056138 -0.501112
  outer loop
   vertex -0.015858 0.000752771 0.00160064
   vertex -0.0156021 0.00132534 0.00197749
   vertex -0.0154659 0.000670914 0.00228558
  endloop
 endfacet
 facet normal 0.862261 -0.0573921 -0.503202
  outer loop
   vertex -0.0154659 0.000670914 0.00228558
   vertex -0.0156021 0.00132534 0.00197749
   vertex -0.0152301 0.00143226 0.00260274
  endloop
 endfacet
 facet normal 0.868356 -0.0644526 -0.491736
  outer loop
   vertex -0.0159029 0.0016937 0.00139797
   vertex -0.0156021 0.00132534 0.00197749
   vertex -0.015858 0.000752771 0.00160064
  endloop
 endfacet
 facet normal -0.821994 -0.258253 -0.507574
  outer loop
   vertex 0.0127046 0.00450872 0.00574881
   vertex 0.0132814 0.00418268 0.00498057
   vertex 0.0129902 0.00355698 0.00577055
  endloop
 endfacet
 facet normal -0.838563 -0.197323 -0.507814
  outer loop
   vertex 0.0129902 0.00355698 0.00577055
   vertex 0.0135054 0.00322201 0.00505
   vertex 0.0132004 0.00259769 0.00579618
  endloop
 endfacet
 facet normal -0.83908 -0.231192 -0.492439
  outer loop
   vertex 0.0132814 0.00418268 0.00498057
   vertex 0.0135054 0.00322201 0.00505
   vertex 0.0129902 0.00355698 0.00577055
  endloop
 endfacet
 facet normal -0.850803 -0.135946 -0.507596
  outer loop
   vertex 0.0132004 0.00259769 0.00579618
   vertex 0.0136627 0.00229775 0.00510161
   vertex 0.013356 0.00164744 0.00578991
  endloop
 endfacet
 facet normal -0.852717 -0.172702 -0.492998
  outer loop
   vertex 0.0135054 0.00322201 0.00505
   vertex 0.0136627 0.00229775 0.00510161
   vertex 0.0132004 0.00259769 0.00579618
  endloop
 endfacet
 facet normal -0.800343 -0.318449 -0.507978
  outer loop
   vertex 0.0123307 0.0054518 0.00574674
   vertex 0.0129444 0.00513675 0.00497733
   vertex 0.0127046 0.00450872 0.00574881
  endloop
 endfacet
 facet normal -0.820255 -0.291443 -0.492182
  outer loop
   vertex 0.0129444 0.00513675 0.00497733
   vertex 0.0132814 0.00418268 0.00498057
   vertex 0.0127046 0.00450872 0.00574881
  endloop
 endfacet
 facet normal -0.773633 -0.378165 -0.508412
  outer loop
   vertex 0.011886 0.00638051 0.0057326
   vertex 0.0125129 0.00609949 0.00498773
   vertex 0.0123307 0.0054518 0.00574674
  endloop
 endfacet
 facet normal -0.79671 -0.351776 -0.491434
  outer loop
   vertex 0.0125129 0.00609949 0.00498773
   vertex 0.0129444 0.00513675 0.00497733
   vertex 0.0123307 0.0054518 0.00574674
  endloop
 endfacet
 facet normal -0.742628 -0.436359 -0.508029
  outer loop
   vertex 0.0113794 0.00727868 0.00570172
   vertex 0.0120479 0.00703905 0.0049303
   vertex 0.011886 0.00638051 0.0057326
  endloop
 endfacet
 facet normal -0.768111 -0.410183 -0.491686
  outer loop
   vertex 0.0120479 0.00703905 0.0049303
   vertex 0.0125129 0.00609949 0.00498773
   vertex 0.011886 0.00638051 0.0057326
  endloop
 endfacet
 facet normal -0.706988 -0.492209 -0.507837
  outer loop
   vertex 0.010793 0.0081482 0.0056752
   vertex 0.0115044 0.00797271 0.00485493
   vertex 0.0113794 0.00727868 0.00570172
  endloop
 endfacet
 facet normal -0.734777 -0.467378 -0.49159
  outer loop
   vertex 0.0115044 0.00797271 0.00485493
   vertex 0.0120479 0.00703905 0.0049303
   vertex 0.0113794 0.00727868 0.00570172
  endloop
 endfacet
 facet normal -0.666726 -0.545611 -0.507726
  outer loop
   vertex 0.0101256 0.00896835 0.00567029
   vertex 0.0108373 0.00889762 0.00481176
   vertex 0.010793 0.0081482 0.0056752
  endloop
 endfacet
 facet normal -0.695522 -0.524599 -0.490964
  outer loop
   vertex 0.0108373 0.00889762 0.00481176
   vertex 0.0115044 0.00797271 0.00485493
   vertex 0.010793 0.0081482 0.0056752
  endloop
 endfacet
 facet normal -0.622372 -0.5957 -0.507735
  outer loop
   vertex 0.00939076 0.00971969 0.00568956
   vertex 0.0100644 0.00973565 0.00484516
   vertex 0.0101256 0.00896835 0.00567029
  endloop
 endfacet
 facet normal -0.650017 -0.579959 -0.491045
  outer loop
   vertex 0.0100644 0.00973565 0.00484516
   vertex 0.0108373 0.00889762 0.00481176
   vertex 0.0101256 0.00896835 0.00567029
  endloop
 endfacet
 facet normal -0.574524 -0.641939 -0.507777
  outer loop
   vertex 0.00861487 0.0104043 0.00570197
   vertex 0.00926777 0.0104623 0.00488984
   vertex 0.00939076 0.00971969 0.00568956
  endloop
 endfacet
 facet normal -0.60169 -0.62931 -0.491872
  outer loop
   vertex 0.00926777 0.0104623 0.00488984
   vertex 0.0100644 0.00973565 0.00484516
   vertex 0.00939076 0.00971969 0.00568956
  endloop
 endfacet
 facet normal -0.523995 -0.683868 -0.507695
  outer loop
   vertex 0.00780548 0.0110255 0.00570051
   vertex 0.00846246 0.0111165 0.00489993
   vertex 0.00861487 0.0104043 0.00570197
  endloop
 endfacet
 facet normal -0.552513 -0.672604 -0.492274
  outer loop
   vertex 0.00846246 0.0111165 0.00489993
   vertex 0.00926777 0.0104623 0.00488984
   vertex 0.00861487 0.0104043 0.00570197
  endloop
 endfacet
 facet normal -0.470656 -0.721614 -0.507697
  outer loop
   vertex 0.00695126 0.0115921 0.00568714
   vertex 0.00762612 0.0117196 0.00488031
   vertex 0.00780548 0.0110255 0.00570051
  endloop
 endfacet
 facet normal -0.501468 -0.711429 -0.49234
  outer loop
   vertex 0.00762612 0.0117196 0.00488031
   vertex 0.00846246 0.0111165 0.00489993
   vertex 0.00780548 0.0110255 0.00570051
  endloop
 endfacet
 facet normal -0.414578 -0.755394 -0.50745
  outer loop
   vertex 0.00605409 0.0120951 0.00567138
   vertex 0.00673771 0.0122834 0.00483249
   vertex 0.00695126 0.0115921 0.00568714
  endloop
 endfacet
 facet normal -0.447405 -0.746697 -0.492213
  outer loop
   vertex 0.00673771 0.0122834 0.00483249
   vertex 0.00762612 0.0117196 0.00488031
   vertex 0.00695126 0.0115921 0.00568714
  endloop
 endfacet
 facet normal -0.355918 -0.784715 -0.507489
  outer loop
   vertex 0.00511151 0.0125226 0.00567128
   vertex 0.00578778 0.0127669 0.00481931
   vertex 0.00605409 0.0120951 0.00567138
  endloop
 endfacet
 facet normal -0.389426 -0.778546 -0.492152
  outer loop
   vertex 0.00578778 0.0127669 0.00481931
   vertex 0.00673771 0.0122834 0.00483249
   vertex 0.00605409 0.0120951 0.00567138
  endloop
 endfacet
 facet normal -0.294634 -0.809561 -0.507742
  outer loop
   vertex 0.00413442 0.0128797 0.00566891
   vertex 0.00478366 0.0131649 0.00483756
   vertex 0.00511151 0.0125226 0.00567128
  endloop
 endfacet
 facet normal -0.328498 -0.806296 -0.49191
  outer loop
   vertex 0.00478366 0.0131649 0.00483756
   vertex 0.00578778 0.0127669 0.00481931
   vertex 0.00511151 0.0125226 0.00567128
  endloop
 endfacet
 facet normal -0.23184 -0.829898 -0.507463
  outer loop
   vertex 0.0031398 0.0131584 0.00566765
   vertex 0.00375652 0.0135061 0.0048173
   vertex 0.00413442 0.0128797 0.00566891
  endloop
 endfacet
 facet normal -0.265714 -0.829133 -0.491869
  outer loop
   vertex 0.00375652 0.0135061 0.0048173
   vertex 0.00478366 0.0131649 0.00483756
   vertex 0.00413442 0.0128797 0.00566891
  endloop
 endfacet
 facet normal -0.16787 -0.84514 -0.507502
  outer loop
   vertex 0.00212345 0.013354 0.00567797
   vertex 0.00271024 0.0137506 0.00482346
   vertex 0.0031398 0.0131584 0.00566765
  endloop
 endfacet
 facet normal -0.200903 -0.84707 -0.492047
  outer loop
   vertex 0.00271024 0.0137506 0.00482346
   vertex 0.00375652 0.0135061 0.0048173
   vertex 0.0031398 0.0131584 0.00566765
  endloop
 endfacet
 facet normal -0.102632 -0.855346 -0.50779
  outer loop
   vertex 0.0010938 0.0134742 0.00568364
   vertex 0.00165018 0.0138968 0.00485947
   vertex 0.00212345 0.013354 0.00567797
  endloop
 endfacet
 facet normal -0.135266 -0.860014 -0.492015
  outer loop
   vertex 0.00165018 0.0138968 0.00485947
   vertex 0.00271024 0.0137506 0.00482346
   vertex 0.00212345 0.013354 0.00567797
  endloop
 endfacet
 facet normal -0.0366663 -0.860696 -0.507797
  outer loop
   vertex 5.81785e-05 0.0135218 0.00567775
   vertex 0.000594694 0.0139819 0.00485918
   vertex 0.0010938 0.0134742 0.00568364
  endloop
 endfacet
 facet normal -0.0698766 -0.867762 -0.492043
  outer loop
   vertex 0.000594694 0.0139819 0.00485918
   vertex 0.00165018 0.0138968 0.00485947
   vertex 0.0010938 0.0134742 0.00568364
  endloop
 endfacet
 facet normal 0.0293587 -0.861149 -0.507505
  outer loop
   vertex -0.000976053 0.013493 0.00566678
   vertex -0.000475315 0.0140077 0.00482239
   vertex 5.81785e-05 0.0135218 0.00567775
  endloop
 endfacet
 facet normal -0.00409004 -0.870584 -0.492003
  outer loop
   vertex -0.000475315 0.0140077 0.00482239
   vertex 0.000594694 0.0139819 0.00485918
   vertex 5.81785e-05 0.0135218 0.00567775
  endloop
 endfacet
 facet normal 0.0949008 -0.856441 -0.507447
  outer loop
   vertex -0.0020019 0.0133789 0.0056676
   vertex -0.00154676 0.0139347 0.00481457
   vertex -0.000976053 0.013493 0.00566678
  endloop
 endfacet
 facet normal 0.06275 -0.868297 -0.49206
  outer loop
   vertex -0.00154676 0.0139347 0.00481457
   vertex -0.000475315 0.0140077 0.00482239
   vertex -0.000976053 0.013493 0.00566678
  endloop
 endfacet
 facet normal 0.16013 -0.846508 -0.507723
  outer loop
   vertex -0.0030235 0.0131844 0.00566971
   vertex -0.00261408 0.0137625 0.00483499
   vertex -0.0020019 0.0133789 0.0056676
  endloop
 endfacet
 facet normal 0.129555 -0.860959 -0.4919
  outer loop
   vertex -0.00261408 0.0137625 0.00483499
   vertex -0.00154676 0.0139347 0.00481457
   vertex -0.0020019 0.0133789 0.0056676
  endloop
 endfacet
 facet normal 0.224621 -0.831871 -0.507481
  outer loop
   vertex -0.00402333 0.0129157 0.00566748
   vertex -0.00366855 0.0135312 0.00481559
   vertex -0.0030235 0.0131844 0.00566971
  endloop
 endfacet
 facet normal 0.195105 -0.848487 -0.491938
  outer loop
   vertex -0.00366855 0.0135312 0.00481559
   vertex -0.00261408 0.0137625 0.00483499
   vertex -0.0030235 0.0131844 0.00566971
  endloop
 endfacet
 facet normal 0.287294 -0.812401 -0.507412
  outer loop
   vertex -0.00499141 0.0125668 0.00567808
   vertex -0.00468561 0.0132099 0.0048216
   vertex -0.00402333 0.0129157 0.00566748
  endloop
 endfacet
 facet normal 0.259634 -0.830874 -0.492178
  outer loop
   vertex -0.00468561 0.0132099 0.0048216
   vertex -0.00366855 0.0135312 0.00481559
   vertex -0.00402333 0.0129157 0.00566748
  endloop
 endfacet
 facet normal 0.348061 -0.788179 -0.50757
  outer loop
   vertex -0.00592561 0.0121502 0.00568438
   vertex -0.00565729 0.0128013 0.00485734
   vertex -0.00499141 0.0125668 0.00567808
  endloop
 endfacet
 facet normal 0.321963 -0.808713 -0.492264
  outer loop
   vertex -0.00565729 0.0128013 0.00485734
   vertex -0.00468561 0.0132099 0.0048216
   vertex -0.00499141 0.0125668 0.00567808
  endloop
 endfacet
 facet normal 0.406394 -0.759898 -0.507346
  outer loop
   vertex -0.00681576 0.0116767 0.00568048
   vertex -0.00658431 0.0123496 0.00485801
   vertex -0.00592561 0.0121502 0.00568438
  endloop
 endfacet
 facet normal 0.380892 -0.782547 -0.492485
  outer loop
   vertex -0.00658431 0.0123496 0.00485801
   vertex -0.00565729 0.0128013 0.00485734
   vertex -0.00592561 0.0121502 0.00568438
  endloop
 endfacet
 facet normal 0.461627 -0.72798 -0.506898
  outer loop
   vertex -0.00765535 0.0111431 0.00568217
   vertex -0.00747734 0.0118504 0.00482855
   vertex -0.00681576 0.0116767 0.00568048
  endloop
 endfacet
 facet normal 0.436933 -0.752535 -0.492728
  outer loop
   vertex -0.00747734 0.0118504 0.00482855
   vertex -0.00658431 0.0123496 0.00485801
   vertex -0.00681576 0.0116767 0.00568048
  endloop
 endfacet
 facet normal 0.51332 -0.692754 -0.506552
  outer loop
   vertex -0.00843008 0.0105584 0.00569675
   vertex -0.0083015 0.0112814 0.00483838
   vertex -0.00765535 0.0111431 0.00568217
  endloop
 endfacet
 facet normal 0.490298 -0.718612 -0.493158
  outer loop
   vertex -0.0083015 0.0112814 0.00483838
   vertex -0.00747734 0.0118504 0.00482855
   vertex -0.00765535 0.0111431 0.00568217
  endloop
 endfacet
 facet normal 0.560334 -0.655785 -0.505936
  outer loop
   vertex -0.0091094 0.00995833 0.00572221
   vertex -0.00905341 0.0106509 0.00488659
   vertex -0.00843008 0.0105584 0.00569675
  endloop
 endfacet
 facet normal 0.540105 -0.681835 -0.493344
  outer loop
   vertex -0.00905341 0.0106509 0.00488659
   vertex -0.0083015 0.0112814 0.00483838
   vertex -0.00843008 0.0105584 0.00569675
  endloop
 endfacet
 facet normal 0.602897 -0.616846 -0.50598
  outer loop
   vertex -0.00974447 0.0093266 0.00573564
   vertex -0.00974051 0.00999317 0.00492775
   vertex -0.0091094 0.00995833 0.00572221
  endloop
 endfacet
 facet normal 0.585786 -0.642872 -0.493529
  outer loop
   vertex -0.00974051 0.00999317 0.00492775
   vertex -0.00905341 0.0106509 0.00488659
   vertex -0.0091094 0.00995833 0.00572221
  endloop
 endfacet
 facet normal 0.643117 -0.57428 -0.506561
  outer loop
   vertex -0.0103689 0.00863911 0.00572224
   vertex -0.0103985 0.00929372 0.00494261
   vertex -0.00974447 0.0093266 0.00573564
  endloop
 endfacet
 facet normal 0.628348 -0.601568 -0.49325
  outer loop
   vertex -0.0103985 0.00929372 0.00494261
   vertex -0.00974051 0.00999317 0.00492775
   vertex -0.00974447 0.0093266 0.00573564
  endloop
 endfacet
 facet normal 0.681155 -0.528614 -0.506553
  outer loop
   vertex -0.0109445 0.00790341 0.00571606
   vertex -0.011034 0.00854691 0.0049242
   vertex -0.0103689 0.00863911 0.00572224
  endloop
 endfacet
 facet normal 0.668626 -0.556806 -0.492855
  outer loop
   vertex -0.011034 0.00854691 0.0049242
   vertex -0.0103985 0.00929372 0.00494261
   vertex -0.0103689 0.00863911 0.00572224
  endloop
 endfacet
 facet normal 0.716887 -0.478367 -0.507187
  outer loop
   vertex -0.0115071 0.00708721 0.00569069
   vertex -0.0116353 0.00774633 0.00488782
   vertex -0.0109445 0.00790341 0.00571606
  endloop
 endfacet
 facet normal 0.706374 -0.508147 -0.492771
  outer loop
   vertex -0.0116353 0.00774633 0.00488782
   vertex -0.011034 0.00854691 0.0049242
   vertex -0.0109445 0.00790341 0.00571606
  endloop
 endfacet
 facet normal 0.750282 -0.424051 -0.507205
  outer loop
   vertex -0.0120126 0.00621053 0.00567584
   vertex -0.0122061 0.00687078 0.00483764
   vertex -0.0115071 0.00708721 0.00569069
  endloop
 endfacet
 facet normal 0.741796 -0.455389 -0.4923
  outer loop
   vertex -0.0122061 0.00687078 0.00483764
   vertex -0.0116353 0.00774633 0.00488782
   vertex -0.0115071 0.00708721 0.00569069
  endloop
 endfacet
 facet normal 0.779935 -0.366464 -0.507352
  outer loop
   vertex -0.0124461 0.0052799 0.00568159
   vertex -0.0126982 0.0059245 0.00482847
   vertex -0.0120126 0.00621053 0.00567584
  endloop
 endfacet
 facet normal 0.774254 -0.397904 -0.492142
  outer loop
   vertex -0.0126982 0.0059245 0.00482847
   vertex -0.0122061 0.00687078 0.00483764
   vertex -0.0120126 0.00621053 0.00567584
  endloop
 endfacet
 facet normal 0.805359 -0.306266 -0.50754
  outer loop
   vertex -0.012803 0.00431746 0.00569603
   vertex -0.0130966 0.00492446 0.00486395
   vertex -0.0124461 0.0052799 0.00568159
  endloop
 endfacet
 facet normal 0.80267 -0.337196 -0.491955
  outer loop
   vertex -0.0130966 0.00492446 0.00486395
   vertex -0.0126982 0.0059245 0.00482847
   vertex -0.0124461 0.0052799 0.00568159
  endloop
 endfacet
 facet normal 0.826244 -0.24521 -0.507142
  outer loop
   vertex -0.0130689 0.00335038 0.00573037
   vertex -0.0134195 0.0039127 0.00488731
   vertex -0.012803 0.00431746 0.00569603
  endloop
 endfacet
 facet normal 0.825995 -0.275025 -0.49203
  outer loop
   vertex -0.0134195 0.0039127 0.00488731
   vertex -0.0130966 0.00492446 0.00486395
   vertex -0.012803 0.00431746 0.00569603
  endloop
 endfacet
 facet normal 0.841932 -0.184572 -0.507034
  outer loop
   vertex -0.0132437 0.00240141 0.00578558
   vertex -0.0136151 0.00292584 0.00497801
   vertex -0.0130689 0.00335038 0.00573037
  endloop
 endfacet
 facet normal 0.843868 -0.212523 -0.492668
  outer loop
   vertex -0.0136151 0.00292584 0.00497801
   vertex -0.0134195 0.0039127 0.00488731
   vertex -0.0130689 0.00335038 0.00573037
  endloop
 endfacet
 facet normal -0.859134 -0.0752833 -0.506184
  outer loop
   vertex 0.013356 0.00164744 0.00578991
   vertex 0.0137836 0.00142859 0.00509661
   vertex 0.0135523 0.000767627 0.00558748
  endloop
 endfacet
 facet normal -0.865348 -0.066132 -0.496789
  outer loop
   vertex 0.0135523 0.000767627 0.00558748
   vertex 0.0137836 0.00142859 0.00509661
   vertex 0.0139443 0.000657545 0.00491944
  endloop
 endfacet
 facet normal -0.861338 -0.116988 -0.494379
  outer loop
   vertex 0.0136627 0.00229775 0.00510161
   vertex 0.0137836 0.00142859 0.00509661
   vertex 0.013356 0.00164744 0.00578991
  endloop
 endfacet
 facet normal -0.864796 -0.0595438 -0.49858
  outer loop
   vertex 0.01508 0.000713616 0.00294996
   vertex 0.0152526 0.00141487 0.00256682
   vertex 0.0154701 0.000672925 0.00227818
  endloop
 endfacet
 facet normal -0.8616 -0.0598955 -0.504041
  outer loop
   vertex 0.0162677 0.00074127 0.000892748
   vertex 0.015965 0.00159282 0.00130897
   vertex 0.0163948 0.00144215 0.000592184
  endloop
 endfacet
 facet normal -0.863436 -0.0622272 -0.500606
  outer loop
   vertex 0.0158607 0.000693121 0.00160075
   vertex 0.015965 0.00159282 0.00130897
   vertex 0.0162677 0.00074127 0.000892748
  endloop
 endfacet
 facet normal -0.864023 -0.0633846 -0.499446
  outer loop
   vertex 0.0147103 0.000712436 0.00358966
   vertex 0.01486 0.00147116 0.00323434
   vertex 0.01508 0.000713616 0.00294996
  endloop
 endfacet
 facet normal -0.862604 -0.0619886 -0.502067
  outer loop
   vertex 0.01486 0.00147116 0.00323434
   vertex 0.0152526 0.00141487 0.00256682
   vertex 0.01508 0.000713616 0.00294996
  endloop
 endfacet
 facet normal -0.863089 -0.0623596 -0.501187
  outer loop
   vertex 0.014343 0.000644567 0.00423059
   vertex 0.0144736 0.00141768 0.00390948
   vertex 0.0147103 0.000712436 0.00358966
  endloop
 endfacet
 facet normal -0.863984 -0.0634215 -0.499508
  outer loop
   vertex 0.0144736 0.00141768 0.00390948
   vertex 0.01486 0.00147116 0.00323434
   vertex 0.0147103 0.000712436 0.00358966
  endloop
 endfacet
 facet normal -0.86431 -0.0545426 -0.499993
  outer loop
   vertex 0.0154701 0.000672925 0.00227818
   vertex 0.0156268 0.00129143 0.00193982
   vertex 0.0158607 0.000693121 0.00160075
  endloop
 endfacet
 facet normal -0.86765 -0.0594683 -0.493606
  outer loop
   vertex 0.0158607 0.000693121 0.00160075
   vertex 0.0156268 0.00129143 0.00193982
   vertex 0.015965 0.00159282 0.00130897
  endloop
 endfacet
 facet normal -0.862198 -0.0569213 -0.503363
  outer loop
   vertex 0.0152526 0.00141487 0.00256682
   vertex 0.0156268 0.00129143 0.00193982
   vertex 0.0154701 0.000672925 0.00227818
  endloop
 endfacet
 facet normal -0.862465 -0.0990187 -0.496336
  outer loop
   vertex 0.0163948 0.00144215 0.000592184
   vertex 0.015965 0.00159282 0.00130897
   vertex 0.0162456 0.00228442 0.000683411
  endloop
 endfacet
 facet normal -0.85432 -0.112379 -0.507453
  outer loop
   vertex 0.015965 0.00159282 0.00130897
   vertex 0.0157752 0.00261501 0.00140212
   vertex 0.0162456 0.00228442 0.000683411
  endloop
 endfacet
 facet normal 0.85261 -0.125204 -0.507327
  outer loop
   vertex -0.0133594 0.00149581 0.00581475
   vertex -0.0136981 0.00200933 0.00511871
   vertex -0.0132437 0.00240141 0.00578558
  endloop
 endfacet
 facet normal 0.856249 -0.153282 -0.493298
  outer loop
   vertex -0.0132437 0.00240141 0.00578558
   vertex -0.0136981 0.00200933 0.00511871
   vertex -0.0136151 0.00292584 0.00497801
  endloop
 endfacet
 facet normal 0.862698 -0.102222 -0.495281
  outer loop
   vertex -0.0137475 0.00126154 0.00518711
   vertex -0.0136981 0.00200933 0.00511871
   vertex -0.0133594 0.00149581 0.00581475
  endloop
 endfacet
 facet normal -0.864517 -0.0573424 -0.499322
  outer loop
   vertex 0.0139443 0.000657545 0.00491944
   vertex 0.0141312 0.00122721 0.00453037
   vertex 0.014343 0.000644567 0.00423059
  endloop
 endfacet
 facet normal -0.86626 -0.0596763 -0.496017
  outer loop
   vertex 0.014343 0.000644567 0.00423059
   vertex 0.0141312 0.00122721 0.00453037
   vertex 0.0144736 0.00141768 0.00390948
  endloop
 endfacet
 facet normal -0.8604 -0.0630527 -0.505704
  outer loop
   vertex 0.0137836 0.00142859 0.00509661
   vertex 0.0141312 0.00122721 0.00453037
   vertex 0.0139443 0.000657545 0.00491944
  endloop
 endfacet
 facet normal -0.841223 -0.219459 -0.494147
  outer loop
   vertex 0.0155402 0.00355294 0.00148744
   vertex 0.0149881 0.00384586 0.0022974
   vertex 0.0152729 0.00447029 0.00153524
  endloop
 endfacet
 facet normal -0.826689 -0.268982 -0.4942
  outer loop
   vertex 0.0152729 0.00447029 0.00153524
   vertex 0.0147036 0.00475892 0.00233036
   vertex 0.0149824 0.0053765 0.00152779
  endloop
 endfacet
 facet normal -0.828481 -0.239822 -0.506068
  outer loop
   vertex 0.0149881 0.00384586 0.0022974
   vertex 0.0147036 0.00475892 0.00233036
   vertex 0.0152729 0.00447029 0.00153524
  endloop
 endfacet
 facet normal -0.809467 -0.317576 -0.493871
  outer loop
   vertex 0.0149824 0.0053765 0.00152779
   vertex 0.0144271 0.0056571 0.00225759
   vertex 0.0146544 0.00626179 0.0014962
  endloop
 endfacet
 facet normal -0.81197 -0.290969 -0.506006
  outer loop
   vertex 0.0147036 0.00475892 0.00233036
   vertex 0.0144271 0.0056571 0.00225759
   vertex 0.0149824 0.0053765 0.00152779
  endloop
 endfacet
 facet normal -0.789403 -0.364838 -0.493697
  outer loop
   vertex 0.0146544 0.00626179 0.0014962
   vertex 0.0141032 0.00650759 0.00219589
   vertex 0.0142666 0.00710597 0.00149239
  endloop
 endfacet
 facet normal -0.793275 -0.338801 -0.505894
  outer loop
   vertex 0.0144271 0.0056571 0.00225759
   vertex 0.0141032 0.00650759 0.00219589
   vertex 0.0146544 0.00626179 0.0014962
  endloop
 endfacet
 facet normal -0.766772 -0.409205 -0.494582
  outer loop
   vertex 0.0142666 0.00710597 0.00149239
   vertex 0.0136767 0.00729444 0.00225113
   vertex 0.0138379 0.00788597 0.00151173
  endloop
 endfacet
 facet normal -0.772819 -0.383455 -0.50568
  outer loop
   vertex 0.0141032 0.00650759 0.00219589
   vertex 0.0136767 0.00729444 0.00225113
   vertex 0.0142666 0.00710597 0.00149239
  endloop
 endfacet
 facet normal -0.742993 -0.44986 -0.495567
  outer loop
   vertex 0.0138379 0.00788597 0.00151173
   vertex 0.0132222 0.00799894 0.00233227
   vertex 0.0134044 0.00861131 0.00150316
  endloop
 endfacet
 facet normal -0.750784 -0.426177 -0.504674
  outer loop
   vertex 0.0136767 0.00729444 0.00225113
   vertex 0.0132222 0.00799894 0.00233227
   vertex 0.0138379 0.00788597 0.00151173
  endloop
 endfacet
 facet normal -0.718636 -0.487774 -0.495619
  outer loop
   vertex 0.0134044 0.00861131 0.00150316
   vertex 0.0128135 0.00871219 0.00226065
   vertex 0.0129714 0.00931073 0.00144273
  endloop
 endfacet
 facet normal -0.72637 -0.466824 -0.504443
  outer loop
   vertex 0.0132222 0.00799894 0.00233227
   vertex 0.0128135 0.00871219 0.00226065
   vertex 0.0134044 0.00861131 0.00150316
  endloop
 endfacet
 facet normal -0.692845 -0.524294 -0.495057
  outer loop
   vertex 0.0129714 0.00931073 0.00144273
   vertex 0.0124401 0.00938202 0.00211085
   vertex 0.0124995 0.00998318 0.00139103
  endloop
 endfacet
 facet normal -0.701447 -0.503864 -0.504077
  outer loop
   vertex 0.0128135 0.00871219 0.00226065
   vertex 0.0124401 0.00938202 0.00211085
   vertex 0.0129714 0.00931073 0.00144273
  endloop
 endfacet
 facet normal -0.664835 -0.559659 -0.494749
  outer loop
   vertex 0.0124995 0.00998318 0.00139103
   vertex 0.0119874 0.010018 0.00203982
   vertex 0.0119652 0.0106055 0.00140499
  endloop
 endfacet
 facet normal -0.675757 -0.537369 -0.504566
  outer loop
   vertex 0.0124401 0.00938202 0.00211085
   vertex 0.0119874 0.010018 0.00203982
   vertex 0.0124995 0.00998318 0.00139103
  endloop
 endfacet
 facet normal -0.63491 -0.592765 -0.495498
  outer loop
   vertex 0.0119652 0.0106055 0.00140499
   vertex 0.0114364 0.010556 0.00214179
   vertex 0.011385 0.0111672 0.00147637
  endloop
 endfacet
 facet normal -0.649297 -0.569339 -0.504249
  outer loop
   vertex 0.0119874 0.010018 0.00203982
   vertex 0.0114364 0.010556 0.00214179
   vertex 0.0119652 0.0106055 0.00140499
  endloop
 endfacet
 facet normal -0.603819 -0.623889 -0.49615
  outer loop
   vertex 0.011385 0.0111672 0.00147637
   vertex 0.0108474 0.0110287 0.00230497
   vertex 0.0107718 0.0116995 0.00155344
  endloop
 endfacet
 facet normal -0.621275 -0.600382 -0.503547
  outer loop
   vertex 0.0114364 0.010556 0.00214179
   vertex 0.0108474 0.0110287 0.00230497
   vertex 0.011385 0.0111672 0.00147637
  endloop
 endfacet
 facet normal -0.57093 -0.654281 -0.495939
  outer loop
   vertex 0.0107718 0.0116995 0.00155344
   vertex 0.010215 0.0115424 0.00240162
   vertex 0.0101242 0.0122301 0.00159895
  endloop
 endfacet
 facet normal -0.589722 -0.631063 -0.503972
  outer loop
   vertex 0.0108474 0.0110287 0.00230497
   vertex 0.010215 0.0115424 0.00240162
   vertex 0.0107718 0.0116995 0.00155344
  endloop
 endfacet
 facet normal -0.535447 -0.683932 -0.495514
  outer loop
   vertex 0.0101242 0.0122301 0.00159895
   vertex 0.00954027 0.0120805 0.00243633
   vertex 0.00944091 0.0127547 0.00161314
  endloop
 endfacet
 facet normal -0.554039 -0.662143 -0.504587
  outer loop
   vertex 0.010215 0.0115424 0.00240162
   vertex 0.00954027 0.0120805 0.00243633
   vertex 0.0101242 0.0122301 0.00159895
  endloop
 endfacet
 facet normal -0.497321 -0.712401 -0.495134
  outer loop
   vertex 0.00944091 0.0127547 0.00161314
   vertex 0.00882954 0.0126133 0.00243077
   vertex 0.00872002 0.0132657 0.00160201
  endloop
 endfacet
 facet normal -0.515129 -0.692535 -0.505012
  outer loop
   vertex 0.00954027 0.0120805 0.00243633
   vertex 0.00882954 0.0126133 0.00243077
   vertex 0.00944091 0.0127547 0.00161314
  endloop
 endfacet
 facet normal -0.456647 -0.739375 -0.494771
  outer loop
   vertex 0.00872002 0.0132657 0.00160201
   vertex 0.00809325 0.0131241 0.0023922
   vertex 0.0079585 0.0137548 0.001574
  endloop
 endfacet
 facet normal -0.47389 -0.721251 -0.505198
  outer loop
   vertex 0.00882954 0.0126133 0.00243077
   vertex 0.00809325 0.0131241 0.0023922
   vertex 0.00872002 0.0132657 0.00160201
  endloop
 endfacet
 facet normal -0.41336 -0.764825 -0.494142
  outer loop
   vertex 0.0079585 0.0137548 0.001574
   vertex 0.00734532 0.0136037 0.0023208
   vertex 0.00714646 0.0142054 0.00155582
  endloop
 endfacet
 facet normal -0.431161 -0.747538 -0.50526
  outer loop
   vertex 0.00809325 0.0131241 0.0023922
   vertex 0.00734532 0.0136037 0.0023208
   vertex 0.0079585 0.0137548 0.001574
  endloop
 endfacet
 facet normal -0.367572 -0.787962 -0.493971
  outer loop
   vertex 0.00714646 0.0142054 0.00155582
   vertex 0.00653167 0.014018 0.00231233
   vertex 0.00629308 0.0145996 0.00156198
  endloop
 endfacet
 facet normal -0.387229 -0.770909 -0.50572
  outer loop
   vertex 0.00734532 0.0136037 0.0023208
   vertex 0.00653167 0.014018 0.00231233
   vertex 0.00714646 0.0142054 0.00155582
  endloop
 endfacet
 facet normal -0.320287 -0.808142 -0.49429
  outer loop
   vertex 0.00629308 0.0145996 0.00156198
   vertex 0.00568961 0.0143497 0.00236159
   vertex 0.00541759 0.01494 0.00157273
  endloop
 endfacet
 facet normal -0.341739 -0.792256 -0.505515
  outer loop
   vertex 0.00653167 0.014018 0.00231233
   vertex 0.00568961 0.0143497 0.00236159
   vertex 0.00629308 0.0145996 0.00156198
  endloop
 endfacet
 facet normal -0.272077 -0.82564 -0.49426
  outer loop
   vertex 0.00541759 0.01494 0.00157273
   vertex 0.00482325 0.0146634 0.00236204
   vertex 0.0045248 0.0152403 0.00156255
  endloop
 endfacet
 facet normal -0.293921 -0.811142 -0.505627
  outer loop
   vertex 0.00568961 0.0143497 0.00236159
   vertex 0.00482325 0.0146634 0.00236204
   vertex 0.00541759 0.01494 0.00157273
  endloop
 endfacet
 facet normal -0.222538 -0.840595 -0.493839
  outer loop
   vertex 0.0045248 0.0152403 0.00156255
   vertex 0.00395975 0.0149497 0.00231195
   vertex 0.00360736 0.0154873 0.00155556
  endloop
 endfacet
 facet normal -0.244947 -0.827283 -0.505573
  outer loop
   vertex 0.00482325 0.0146634 0.00236204
   vertex 0.00395975 0.0149497 0.00231195
   vertex 0.0045248 0.0152403 0.00156255
  endloop
 endfacet
 facet normal -0.171696 -0.852441 -0.493827
  outer loop
   vertex 0.00360736 0.0154873 0.00155556
   vertex 0.0030579 0.0151568 0.00231723
   vertex 0.00267265 0.0156667 0.00157093
  endloop
 endfacet
 facet normal -0.195863 -0.840067 -0.505891
  outer loop
   vertex 0.00395975 0.0149497 0.00231195
   vertex 0.0030579 0.0151568 0.00231723
   vertex 0.00360736 0.0154873 0.00155556
  endloop
 endfacet
 facet normal -0.120405 -0.860952 -0.49423
  outer loop
   vertex 0.00267265 0.0156667 0.00157093
   vertex 0.002152 0.0152752 0.00237976
   vertex 0.00173255 0.0157861 0.00159192
  endloop
 endfacet
 facet normal -0.14607 -0.850312 -0.505601
  outer loop
   vertex 0.0030579 0.0151568 0.00231723
   vertex 0.002152 0.0152752 0.00237976
   vertex 0.00267265 0.0156667 0.00157093
  endloop
 endfacet
 facet normal -0.0689759 -0.866565 -0.494274
  outer loop
   vertex 0.00173255 0.0157861 0.00159192
   vertex 0.00122052 0.0153658 0.00240033
   vertex 0.000786309 0.0158618 0.00159128
  endloop
 endfacet
 facet normal -0.094547 -0.857484 -0.505748
  outer loop
   vertex 0.002152 0.0152752 0.00237976
   vertex 0.00122052 0.0153658 0.00240033
   vertex 0.00173255 0.0157861 0.00159192
  endloop
 endfacet
 facet normal -0.0173071 -0.86916 -0.494228
  outer loop
   vertex 0.000786309 0.0158618 0.00159128
   vertex 0.000286425 0.0154243 0.00237811
   vertex -0.000160587 0.0158933 0.00156911
  endloop
 endfacet
 facet normal -0.0419984 -0.86166 -0.505745
  outer loop
   vertex 0.00122052 0.0153658 0.00240033
   vertex 0.000286425 0.0154243 0.00237811
   vertex 0.000786309 0.0158618 0.00159128
  endloop
 endfacet
 facet normal 0.0346658 -0.868871 -0.493824
  outer loop
   vertex -0.000160587 0.0158933 0.00156911
   vertex -0.000626801 0.0154513 0.00231407
   vertex -0.00111158 0.0158645 0.0015529
  endloop
 endfacet
 facet normal 0.0100226 -0.862714 -0.505593
  outer loop
   vertex 0.000286425 0.0154243 0.00237811
   vertex -0.000626801 0.0154513 0.00231407
   vertex -0.000160587 0.0158933 0.00156911
  endloop
 endfacet
 facet normal 0.0867088 -0.86522 -0.493837
  outer loop
   vertex -0.00111158 0.0158645 0.0015529
   vertex -0.00154978 0.0153895 0.00230829
   vertex -0.00205612 0.015766 0.00155969
  endloop
 endfacet
 facet normal 0.0607763 -0.860457 -0.505885
  outer loop
   vertex -0.000626801 0.0154513 0.00231407
   vertex -0.00154978 0.0153895 0.00230829
   vertex -0.00111158 0.0158645 0.0015529
  endloop
 endfacet
 facet normal 0.137981 -0.858295 -0.494257
  outer loop
   vertex -0.00205612 0.015766 0.00155969
   vertex -0.00244676 0.0152432 0.00235843
   vertex -0.00298476 0.0156107 0.0015702
  endloop
 endfacet
 facet normal 0.111221 -0.855586 -0.505571
  outer loop
   vertex -0.00154978 0.0153895 0.00230829
   vertex -0.00244676 0.0152432 0.00235843
   vertex -0.00205612 0.015766 0.00155969
  endloop
 endfacet
 facet normal 0.188354 -0.848655 -0.494275
  outer loop
   vertex -0.00298476 0.0156107 0.0015702
   vertex -0.00335113 0.0150703 0.00235829
   vertex -0.00390429 0.0154129 0.00155929
  endloop
 endfacet
 facet normal 0.16208 -0.847393 -0.505624
  outer loop
   vertex -0.00244676 0.0152432 0.00235843
   vertex -0.00335113 0.0150703 0.00235829
   vertex -0.00298476 0.0156107 0.0015702
  endloop
 endfacet
 facet normal 0.238441 -0.836199 -0.493879
  outer loop
   vertex -0.00390429 0.0154129 0.00155929
   vertex -0.00423694 0.0148763 0.0023073
   vertex -0.00481567 0.0151577 0.00155137
  endloop
 endfacet
 facet normal 0.21231 -0.836268 -0.505549
  outer loop
   vertex -0.00335113 0.0150703 0.00235829
   vertex -0.00423694 0.0148763 0.0023073
   vertex -0.00390429 0.0154129 0.00155929
  endloop
 endfacet
 facet normal 0.287894 -0.820466 -0.493916
  outer loop
   vertex -0.00481567 0.0151577 0.00155137
   vertex -0.00511264 0.0145959 0.00231152
   vertex -0.00570466 0.0148375 0.00156507
  endloop
 endfacet
 facet normal 0.260818 -0.822264 -0.505822
  outer loop
   vertex -0.00423694 0.0148763 0.0023073
   vertex -0.00511264 0.0145959 0.00231152
   vertex -0.00481567 0.0151577 0.00155137
  endloop
 endfacet
 facet normal 0.335838 -0.801757 -0.494367
  outer loop
   vertex -0.00570466 0.0148375 0.00156507
   vertex -0.00594192 0.0142409 0.00237152
   vertex -0.00656397 0.0144663 0.0015834
  endloop
 endfacet
 facet normal 0.308417 -0.805847 -0.50546
  outer loop
   vertex -0.00511264 0.0145959 0.00231152
   vertex -0.00594192 0.0142409 0.00237152
   vertex -0.00570466 0.0148375 0.00156507
  endloop
 endfacet
 facet normal 0.382169 -0.780665 -0.494479
  outer loop
   vertex -0.00656397 0.0144663 0.0015834
   vertex -0.00677237 0.0138537 0.00238945
   vertex -0.00740131 0.0140586 0.00157994
  endloop
 endfacet
 facet normal 0.355609 -0.786135 -0.505504
  outer loop
   vertex -0.00594192 0.0142409 0.00237152
   vertex -0.00677237 0.0138537 0.00238945
   vertex -0.00656397 0.0144663 0.0015834
  endloop
 endfacet
 facet normal 0.426865 -0.757125 -0.494519
  outer loop
   vertex -0.00740131 0.0140586 0.00157994
   vertex -0.00758237 0.013444 0.00236459
   vertex -0.00821085 0.0136177 0.00155611
  endloop
 endfacet
 facet normal 0.40178 -0.763634 -0.505406
  outer loop
   vertex -0.00677237 0.0138537 0.00238945
   vertex -0.00758237 0.013444 0.00236459
   vertex -0.00740131 0.0140586 0.00157994
  endloop
 endfacet
 facet normal 0.469964 -0.731294 -0.494311
  outer loop
   vertex -0.00821085 0.0136177 0.00155611
   vertex -0.00835287 0.0130227 0.00230143
   vertex -0.00898485 0.0131309 0.00154037
  endloop
 endfacet
 facet normal 0.44557 -0.739091 -0.505185
  outer loop
   vertex -0.00758237 0.013444 0.00236459
   vertex -0.00835287 0.0130227 0.00230143
   vertex -0.00821085 0.0136177 0.00155611
  endloop
 endfacet
 facet normal 0.510788 -0.703182 -0.494601
  outer loop
   vertex -0.00898485 0.0131309 0.00154037
   vertex -0.00907871 0.0125276 0.00230121
   vertex -0.00970641 0.0126033 0.00154537
  endloop
 endfacet
 facet normal 0.48634 -0.712853 -0.505286
  outer loop
   vertex -0.00835287 0.0130227 0.00230143
   vertex -0.00907871 0.0125276 0.00230121
   vertex -0.00898485 0.0131309 0.00154037
  endloop
 endfacet
 facet normal 0.548559 -0.673616 -0.495302
  outer loop
   vertex -0.00970641 0.0126033 0.00154537
   vertex -0.00973027 0.0119862 0.00235813
   vertex -0.0103743 0.0120569 0.00154871
  endloop
 endfacet
 facet normal 0.525175 -0.685147 -0.504743
  outer loop
   vertex -0.00907871 0.0125276 0.00230121
   vertex -0.00973027 0.0119862 0.00235813
   vertex -0.00970641 0.0126033 0.00154537
  endloop
 endfacet
 facet normal 0.583548 -0.643313 -0.4956
  outer loop
   vertex -0.0103743 0.0120569 0.00154871
   vertex -0.0103716 0.0114357 0.00235826
   vertex -0.0110117 0.0115056 0.0015139
  endloop
 endfacet
 facet normal 0.562278 -0.655145 -0.504607
  outer loop
   vertex -0.00973027 0.0119862 0.00235813
   vertex -0.0103716 0.0114357 0.00235826
   vertex -0.0103743 0.0120569 0.00154871
  endloop
 endfacet
 facet normal 0.61702 -0.611707 -0.495076
  outer loop
   vertex -0.0110117 0.0115056 0.0015139
   vertex -0.0109983 0.0109319 0.00223948
   vertex -0.0116264 0.0109201 0.00147118
  endloop
 endfacet
 facet normal 0.597126 -0.623813 -0.50428
  outer loop
   vertex -0.0103716 0.0114357 0.00235826
   vertex -0.0109983 0.0109319 0.00223948
   vertex -0.0110117 0.0115056 0.0015139
  endloop
 endfacet
 facet normal 0.649633 -0.577557 -0.494373
  outer loop
   vertex -0.0116264 0.0109201 0.00147118
   vertex -0.0116048 0.010355 0.00215978
   vertex -0.0122 0.0102669 0.00148057
  endloop
 endfacet
 facet normal 0.628765 -0.591301 -0.504993
  outer loop
   vertex -0.0109983 0.0109319 0.00223948
   vertex -0.0116048 0.010355 0.00215978
   vertex -0.0116264 0.0109201 0.00147118
  endloop
 endfacet
 facet normal 0.680258 -0.540736 -0.494827
  outer loop
   vertex -0.0122 0.0102669 0.00148057
   vertex -0.0121065 0.00967099 0.00226038
   vertex -0.012719 0.00956242 0.00153698
  endloop
 endfacet
 facet normal 0.658867 -0.557495 -0.505068
  outer loop
   vertex -0.0116048 0.010355 0.00215978
   vertex -0.0121065 0.00967099 0.00226038
   vertex -0.0122 0.0102669 0.00148057
  endloop
 endfacet
 facet normal 0.708989 -0.502176 -0.49513
  outer loop
   vertex -0.012719 0.00956242 0.00153698
   vertex -0.0125568 0.00895378 0.00238653
   vertex -0.0132153 0.00882084 0.00157846
  endloop
 endfacet
 facet normal 0.688388 -0.520986 -0.504674
  outer loop
   vertex -0.0121065 0.00967099 0.00226038
   vertex -0.0125568 0.00895378 0.00238653
   vertex -0.012719 0.00956242 0.00153698
  endloop
 endfacet
 facet normal 0.73659 -0.461322 -0.494588
  outer loop
   vertex -0.0132153 0.00882084 0.00157846
   vertex -0.0130641 0.00819681 0.00238564
   vertex -0.0137088 0.00803932 0.00157239
  endloop
 endfacet
 facet normal 0.717079 -0.479997 -0.505372
  outer loop
   vertex -0.0125568 0.00895378 0.00238653
   vertex -0.0130641 0.00819681 0.00238564
   vertex -0.0132153 0.00882084 0.00157846
  endloop
 endfacet
 facet normal 0.76282 -0.417346 -0.493891
  outer loop
   vertex -0.0137088 0.00803932 0.00157239
   vertex -0.0135561 0.00742806 0.0023247
   vertex -0.0141694 0.00720941 0.00156224
  endloop
 endfacet
 facet normal 0.744328 -0.436329 -0.505562
  outer loop
   vertex -0.0130641 0.00819681 0.00238564
   vertex -0.0135561 0.00742806 0.0023247
   vertex -0.0137088 0.00803932 0.00157239
  endloop
 endfacet
 facet normal 0.78665 -0.370685 -0.493735
  outer loop
   vertex -0.0141694 0.00720941 0.00156224
   vertex -0.0139818 0.00659394 0.0023232
   vertex -0.0145728 0.00633838 0.00157349
  endloop
 endfacet
 facet normal 0.768627 -0.39136 -0.506014
  outer loop
   vertex -0.0135561 0.00742806 0.0023247
   vertex -0.0139818 0.00659394 0.0023232
   vertex -0.0141694 0.00720941 0.00156224
  endloop
 endfacet
 facet normal 0.807444 -0.322392 -0.494062
  outer loop
   vertex -0.0145728 0.00633838 0.00157349
   vertex -0.0143239 0.0057256 0.00238014
   vertex -0.0149215 0.00544289 0.00158788
  endloop
 endfacet
 facet normal 0.790769 -0.344679 -0.505847
  outer loop
   vertex -0.0139818 0.00659394 0.0023232
   vertex -0.0143239 0.0057256 0.00238014
   vertex -0.0145728 0.00633838 0.00157349
  endloop
 endfacet
 facet normal 0.825391 -0.273113 -0.494105
  outer loop
   vertex -0.0149215 0.00544289 0.00158788
   vertex -0.0146484 0.00481822 0.00238942
   vertex -0.0152334 0.00452971 0.00157165
  endloop
 endfacet
 facet normal 0.810449 -0.295029 -0.506093
  outer loop
   vertex -0.0143239 0.0057256 0.00238014
   vertex -0.0146484 0.00481822 0.00238942
   vertex -0.0149215 0.00544289 0.00158788
  endloop
 endfacet
 facet normal 0.840385 -0.222853 -0.494054
  outer loop
   vertex -0.0152334 0.00452971 0.00157165
   vertex -0.0149524 0.00389986 0.00233372
   vertex -0.0155098 0.00360593 0.00151817
  endloop
 endfacet
 facet normal 0.827454 -0.243227 -0.506124
  outer loop
   vertex -0.0146484 0.00481822 0.00238942
   vertex -0.0149524 0.00389986 0.00233372
   vertex -0.0152334 0.00452971 0.00157165
  endloop
 endfacet
 facet normal 0.852496 -0.17186 -0.493675
  outer loop
   vertex -0.0155098 0.00360593 0.00151817
   vertex -0.0152289 0.00299416 0.00221624
   vertex -0.0157422 0.00266891 0.00144307
  endloop
 endfacet
 facet normal 0.841104 -0.19113 -0.505978
  outer loop
   vertex -0.0149524 0.00389986 0.00233372
   vertex -0.0152289 0.00299416 0.00221624
   vertex -0.0155098 0.00360593 0.00151817
  endloop
 endfacet
 facet normal 0.862126 -0.119321 -0.492444
  outer loop
   vertex -0.0157422 0.00266891 0.00144307
   vertex -0.0154546 0.00211552 0.0020807
   vertex -0.0159029 0.0016937 0.00139797
  endloop
 endfacet
 facet normal 0.857861 -0.0941739 -0.505179
  outer loop
   vertex -0.0159029 0.0016937 0.00139797
   vertex -0.0154546 0.00211552 0.0020807
   vertex -0.0156021 0.00132534 0.00197749
  endloop
 endfacet
 facet normal 0.851067 -0.140564 -0.505892
  outer loop
   vertex -0.0152289 0.00299416 0.00221624
   vertex -0.0154546 0.00211552 0.0020807
   vertex -0.0157422 0.00266891 0.00144307
  endloop
 endfacet
 facet normal 0.857885 -0.113873 -0.501066
  outer loop
   vertex -0.0144589 0.001506 0.00391943
   vertex -0.0140952 0.00230555 0.00436037
   vertex -0.0140714 0.00142248 0.00460187
  endloop
 endfacet
 facet normal 0.859264 -0.114377 -0.498582
  outer loop
   vertex -0.0148474 0.00150305 0.00325061
   vertex -0.0145403 0.00238271 0.00357802
   vertex -0.0144589 0.001506 0.00391943
  endloop
 endfacet
 facet normal 0.858523 -0.114896 -0.499737
  outer loop
   vertex -0.0145403 0.00238271 0.00357802
   vertex -0.0140952 0.00230555 0.00436037
   vertex -0.0144589 0.001506 0.00391943
  endloop
 endfacet
 facet normal -0.787457 -0.347438 -0.509115
  outer loop
   vertex 0.0125129 0.00609949 0.00498773
   vertex 0.0131092 0.00578995 0.00427662
   vertex 0.0129444 0.00513675 0.00497733
  endloop
 endfacet
 facet normal -0.830494 -0.230258 -0.50721
  outer loop
   vertex 0.0132814 0.00418268 0.00498057
   vertex 0.0138435 0.00377838 0.00424373
   vertex 0.0135054 0.00322201 0.00505
  endloop
 endfacet
 facet normal 0.861103 -0.10725 -0.49699
  outer loop
   vertex -0.0152301 0.00143226 0.00260274
   vertex -0.0150006 0.0022974 0.00281377
   vertex -0.0148474 0.00150305 0.00325061
  endloop
 endfacet
 facet normal 0.856749 -0.111669 -0.503499
  outer loop
   vertex -0.0150006 0.0022974 0.00281377
   vertex -0.0145403 0.00238271 0.00357802
   vertex -0.0148474 0.00150305 0.00325061
  endloop
 endfacet
 facet normal -0.853149 -0.168822 -0.493595
  outer loop
   vertex 0.0157752 0.00261501 0.00140212
   vertex 0.0152721 0.00293042 0.00216384
   vertex 0.0155402 0.00355294 0.00148744
  endloop
 endfacet
 facet normal -0.841835 -0.187361 -0.506172
  outer loop
   vertex 0.0152721 0.00293042 0.00216384
   vertex 0.0149881 0.00384586 0.0022974
   vertex 0.0155402 0.00355294 0.00148744
  endloop
 endfacet
 facet normal -0.812422 -0.288725 -0.506565
  outer loop
   vertex 0.0129444 0.00513675 0.00497733
   vertex 0.0136247 0.00479041 0.00408356
   vertex 0.0132814 0.00418268 0.00498057
  endloop
 endfacet
 facet normal -0.83118 -0.25766 -0.492698
  outer loop
   vertex 0.0132814 0.00418268 0.00498057
   vertex 0.0136247 0.00479041 0.00408356
   vertex 0.0138435 0.00377838 0.00424373
  endloop
 endfacet
 facet normal -0.809231 -0.322544 -0.491031
  outer loop
   vertex 0.0131092 0.00578995 0.00427662
   vertex 0.0136247 0.00479041 0.00408356
   vertex 0.0129444 0.00513675 0.00497733
  endloop
 endfacet
 facet normal -0.844496 -0.172093 -0.507159
  outer loop
   vertex 0.0135054 0.00322201 0.00505
   vertex 0.0139984 0.00281995 0.00436548
   vertex 0.0136627 0.00229775 0.00510161
  endloop
 endfacet
 facet normal -0.846945 -0.199453 -0.492852
  outer loop
   vertex 0.0138435 0.00377838 0.00424373
   vertex 0.0139984 0.00281995 0.00436548
   vertex 0.0135054 0.00322201 0.00505
  endloop
 endfacet
 facet normal -0.75917 -0.406764 -0.508138
  outer loop
   vertex 0.0120479 0.00703905 0.0049303
   vertex 0.0127043 0.0067412 0.00418801
   vertex 0.0125129 0.00609949 0.00498773
  endloop
 endfacet
 facet normal -0.783604 -0.379352 -0.491992
  outer loop
   vertex 0.0127043 0.0067412 0.00418801
   vertex 0.0131092 0.00578995 0.00427662
   vertex 0.0125129 0.00609949 0.00498773
  endloop
 endfacet
 facet normal -0.726142 -0.463651 -0.507686
  outer loop
   vertex 0.0115044 0.00797271 0.00485493
   vertex 0.01225 0.00766725 0.00406753
   vertex 0.0120479 0.00703905 0.0049303
  endloop
 endfacet
 facet normal -0.754162 -0.434107 -0.492738
  outer loop
   vertex 0.01225 0.00766725 0.00406753
   vertex 0.0127043 0.0067412 0.00418801
   vertex 0.0120479 0.00703905 0.0049303
  endloop
 endfacet
 facet normal -0.687145 -0.519354 -0.508039
  outer loop
   vertex 0.0108373 0.00889762 0.00481176
   vertex 0.0116516 0.00868226 0.00393058
   vertex 0.0115044 0.00797271 0.00485493
  endloop
 endfacet
 facet normal -0.719751 -0.49062 -0.491172
  outer loop
   vertex 0.0116516 0.00868226 0.00393058
   vertex 0.01225 0.00766725 0.00406753
   vertex 0.0115044 0.00797271 0.00485493
  endloop
 endfacet
 facet normal -0.6433 -0.573101 -0.507662
  outer loop
   vertex 0.0100644 0.00973565 0.00484516
   vertex 0.0107353 0.00978881 0.00393494
   vertex 0.0108373 0.00889762 0.00481176
  endloop
 endfacet
 facet normal -0.673773 -0.555992 -0.486728
  outer loop
   vertex 0.0107353 0.00978881 0.00393494
   vertex 0.0116516 0.00868226 0.00393058
   vertex 0.0108373 0.00889762 0.00481176
  endloop
 endfacet
 facet normal -0.596077 -0.622197 -0.507507
  outer loop
   vertex 0.00926777 0.0104623 0.00488984
   vertex 0.00988524 0.0105531 0.0040534
   vertex 0.0100644 0.00973565 0.00484516
  endloop
 endfacet
 facet normal -0.618972 -0.612206 -0.492013
  outer loop
   vertex 0.00988524 0.0105531 0.0040534
   vertex 0.0107353 0.00978881 0.00393494
   vertex 0.0100644 0.00973565 0.00484516
  endloop
 endfacet
 facet normal -0.547097 -0.665702 -0.507471
  outer loop
   vertex 0.00846246 0.0111165 0.00489993
   vertex 0.00909945 0.0112124 0.00408737
   vertex 0.00926777 0.0104623 0.00488984
  endloop
 endfacet
 facet normal -0.571618 -0.655826 -0.493097
  outer loop
   vertex 0.00909945 0.0112124 0.00408737
   vertex 0.00988524 0.0105531 0.0040534
   vertex 0.00926777 0.0104623 0.00488984
  endloop
 endfacet
 facet normal -0.496095 -0.704473 -0.507551
  outer loop
   vertex 0.00762612 0.0117196 0.00488031
   vertex 0.00830446 0.0118192 0.00407904
   vertex 0.00846246 0.0111165 0.00489993
  endloop
 endfacet
 facet normal -0.524543 -0.694027 -0.493134
  outer loop
   vertex 0.00830446 0.0118192 0.00407904
   vertex 0.00909945 0.0112124 0.00408737
   vertex 0.00846246 0.0111165 0.00489993
  endloop
 endfacet
 facet normal -0.442031 -0.739537 -0.507635
  outer loop
   vertex 0.00673771 0.0122834 0.00483249
   vertex 0.00746576 0.0124004 0.00402808
   vertex 0.00762612 0.0117196 0.00488031
  endloop
 endfacet
 facet normal -0.475185 -0.72888 -0.492882
  outer loop
   vertex 0.00746576 0.0124004 0.00402808
   vertex 0.00830446 0.0118192 0.00407904
   vertex 0.00762612 0.0117196 0.00488031
  endloop
 endfacet
 facet normal -0.385395 -0.77103 -0.506936
  outer loop
   vertex 0.00578778 0.0127669 0.00481931
   vertex 0.00651869 0.0130168 0.00388363
   vertex 0.00673771 0.0122834 0.00483249
  endloop
 endfacet
 facet normal -0.420966 -0.762144 -0.491858
  outer loop
   vertex 0.00651869 0.0130168 0.00388363
   vertex 0.00746576 0.0124004 0.00402808
   vertex 0.00673771 0.0122834 0.00483249
  endloop
 endfacet
 facet normal -0.325318 -0.797535 -0.508041
  outer loop
   vertex 0.00478366 0.0131649 0.00483756
   vertex 0.00544388 0.0134308 0.00399732
   vertex 0.00578778 0.0127669 0.00481931
  endloop
 endfacet
 facet normal -0.357844 -0.793942 -0.491532
  outer loop
   vertex 0.00544388 0.0134308 0.00399732
   vertex 0.00651869 0.0130168 0.00388363
   vertex 0.00578778 0.0127669 0.00481931
  endloop
 endfacet
 facet normal -0.262469 -0.820327 -0.508107
  outer loop
   vertex 0.00375652 0.0135061 0.0048173
   vertex 0.00443149 0.0137978 0.00399757
   vertex 0.00478366 0.0131649 0.00483756
  endloop
 endfacet
 facet normal -0.296792 -0.818321 -0.492205
  outer loop
   vertex 0.00443149 0.0137978 0.00399757
   vertex 0.00544388 0.0134308 0.00399732
   vertex 0.00478366 0.0131649 0.00483756
  endloop
 endfacet
 facet normal -0.199018 -0.838624 -0.507052
  outer loop
   vertex 0.00271024 0.0137506 0.00482346
   vertex 0.00333348 0.0141728 0.00388066
   vertex 0.00375652 0.0135061 0.0048173
  endloop
 endfacet
 facet normal -0.234131 -0.838886 -0.49138
  outer loop
   vertex 0.00333348 0.0141728 0.00388066
   vertex 0.00443149 0.0137978 0.00399757
   vertex 0.00375652 0.0135061 0.0048173
  endloop
 endfacet
 facet normal -0.134544 -0.850877 -0.507844
  outer loop
   vertex 0.00165018 0.0138968 0.00485947
   vertex 0.00219859 0.0143149 0.00401355
   vertex 0.00271024 0.0137506 0.00482346
  endloop
 endfacet
 facet normal -0.164683 -0.855045 -0.491708
  outer loop
   vertex 0.00219859 0.0143149 0.00401355
   vertex 0.00333348 0.0141728 0.00388066
   vertex 0.00271024 0.0137506 0.00482346
  endloop
 endfacet
 facet normal -0.0691355 -0.858632 -0.507909
  outer loop
   vertex 0.000594694 0.0139819 0.00485918
   vertex 0.00115288 0.0144198 0.00404297
   vertex 0.00165018 0.0138968 0.00485947
  endloop
 endfacet
 facet normal -0.100543 -0.864473 -0.492522
  outer loop
   vertex 0.00115288 0.0144198 0.00404297
   vertex 0.00219859 0.0143149 0.00401355
   vertex 0.00165018 0.0138968 0.00485947
  endloop
 endfacet
 facet normal -0.00332218 -0.861411 -0.507897
  outer loop
   vertex -0.000475315 0.0140077 0.00482239
   vertex 0.000103432 0.0144831 0.00401242
   vertex 0.000594694 0.0139819 0.00485918
  endloop
 endfacet
 facet normal -0.0380932 -0.869479 -0.492499
  outer loop
   vertex 0.000103432 0.0144831 0.00401242
   vertex 0.00115288 0.0144198 0.00404297
   vertex 0.000594694 0.0139819 0.00485918
  endloop
 endfacet
 facet normal 0.0622713 -0.859667 -0.507046
  outer loop
   vertex -0.00154676 0.0139347 0.00481457
   vertex -0.00104378 0.0145238 0.00387754
   vertex -0.000475315 0.0140077 0.00482239
  endloop
 endfacet
 facet normal 0.0268617 -0.870403 -0.491606
  outer loop
   vertex -0.00104378 0.0145238 0.00387754
   vertex 0.000103432 0.0144831 0.00401242
   vertex -0.000475315 0.0140077 0.00482239
  endloop
 endfacet
 facet normal 0.127767 -0.851795 -0.508055
  outer loop
   vertex -0.00261408 0.0137625 0.00483499
   vertex -0.00218409 0.0143285 0.00399403
   vertex -0.00154676 0.0139347 0.00481457
  endloop
 endfacet
 facet normal 0.0980033 -0.865372 -0.491453
  outer loop
   vertex -0.00218409 0.0143285 0.00399403
   vertex -0.00104378 0.0145238 0.00387754
   vertex -0.00154676 0.0139347 0.00481457
  endloop
 endfacet
 facet normal 0.193395 -0.839336 -0.508048
  outer loop
   vertex -0.00366855 0.0135312 0.00481559
   vertex -0.00324106 0.0141274 0.00399338
   vertex -0.00261408 0.0137625 0.00483499
  endloop
 endfacet
 facet normal 0.163013 -0.855063 -0.492233
  outer loop
   vertex -0.00324106 0.0141274 0.00399338
   vertex -0.00218409 0.0143285 0.00399403
   vertex -0.00261408 0.0137625 0.00483499
  endloop
 endfacet
 facet normal 0.256994 -0.822795 -0.506915
  outer loop
   vertex -0.00468561 0.0132099 0.0048216
   vertex -0.00437239 0.0138905 0.00387568
   vertex -0.00366855 0.0135312 0.00481559
  endloop
 endfacet
 facet normal 0.227219 -0.84073 -0.491472
  outer loop
   vertex -0.00437239 0.0138905 0.00387568
   vertex -0.00324106 0.0141274 0.00399338
   vertex -0.00366855 0.0135312 0.00481559
  endloop
 endfacet
 facet normal 0.31805 -0.800748 -0.507589
  outer loop
   vertex -0.00565729 0.0128013 0.00485734
   vertex -0.00540463 0.0134398 0.00400837
   vertex -0.00468561 0.0132099 0.0048216
  endloop
 endfacet
 facet normal 0.294471 -0.819291 -0.491984
  outer loop
   vertex -0.00540463 0.0134398 0.00400837
   vertex -0.00437239 0.0138905 0.00387568
   vertex -0.00468561 0.0132099 0.0048216
  endloop
 endfacet
 facet normal 0.377095 -0.774774 -0.507469
  outer loop
   vertex -0.00658431 0.0123496 0.00485801
   vertex -0.00633792 0.0130071 0.00403736
   vertex -0.00565729 0.0128013 0.00485734
  endloop
 endfacet
 facet normal 0.353343 -0.795133 -0.492862
  outer loop
   vertex -0.00633792 0.0130071 0.00403736
   vertex -0.00540463 0.0134398 0.00400837
   vertex -0.00565729 0.0128013 0.00485734
  endloop
 endfacet
 facet normal 0.43323 -0.745062 -0.507143
  outer loop
   vertex -0.00747734 0.0118504 0.00482855
   vertex -0.00724265 0.0125465 0.00400635
   vertex -0.00658431 0.0123496 0.00485801
  endloop
 endfacet
 facet normal 0.408032 -0.768378 -0.493056
  outer loop
   vertex -0.00724265 0.0125465 0.00400635
   vertex -0.00633792 0.0130071 0.00403736
   vertex -0.00658431 0.0123496 0.00485801
  endloop
 endfacet
 facet normal 0.485977 -0.712577 -0.506024
  outer loop
   vertex -0.0083015 0.0112814 0.00483838
   vertex -0.00819497 0.0120385 0.00387454
   vertex -0.00747734 0.0118504 0.00482855
  endloop
 endfacet
 facet normal 0.46171 -0.737609 -0.492704
  outer loop
   vertex -0.00819497 0.0120385 0.00387454
   vertex -0.00724265 0.0125465 0.00400635
   vertex -0.00747734 0.0118504 0.00482855
  endloop
 endfacet
 facet normal 0.534678 -0.676376 -0.506591
  outer loop
   vertex -0.00905341 0.0106509 0.00488659
   vertex -0.00899896 0.0113404 0.00402344
   vertex -0.0083015 0.0112814 0.00483838
  endloop
 endfacet
 facet normal 0.516625 -0.700132 -0.492862
  outer loop
   vertex -0.00899896 0.0113404 0.00402344
   vertex -0.00819497 0.0120385 0.00387454
   vertex -0.0083015 0.0112814 0.00483838
  endloop
 endfacet
 facet normal 0.580267 -0.637907 -0.506324
  outer loop
   vertex -0.00974051 0.00999317 0.00492775
   vertex -0.00972525 0.0106789 0.0040813
   vertex -0.00905341 0.0106509 0.00488659
  endloop
 endfacet
 facet normal 0.56384 -0.66225 -0.493467
  outer loop
   vertex -0.00972525 0.0106789 0.0040813
   vertex -0.00899896 0.0113404 0.00402344
   vertex -0.00905341 0.0106509 0.00488659
  endloop
 endfacet
 facet normal 0.622488 -0.596344 -0.506835
  outer loop
   vertex -0.0103985 0.00929372 0.00494261
   vertex -0.0103838 0.00997693 0.00415682
   vertex -0.00974051 0.00999317 0.00492775
  endloop
 endfacet
 facet normal 0.607194 -0.622699 -0.493519
  outer loop
   vertex -0.0103838 0.00997693 0.00415682
   vertex -0.00972525 0.0106789 0.0040813
   vertex -0.00974051 0.00999317 0.00492775
  endloop
 endfacet
 facet normal 0.662517 -0.551255 -0.507139
  outer loop
   vertex -0.011034 0.00854691 0.0049242
   vertex -0.0110654 0.0092166 0.00415524
   vertex -0.0103985 0.00929372 0.00494261
  endloop
 endfacet
 facet normal 0.648563 -0.580381 -0.492467
  outer loop
   vertex -0.0110654 0.0092166 0.00415524
   vertex -0.0103838 0.00997693 0.00415682
   vertex -0.0103985 0.00929372 0.00494261
  endloop
 endfacet
 facet normal 0.70009 -0.502779 -0.507037
  outer loop
   vertex -0.0116353 0.00774633 0.00488782
   vertex -0.0117171 0.00844151 0.00408551
   vertex -0.011034 0.00854691 0.0049242
  endloop
 endfacet
 facet normal 0.68734 -0.533603 -0.492779
  outer loop
   vertex -0.0117171 0.00844151 0.00408551
   vertex -0.0110654 0.0092166 0.00415524
   vertex -0.011034 0.00854691 0.0049242
  endloop
 endfacet
 facet normal 0.734808 -0.44996 -0.507536
  outer loop
   vertex -0.0122061 0.00687078 0.00483764
   vertex -0.0123191 0.00759339 0.00403336
   vertex -0.0116353 0.00774633 0.00488782
  endloop
 endfacet
 facet normal 0.723651 -0.483374 -0.492625
  outer loop
   vertex -0.0123191 0.00759339 0.00403336
   vertex -0.0117171 0.00844151 0.00408551
   vertex -0.0116353 0.00774633 0.00488782
  endloop
 endfacet
 facet normal 0.76674 -0.393853 -0.506941
  outer loop
   vertex -0.0126982 0.0059245 0.00482847
   vertex -0.0129562 0.00662795 0.00389173
   vertex -0.0122061 0.00687078 0.00483764
  endloop
 endfacet
 facet normal 0.758318 -0.428334 -0.49141
  outer loop
   vertex -0.0129562 0.00662795 0.00389173
   vertex -0.0123191 0.00759339 0.00403336
   vertex -0.0122061 0.00687078 0.00483764
  endloop
 endfacet
 facet normal 0.793956 -0.334288 -0.507824
  outer loop
   vertex -0.0130966 0.00492446 0.00486395
   vertex -0.0133803 0.00553898 0.00401578
   vertex -0.0126982 0.0059245 0.00482847
  endloop
 endfacet
 facet normal 0.791194 -0.364124 -0.491351
  outer loop
   vertex -0.0133803 0.00553898 0.00401578
   vertex -0.0129562 0.00662795 0.00389173
   vertex -0.0126982 0.0059245 0.00482847
  endloop
 endfacet
 facet normal 0.817289 -0.272607 -0.507666
  outer loop
   vertex -0.0134195 0.0039127 0.00488731
   vertex -0.0137458 0.00450526 0.00404389
   vertex -0.0130966 0.00492446 0.00486395
  endloop
 endfacet
 facet normal 0.816517 -0.30204 -0.492008
  outer loop
   vertex -0.0137458 0.00450526 0.00404389
   vertex -0.0133803 0.00553898 0.00401578
   vertex -0.0130966 0.00492446 0.00486395
  endloop
 endfacet
 facet normal 0.836369 -0.212209 -0.505425
  outer loop
   vertex -0.0136151 0.00292584 0.00497801
   vertex -0.0140824 0.00336581 0.00402006
   vertex -0.0134195 0.0039127 0.00488731
  endloop
 endfacet
 facet normal 0.838213 -0.237344 -0.490985
  outer loop
   vertex -0.0140824 0.00336581 0.00402006
   vertex -0.0137458 0.00450526 0.00404389
   vertex -0.0134195 0.0039127 0.00488731
  endloop
 endfacet
 facet normal -0.861064 -0.105031 -0.497531
  outer loop
   vertex 0.01486 0.00147116 0.00323434
   vertex 0.0150284 0.00224804 0.00277884
   vertex 0.0152526 0.00141487 0.00256682
  endloop
 endfacet
 facet normal -0.858703 -0.111175 -0.500269
  outer loop
   vertex 0.0144736 0.00141768 0.00390948
   vertex 0.0145252 0.00233531 0.00361707
   vertex 0.01486 0.00147116 0.00323434
  endloop
 endfacet
 facet normal -0.857184 -0.109248 -0.50329
  outer loop
   vertex 0.0145252 0.00233531 0.00361707
   vertex 0.0150284 0.00224804 0.00277884
   vertex 0.01486 0.00147116 0.00323434
  endloop
 endfacet
 facet normal 0.858071 -0.102639 -0.503169
  outer loop
   vertex -0.0140714 0.00142248 0.00460187
   vertex -0.0136981 0.00200933 0.00511871
   vertex -0.0137475 0.00126154 0.00518711
  endloop
 endfacet
 facet normal 0.853121 -0.168787 -0.493655
  outer loop
   vertex -0.0136151 0.00292584 0.00497801
   vertex -0.0140952 0.00230555 0.00436037
   vertex -0.0140824 0.00336581 0.00402006
  endloop
 endfacet
 facet normal 0.861636 -0.11211 -0.494989
  outer loop
   vertex -0.0140714 0.00142248 0.00460187
   vertex -0.0140952 0.00230555 0.00436037
   vertex -0.0136981 0.00200933 0.00511871
  endloop
 endfacet
 facet normal -0.854356 -0.115946 -0.50659
  outer loop
   vertex 0.0136627 0.00229775 0.00510161
   vertex 0.0141052 0.00197255 0.00442979
   vertex 0.0137836 0.00142859 0.00509661
  endloop
 endfacet
 facet normal -0.863243 -0.0969619 -0.495389
  outer loop
   vertex 0.0137836 0.00142859 0.00509661
   vertex 0.0141052 0.00197255 0.00442979
   vertex 0.0141312 0.00122721 0.00453037
  endloop
 endfacet
 facet normal -0.857139 -0.145549 -0.494093
  outer loop
   vertex 0.0139984 0.00281995 0.00436548
   vertex 0.0141052 0.00197255 0.00442979
   vertex 0.0136627 0.00229775 0.00510161
  endloop
 endfacet
 facet normal 0.862553 -0.0961512 -0.496747
  outer loop
   vertex -0.0156021 0.00132534 0.00197749
   vertex -0.0154546 0.00211552 0.0020807
   vertex -0.0152301 0.00143226 0.00260274
  endloop
 endfacet
 facet normal -0.863062 -0.115435 -0.491731
  outer loop
   vertex 0.015965 0.00159282 0.00130897
   vertex 0.0154964 0.00205653 0.00202256
   vertex 0.0157752 0.00261501 0.00140212
  endloop
 endfacet
 facet normal 0.849187 -0.154439 -0.505005
  outer loop
   vertex -0.0136981 0.00200933 0.00511871
   vertex -0.0140952 0.00230555 0.00436037
   vertex -0.0136151 0.00292584 0.00497801
  endloop
 endfacet
 facet normal 0.856887 -0.104211 -0.50486
  outer loop
   vertex -0.0152301 0.00143226 0.00260274
   vertex -0.0154546 0.00211552 0.0020807
   vertex -0.0150006 0.0022974 0.00281377
  endloop
 endfacet
 facet normal -0.851685 -0.136829 -0.505876
  outer loop
   vertex 0.0154964 0.00205653 0.00202256
   vertex 0.0152721 0.00293042 0.00216384
   vertex 0.0157752 0.00261501 0.00140212
  endloop
 endfacet
 facet normal -0.858468 -0.0978817 -0.50344
  outer loop
   vertex 0.0141312 0.00122721 0.00453037
   vertex 0.0141052 0.00197255 0.00442979
   vertex 0.0144736 0.00141768 0.00390948
  endloop
 endfacet
 facet normal -0.81884 -0.292122 -0.494131
  outer loop
   vertex 0.0147036 0.00475892 0.00233036
   vertex 0.0141311 0.00510609 0.00307393
   vertex 0.0144271 0.0056571 0.00225759
  endloop
 endfacet
 facet normal -0.800127 -0.340533 -0.493795
  outer loop
   vertex 0.0144271 0.0056571 0.00225759
   vertex 0.0138844 0.0059807 0.00291386
   vertex 0.0141032 0.00650759 0.00219589
  endloop
 endfacet
 facet normal -0.801624 -0.318676 -0.505811
  outer loop
   vertex 0.0141311 0.00510609 0.00307393
   vertex 0.0138844 0.0059807 0.00291386
   vertex 0.0144271 0.0056571 0.00225759
  endloop
 endfacet
 facet normal -0.778808 -0.387579 -0.493194
  outer loop
   vertex 0.0141032 0.00650759 0.00219589
   vertex 0.0135887 0.00672222 0.00283966
   vertex 0.0136767 0.00729444 0.00225113
  endloop
 endfacet
 facet normal -0.783195 -0.362787 -0.504966
  outer loop
   vertex 0.0138844 0.0059807 0.00291386
   vertex 0.0135887 0.00672222 0.00283966
   vertex 0.0141032 0.00650759 0.00219589
  endloop
 endfacet
 facet normal -0.754501 -0.429551 -0.4962
  outer loop
   vertex 0.0136767 0.00729444 0.00225113
   vertex 0.0130215 0.00731974 0.00322542
   vertex 0.0132222 0.00799894 0.00233227
  endloop
 endfacet
 facet normal -0.765037 -0.40084 -0.50403
  outer loop
   vertex 0.0135887 0.00672222 0.00283966
   vertex 0.0130215 0.00731974 0.00322542
   vertex 0.0136767 0.00729444 0.00225113
  endloop
 endfacet
 facet normal -0.730885 -0.468585 -0.496221
  outer loop
   vertex 0.0132222 0.00799894 0.00233227
   vertex 0.0125448 0.00817614 0.00316274
   vertex 0.0128135 0.00871219 0.00226065
  endloop
 endfacet
 facet normal -0.737361 -0.447505 -0.506002
  outer loop
   vertex 0.0130215 0.00731974 0.00322542
   vertex 0.0125448 0.00817614 0.00316274
   vertex 0.0132222 0.00799894 0.00233227
  endloop
 endfacet
 facet normal -0.705919 -0.504752 -0.496895
  outer loop
   vertex 0.0128135 0.00871219 0.00226065
   vertex 0.0121749 0.00891821 0.00295874
   vertex 0.0124401 0.00938202 0.00211085
  endloop
 endfacet
 facet normal -0.709665 -0.492307 -0.503994
  outer loop
   vertex 0.0125448 0.00817614 0.00316274
   vertex 0.0121749 0.00891821 0.00295874
   vertex 0.0128135 0.00871219 0.00226065
  endloop
 endfacet
 facet normal -0.681086 -0.540033 -0.494456
  outer loop
   vertex 0.0124401 0.00938202 0.00211085
   vertex 0.0119445 0.00951938 0.00264335
   vertex 0.0119874 0.010018 0.00203982
  endloop
 endfacet
 facet normal -0.685902 -0.526375 -0.502462
  outer loop
   vertex 0.0121749 0.00891821 0.00295874
   vertex 0.0119445 0.00951938 0.00264335
   vertex 0.0124401 0.00938202 0.00211085
  endloop
 endfacet
 facet normal -0.652179 -0.574016 -0.495145
  outer loop
   vertex 0.0119874 0.010018 0.00203982
   vertex 0.0115386 0.00999204 0.00266097
   vertex 0.0114364 0.010556 0.00214179
  endloop
 endfacet
 facet normal -0.664718 -0.552131 -0.50329
  outer loop
   vertex 0.0119445 0.00951938 0.00264335
   vertex 0.0115386 0.00999204 0.00266097
   vertex 0.0119874 0.010018 0.00203982
  endloop
 endfacet
 facet normal -0.622439 -0.603716 -0.498092
  outer loop
   vertex 0.0114364 0.010556 0.00214179
   vertex 0.0110045 0.0103066 0.00298376
   vertex 0.0108474 0.0110287 0.00230497
  endloop
 endfacet
 facet normal -0.643618 -0.578229 -0.501406
  outer loop
   vertex 0.0115386 0.00999204 0.00266097
   vertex 0.0110045 0.0103066 0.00298376
   vertex 0.0114364 0.010556 0.00214179
  endloop
 endfacet
 facet normal -0.591602 -0.634646 -0.497225
  outer loop
   vertex 0.0108474 0.0110287 0.00230497
   vertex 0.0103682 0.0107831 0.0031885
   vertex 0.010215 0.0115424 0.00240162
  endloop
 endfacet
 facet normal -0.615966 -0.606581 -0.502639
  outer loop
   vertex 0.0110045 0.0103066 0.00298376
   vertex 0.0103682 0.0107831 0.0031885
   vertex 0.0108474 0.0110287 0.00230497
  endloop
 endfacet
 facet normal -0.556934 -0.66634 -0.495797
  outer loop
   vertex 0.010215 0.0115424 0.00240162
   vertex 0.00967611 0.0113585 0.0032541
   vertex 0.00954027 0.0120805 0.00243633
  endloop
 endfacet
 facet normal -0.579762 -0.639804 -0.504506
  outer loop
   vertex 0.0103682 0.0107831 0.0031885
   vertex 0.00967611 0.0113585 0.0032541
   vertex 0.010215 0.0115424 0.00240162
  endloop
 endfacet
 facet normal -0.518628 -0.6971 -0.495052
  outer loop
   vertex 0.00954027 0.0120805 0.00243633
   vertex 0.00894542 0.011934 0.0032659
   vertex 0.00882954 0.0126133 0.00243077
  endloop
 endfacet
 facet normal -0.538867 -0.673891 -0.505464
  outer loop
   vertex 0.00967611 0.0113585 0.0032541
   vertex 0.00894542 0.011934 0.0032659
   vertex 0.00954027 0.0120805 0.00243633
  endloop
 endfacet
 facet normal -0.477664 -0.72591 -0.494865
  outer loop
   vertex 0.00882954 0.0126133 0.00243077
   vertex 0.00819049 0.0124833 0.00323831
   vertex 0.00809325 0.0131241 0.0023922
  endloop
 endfacet
 facet normal -0.495395 -0.706269 -0.505735
  outer loop
   vertex 0.00894542 0.011934 0.0032659
   vertex 0.00819049 0.0124833 0.00323831
   vertex 0.00882954 0.0126133 0.00243077
  endloop
 endfacet
 facet normal -0.43508 -0.752121 -0.494995
  outer loop
   vertex 0.00809325 0.0131241 0.0023922
   vertex 0.00743121 0.0129994 0.00316349
   vertex 0.00734532 0.0136037 0.0023208
  endloop
 endfacet
 facet normal -0.450433 -0.735887 -0.50555
  outer loop
   vertex 0.00819049 0.0124833 0.00323831
   vertex 0.00743121 0.0129994 0.00316349
   vertex 0.00809325 0.0131241 0.0023922
  endloop
 endfacet
 facet normal -0.39056 -0.777198 -0.493382
  outer loop
   vertex 0.00734532 0.0136037 0.0023208
   vertex 0.00676291 0.0134765 0.00298213
   vertex 0.00653167 0.014018 0.00231233
  endloop
 endfacet
 facet normal -0.406747 -0.76152 -0.504623
  outer loop
   vertex 0.00743121 0.0129994 0.00316349
   vertex 0.00676291 0.0134765 0.00298213
   vertex 0.00734532 0.0136037 0.0023208
  endloop
 endfacet
 facet normal -0.343481 -0.798277 -0.494747
  outer loop
   vertex 0.00653167 0.014018 0.00231233
   vertex 0.00597701 0.0137405 0.00314507
   vertex 0.00568961 0.0143497 0.00236159
  endloop
 endfacet
 facet normal -0.367075 -0.781299 -0.504805
  outer loop
   vertex 0.00676291 0.0134765 0.00298213
   vertex 0.00597701 0.0137405 0.00314507
   vertex 0.00653167 0.014018 0.00231233
  endloop
 endfacet
 facet normal -0.296094 -0.817161 -0.494546
  outer loop
   vertex 0.00568961 0.0143497 0.00236159
   vertex 0.00509675 0.0140667 0.00318429
   vertex 0.00482325 0.0146634 0.00236204
  endloop
 endfacet
 facet normal -0.319432 -0.80127 -0.505895
  outer loop
   vertex 0.00597701 0.0137405 0.00314507
   vertex 0.00509675 0.0140667 0.00318429
   vertex 0.00568961 0.0143497 0.00236159
  endloop
 endfacet
 facet normal -0.247499 -0.833076 -0.4947
  outer loop
   vertex 0.00482325 0.0146634 0.00236204
   vertex 0.004208 0.0143811 0.00314517
   vertex 0.00395975 0.0149497 0.00231195
  endloop
 endfacet
 facet normal -0.267847 -0.819924 -0.505947
  outer loop
   vertex 0.00509675 0.0140667 0.00318429
   vertex 0.004208 0.0143811 0.00314517
   vertex 0.00482325 0.0146634 0.00236204
  endloop
 endfacet
 facet normal -0.19743 -0.847217 -0.493198
  outer loop
   vertex 0.00395975 0.0149497 0.00231195
   vertex 0.00343109 0.014684 0.00298003
   vertex 0.0030579 0.0151568 0.00231723
  endloop
 endfacet
 facet normal -0.218215 -0.835168 -0.504853
  outer loop
   vertex 0.004208 0.0143811 0.00314517
   vertex 0.00343109 0.014684 0.00298003
   vertex 0.00395975 0.0149497 0.00231195
  endloop
 endfacet
 facet normal -0.146151 -0.856662 -0.494742
  outer loop
   vertex 0.0030579 0.0151568 0.00231723
   vertex 0.00260472 0.0147502 0.00315512
   vertex 0.002152 0.0152752 0.00237976
  endloop
 endfacet
 facet normal -0.174688 -0.845423 -0.504722
  outer loop
   vertex 0.00343109 0.014684 0.00298003
   vertex 0.00260472 0.0147502 0.00315512
   vertex 0.0030579 0.0151568 0.00231723
  endloop
 endfacet
 facet normal -0.0949332 -0.864034 -0.494401
  outer loop
   vertex 0.002152 0.0152752 0.00237976
   vertex 0.00166679 0.0148514 0.00321352
   vertex 0.00122052 0.0153658 0.00240033
  endloop
 endfacet
 facet normal -0.123662 -0.853701 -0.505868
  outer loop
   vertex 0.00260472 0.0147502 0.00315512
   vertex 0.00166679 0.0148514 0.00321352
   vertex 0.002152 0.0152752 0.00237976
  endloop
 endfacet
 facet normal -0.0426779 -0.86819 -0.494392
  outer loop
   vertex 0.00122052 0.0153658 0.00240033
   vertex 0.000702236 0.0149287 0.00321265
   vertex 0.000286425 0.0154243 0.00237811
  endloop
 endfacet
 facet normal -0.0683872 -0.859688 -0.506221
  outer loop
   vertex 0.00166679 0.0148514 0.00321352
   vertex 0.000702236 0.0149287 0.00321265
   vertex 0.00122052 0.0153658 0.00240033
  endloop
 endfacet
 facet normal 0.00907589 -0.868997 -0.494734
  outer loop
   vertex 0.000286425 0.0154243 0.00237811
   vertex -0.000241524 0.0149779 0.00315261
   vertex -0.000626801 0.0154513 0.00231407
  endloop
 endfacet
 facet normal -0.0127989 -0.862498 -0.505899
  outer loop
   vertex 0.000702236 0.0149287 0.00321265
   vertex -0.000241524 0.0149779 0.00315261
   vertex 0.000286425 0.0154243 0.00237811
  endloop
 endfacet
 facet normal 0.0611856 -0.867759 -0.493204
  outer loop
   vertex -0.000626801 0.0154513 0.00231407
   vertex -0.00106979 0.0150436 0.0029763
   vertex -0.00154978 0.0153895 0.00230829
  endloop
 endfacet
 facet normal 0.0389882 -0.862387 -0.504746
  outer loop
   vertex -0.000241524 0.0149779 0.00315261
   vertex -0.00106979 0.0150436 0.0029763
   vertex -0.000626801 0.0154513 0.00231407
  endloop
 endfacet
 facet normal 0.112826 -0.861706 -0.494706
  outer loop
   vertex -0.00154978 0.0153895 0.00230829
   vertex -0.00188438 0.0148676 0.00314105
   vertex -0.00244676 0.0152432 0.00235843
  endloop
 endfacet
 facet normal 0.0835953 -0.85915 -0.504849
  outer loop
   vertex -0.00106979 0.0150436 0.0029763
   vertex -0.00188438 0.0148676 0.00314105
   vertex -0.00154978 0.0153895 0.00230829
  endloop
 endfacet
 facet normal 0.16328 -0.853678 -0.494544
  outer loop
   vertex -0.00244676 0.0152432 0.00235843
   vertex -0.00280915 0.0146976 0.00318064
   vertex -0.00335113 0.0150703 0.00235829
  endloop
 endfacet
 facet normal 0.134921 -0.851969 -0.50591
  outer loop
   vertex -0.00188438 0.0148676 0.00314105
   vertex -0.00280915 0.0146976 0.00318064
   vertex -0.00244676 0.0152432 0.00235843
  endloop
 endfacet
 facet normal 0.213059 -0.842532 -0.494717
  outer loop
   vertex -0.00335113 0.0150703 0.00235829
   vertex -0.00373152 0.014515 0.00314023
   vertex -0.00423694 0.0148763 0.0023073
  endloop
 endfacet
 facet normal 0.188787 -0.841672 -0.505913
  outer loop
   vertex -0.00280915 0.0146976 0.00318064
   vertex -0.00373152 0.014515 0.00314023
   vertex -0.00335113 0.0150703 0.00235829
  endloop
 endfacet
 facet normal 0.263078 -0.829134 -0.493282
  outer loop
   vertex -0.00423694 0.0148763 0.0023073
   vertex -0.00455178 0.0143795 0.00297439
   vertex -0.00511264 0.0145959 0.00231152
  endloop
 endfacet
 facet normal 0.239089 -0.829444 -0.504836
  outer loop
   vertex -0.00373152 0.014515 0.00314023
   vertex -0.00455178 0.0143795 0.00297439
   vertex -0.00423694 0.0148763 0.0023073
  endloop
 endfacet
 facet normal 0.311482 -0.811218 -0.494878
  outer loop
   vertex -0.00511264 0.0145959 0.00231152
   vertex -0.00528975 0.0140173 0.00314848
   vertex -0.00594192 0.0142409 0.00237152
  endloop
 endfacet
 facet normal 0.281502 -0.816151 -0.504633
  outer loop
   vertex -0.00455178 0.0143795 0.00297439
   vertex -0.00528975 0.0140173 0.00314848
   vertex -0.00511264 0.0145959 0.00231152
  endloop
 endfacet
 facet normal 0.35845 -0.791726 -0.494655
  outer loop
   vertex -0.00594192 0.0142409 0.00237152
   vertex -0.00612995 0.0136348 0.00320528
   vertex -0.00677237 0.0138537 0.00238945
  endloop
 endfacet
 facet normal 0.328914 -0.797614 -0.505596
  outer loop
   vertex -0.00528975 0.0140173 0.00314848
   vertex -0.00612995 0.0136348 0.00320528
   vertex -0.00594192 0.0142409 0.00237152
  endloop
 endfacet
 facet normal 0.404303 -0.76927 -0.494735
  outer loop
   vertex -0.00677237 0.0138537 0.00238945
   vertex -0.00697542 0.0132243 0.00320221
   vertex -0.00758237 0.013444 0.00236459
  endloop
 endfacet
 facet normal 0.378293 -0.775243 -0.505859
  outer loop
   vertex -0.00612995 0.0136348 0.00320528
   vertex -0.00697542 0.0132243 0.00320221
   vertex -0.00677237 0.0138537 0.00238945
  endloop
 endfacet
 facet normal 0.447749 -0.74459 -0.495082
  outer loop
   vertex -0.00758237 0.013444 0.00236459
   vertex -0.00778065 0.0128094 0.00313971
   vertex -0.00835287 0.0130227 0.00230143
  endloop
 endfacet
 facet normal 0.425905 -0.750421 -0.505444
  outer loop
   vertex -0.00697542 0.0132243 0.00320221
   vertex -0.00778065 0.0128094 0.00313971
   vertex -0.00758237 0.013444 0.00236459
  endloop
 endfacet
 facet normal 0.490046 -0.718292 -0.493874
  outer loop
   vertex -0.00835287 0.0130227 0.00230143
   vertex -0.00849705 0.0124668 0.00296676
   vertex -0.00907871 0.0125276 0.00230121
  endloop
 endfacet
 facet normal 0.468562 -0.725294 -0.50438
  outer loop
   vertex -0.00778065 0.0128094 0.00313971
   vertex -0.00849705 0.0124668 0.00296676
   vertex -0.00835287 0.0130227 0.00230143
  endloop
 endfacet
 facet normal 0.52907 -0.688866 -0.495528
  outer loop
   vertex -0.00907871 0.0125276 0.00230121
   vertex -0.00906516 0.0119298 0.00314673
   vertex -0.00973027 0.0119862 0.00235813
  endloop
 endfacet
 facet normal 0.503538 -0.701632 -0.504145
  outer loop
   vertex -0.00849705 0.0124668 0.00296676
   vertex -0.00906516 0.0119298 0.00314673
   vertex -0.00907871 0.0125276 0.00230121
  endloop
 endfacet
 facet normal 0.56567 -0.659094 -0.495593
  outer loop
   vertex -0.00973027 0.0119862 0.00235813
   vertex -0.00973124 0.0113416 0.00321436
   vertex -0.0103716 0.0114357 0.00235826
  endloop
 endfacet
 facet normal 0.541899 -0.671713 -0.505121
  outer loop
   vertex -0.00906516 0.0119298 0.00314673
   vertex -0.00973124 0.0113416 0.00321436
   vertex -0.00973027 0.0119862 0.00235813
  endloop
 endfacet
 facet normal 0.599024 -0.627919 -0.496878
  outer loop
   vertex -0.0103716 0.0114357 0.00235826
   vertex -0.0104185 0.0107045 0.00322577
   vertex -0.0109983 0.0109319 0.00223948
  endloop
 endfacet
 facet normal 0.582071 -0.636974 -0.505428
  outer loop
   vertex -0.00973124 0.0113416 0.00321436
   vertex -0.0104185 0.0107045 0.00322577
   vertex -0.0103716 0.0114357 0.00235826
  endloop
 endfacet
 facet normal 0.632409 -0.596646 -0.494037
  outer loop
   vertex -0.0109983 0.0109319 0.00223948
   vertex -0.0110781 0.0103779 0.00280636
   vertex -0.0116048 0.010355 0.00215978
  endloop
 endfacet
 facet normal 0.618667 -0.603665 -0.502832
  outer loop
   vertex -0.0104185 0.0107045 0.00322577
   vertex -0.0110781 0.0103779 0.00280636
   vertex -0.0109983 0.0109319 0.00223948
  endloop
 endfacet
 facet normal 0.664791 -0.560235 -0.494156
  outer loop
   vertex -0.0116048 0.010355 0.00215978
   vertex -0.0115355 0.0098589 0.00281544
   vertex -0.0121065 0.00967099 0.00226038
  endloop
 endfacet
 facet normal 0.643618 -0.576061 -0.503895
  outer loop
   vertex -0.0110781 0.0103779 0.00280636
   vertex -0.0115355 0.0098589 0.00281544
   vertex -0.0116048 0.010355 0.00215978
  endloop
 endfacet
 facet normal 0.692853 -0.52244 -0.497001
  outer loop
   vertex -0.0121065 0.00967099 0.00226038
   vertex -0.0117899 0.00915823 0.00324074
   vertex -0.0125568 0.00895378 0.00238653
  endloop
 endfacet
 facet normal 0.668844 -0.547827 -0.502526
  outer loop
   vertex -0.0115355 0.0098589 0.00281544
   vertex -0.0117899 0.00915823 0.00324074
   vertex -0.0121065 0.00967099 0.00226038
  endloop
 endfacet
 facet normal 0.72213 -0.483394 -0.494832
  outer loop
   vertex -0.0125568 0.00895378 0.00238653
   vertex -0.0123934 0.00833195 0.00323235
   vertex -0.0130641 0.00819681 0.00238564
  endloop
 endfacet
 facet normal 0.69875 -0.505275 -0.506404
  outer loop
   vertex -0.0117899 0.00915823 0.00324074
   vertex -0.0123934 0.00833195 0.00323235
   vertex -0.0125568 0.00895378 0.00238653
  endloop
 endfacet
 facet normal 0.749262 -0.44035 -0.49467
  outer loop
   vertex -0.0130641 0.00819681 0.00238564
   vertex -0.0129349 0.0075373 0.00316837
   vertex -0.0135561 0.00742806 0.0023247
  endloop
 endfacet
 facet normal 0.731144 -0.457475 -0.506109
  outer loop
   vertex -0.0123934 0.00833195 0.00323235
   vertex -0.0129349 0.0075373 0.00316837
   vertex -0.0130641 0.00819681 0.00238564
  endloop
 endfacet
 facet normal 0.775281 -0.39478 -0.49304
  outer loop
   vertex -0.0135561 0.00742806 0.0023247
   vertex -0.0134274 0.00684986 0.00299011
   vertex -0.0139818 0.00659394 0.0023232
  endloop
 endfacet
 facet normal 0.758309 -0.412283 -0.504965
  outer loop
   vertex -0.0129349 0.0075373 0.00316837
   vertex -0.0134274 0.00684986 0.00299011
   vertex -0.0135561 0.00742806 0.0023247
  endloop
 endfacet
 facet normal 0.79715 -0.346448 -0.494494
  outer loop
   vertex -0.0139818 0.00659394 0.0023232
   vertex -0.0137009 0.00604796 0.00315849
   vertex -0.0143239 0.0057256 0.00238014
  endloop
 endfacet
 facet normal 0.778982 -0.371779 -0.504942
  outer loop
   vertex -0.0134274 0.00684986 0.00299011
   vertex -0.0137009 0.00604796 0.00315849
   vertex -0.0139818 0.00659394 0.0023232
  endloop
 endfacet
 facet normal 0.817029 -0.297259 -0.494066
  outer loop
   vertex -0.0143239 0.0057256 0.00238014
   vertex -0.014038 0.00512927 0.00321162
   vertex -0.0146484 0.00481822 0.00238942
  endloop
 endfacet
 facet normal 0.799672 -0.322702 -0.506347
  outer loop
   vertex -0.0137009 0.00604796 0.00315849
   vertex -0.014038 0.00512927 0.00321162
   vertex -0.0143239 0.0057256 0.00238014
  endloop
 endfacet
 facet normal 0.833791 -0.246047 -0.49422
  outer loop
   vertex -0.0146484 0.00481822 0.00238942
   vertex -0.0143651 0.00415979 0.00319514
   vertex -0.0149524 0.00389986 0.00233372
  endloop
 endfacet
 facet normal 0.819336 -0.267807 -0.50692
  outer loop
   vertex -0.014038 0.00512927 0.00321162
   vertex -0.0143651 0.00415979 0.00319514
   vertex -0.0146484 0.00481822 0.00238942
  endloop
 endfacet
 facet normal 0.847081 -0.194427 -0.494624
  outer loop
   vertex -0.0149524 0.00389986 0.00233372
   vertex -0.0146935 0.00320954 0.00304849
   vertex -0.0152289 0.00299416 0.00221624
  endloop
 endfacet
 facet normal 0.836113 -0.21078 -0.506444
  outer loop
   vertex -0.0143651 0.00415979 0.00319514
   vertex -0.0146935 0.00320954 0.00304849
   vertex -0.0149524 0.00389986 0.00233372
  endloop
 endfacet
 facet normal 0.85689 -0.143731 -0.495057
  outer loop
   vertex -0.0152289 0.00299416 0.00221624
   vertex -0.0150006 0.0022974 0.00281377
   vertex -0.0154546 0.00211552 0.0020807
  endloop
 endfacet
 facet normal -0.84805 -0.191023 -0.494289
  outer loop
   vertex 0.0152721 0.00293042 0.00216384
   vertex 0.0147664 0.00314106 0.00295008
   vertex 0.0149881 0.00384586 0.0022974
  endloop
 endfacet
 facet normal -0.746659 -0.432118 -0.505742
  outer loop
   vertex 0.01225 0.00766725 0.00406753
   vertex 0.0130215 0.00731974 0.00322542
   vertex 0.0127043 0.0067412 0.00418801
  endloop
 endfacet
 facet normal -0.862417 -0.109067 -0.494308
  outer loop
   vertex 0.0141052 0.00197255 0.00442979
   vertex 0.0145252 0.00233531 0.00361707
   vertex 0.0144736 0.00141768 0.00390948
  endloop
 endfacet
 facet normal 0.848595 -0.155543 -0.505661
  outer loop
   vertex -0.0152289 0.00299416 0.00221624
   vertex -0.0146935 0.00320954 0.00304849
   vertex -0.0150006 0.0022974 0.00281377
  endloop
 endfacet
 facet normal -0.850947 -0.145572 -0.504676
  outer loop
   vertex 0.0141052 0.00197255 0.00442979
   vertex 0.0139984 0.00281995 0.00436548
   vertex 0.0145252 0.00233531 0.00361707
  endloop
 endfacet
 facet normal -0.710806 -0.492407 -0.502286
  outer loop
   vertex 0.0125448 0.00817614 0.00316274
   vertex 0.0116516 0.00868226 0.00393058
   vertex 0.0121749 0.00891821 0.00295874
  endloop
 endfacet
 facet normal -0.615043 -0.605884 -0.504605
  outer loop
   vertex 0.0103682 0.0107831 0.0031885
   vertex 0.0107353 0.00978881 0.00393494
   vertex 0.00988524 0.0105531 0.0040534
  endloop
 endfacet
 facet normal -0.567034 -0.649682 -0.506345
  outer loop
   vertex 0.00909945 0.0112124 0.00408737
   vertex 0.00967611 0.0113585 0.0032541
   vertex 0.00988524 0.0105531 0.0040534
  endloop
 endfacet
 facet normal -0.519684 -0.687848 -0.506748
  outer loop
   vertex 0.00830446 0.0118192 0.00407904
   vertex 0.00894542 0.011934 0.0032659
   vertex 0.00909945 0.0112124 0.00408737
  endloop
 endfacet
 facet normal -0.46994 -0.722552 -0.507025
  outer loop
   vertex 0.00746576 0.0124004 0.00402808
   vertex 0.00819049 0.0124833 0.00323831
   vertex 0.00830446 0.0118192 0.00407904
  endloop
 endfacet
 facet normal -0.414485 -0.755738 -0.507013
  outer loop
   vertex 0.00651869 0.0130168 0.00388363
   vertex 0.00743121 0.0129994 0.00316349
   vertex 0.00746576 0.0124004 0.00402808
  endloop
 endfacet
 facet normal -0.355936 -0.784536 -0.507753
  outer loop
   vertex 0.00544388 0.0134308 0.00399732
   vertex 0.00597701 0.0137405 0.00314507
   vertex 0.00651869 0.0130168 0.00388363
  endloop
 endfacet
 facet normal -0.293701 -0.809785 -0.507925
  outer loop
   vertex 0.00443149 0.0137978 0.00399757
   vertex 0.00509675 0.0140667 0.00318429
   vertex 0.00544388 0.0134308 0.00399732
  endloop
 endfacet
 facet normal -0.229412 -0.830247 -0.507996
  outer loop
   vertex 0.00333348 0.0141728 0.00388066
   vertex 0.004208 0.0143811 0.00314517
   vertex 0.00443149 0.0137978 0.00399757
  endloop
 endfacet
 facet normal -0.165338 -0.845875 -0.507109
  outer loop
   vertex 0.00219859 0.0143149 0.00401355
   vertex 0.00260472 0.0147502 0.00315512
   vertex 0.00333348 0.0141728 0.00388066
  endloop
 endfacet
 facet normal -0.100099 -0.855867 -0.507417
  outer loop
   vertex 0.00115288 0.0144198 0.00404297
   vertex 0.00166679 0.0148514 0.00321352
   vertex 0.00219859 0.0143149 0.00401355
  endloop
 endfacet
 facet normal -0.0371388 -0.860874 -0.507461
  outer loop
   vertex 0.000103432 0.0144831 0.00401242
   vertex 0.000702236 0.0149287 0.00321265
   vertex 0.00115288 0.0144198 0.00404297
  endloop
 endfacet
 facet normal 0.0290338 -0.861269 -0.507318
  outer loop
   vertex -0.00104378 0.0145238 0.00387754
   vertex -0.000241524 0.0149779 0.00315261
   vertex 0.000103432 0.0144831 0.00401242
  endloop
 endfacet
 facet normal 0.0947715 -0.85625 -0.507794
  outer loop
   vertex -0.00218409 0.0143285 0.00399403
   vertex -0.00188438 0.0148676 0.00314105
   vertex -0.00104378 0.0145238 0.00387754
  endloop
 endfacet
 facet normal 0.161329 -0.846165 -0.507914
  outer loop
   vertex -0.00324106 0.0141274 0.00399338
   vertex -0.00280915 0.0146976 0.00318064
   vertex -0.00218409 0.0143285 0.00399403
  endloop
 endfacet
 facet normal 0.226889 -0.830965 -0.507955
  outer loop
   vertex -0.00437239 0.0138905 0.00387568
   vertex -0.00373152 0.014515 0.00314023
   vertex -0.00324106 0.0141274 0.00399338
  endloop
 endfacet
 facet normal 0.289411 -0.812053 -0.506766
  outer loop
   vertex -0.00540463 0.0134398 0.00400837
   vertex -0.00528975 0.0140173 0.00314848
   vertex -0.00437239 0.0138905 0.00387568
  endloop
 endfacet
 facet normal 0.349528 -0.787857 -0.507062
  outer loop
   vertex -0.00633792 0.0130071 0.00403736
   vertex -0.00612995 0.0136348 0.00320528
   vertex -0.00540463 0.0134398 0.00400837
  endloop
 endfacet
 facet normal 0.404772 -0.761039 -0.50693
  outer loop
   vertex -0.00724265 0.0125465 0.00400635
   vertex -0.00697542 0.0132243 0.00320221
   vertex -0.00633792 0.0130071 0.00403736
  endloop
 endfacet
 facet normal 0.459387 -0.729676 -0.506495
  outer loop
   vertex -0.00819497 0.0120385 0.00387454
   vertex -0.00778065 0.0128094 0.00313971
   vertex -0.00724265 0.0125465 0.00400635
  endloop
 endfacet
 facet normal 0.510116 -0.695456 -0.506086
  outer loop
   vertex -0.00899896 0.0113404 0.00402344
   vertex -0.00906516 0.0119298 0.00314673
   vertex -0.00819497 0.0120385 0.00387454
  endloop
 endfacet
 facet normal 0.601334 -0.618523 -0.505793
  outer loop
   vertex -0.0103838 0.00997693 0.00415682
   vertex -0.0104185 0.0107045 0.00322577
   vertex -0.00972525 0.0106789 0.0040813
  endloop
 endfacet
 facet normal 0.681858 -0.527759 -0.506499
  outer loop
   vertex -0.0117171 0.00844151 0.00408551
   vertex -0.0117899 0.00915823 0.00324074
   vertex -0.0110654 0.0092166 0.00415524
  endloop
 endfacet
 facet normal 0.717197 -0.477897 -0.50719
  outer loop
   vertex -0.0123191 0.00759339 0.00403336
   vertex -0.0123934 0.00833195 0.00323235
   vertex -0.0117171 0.00844151 0.00408551
  endloop
 endfacet
 facet normal 0.751452 -0.421418 -0.507668
  outer loop
   vertex -0.0129562 0.00662795 0.00389173
   vertex -0.0129349 0.0075373 0.00316837
   vertex -0.0123191 0.00759339 0.00403336
  endloop
 endfacet
 facet normal 0.807641 -0.299339 -0.508048
  outer loop
   vertex -0.0137458 0.00450526 0.00404389
   vertex -0.014038 0.00512927 0.00321162
   vertex -0.0133803 0.00553898 0.00401578
  endloop
 endfacet
 facet normal 0.82826 -0.234024 -0.509134
  outer loop
   vertex -0.0140824 0.00336581 0.00402006
   vertex -0.0143651 0.00415979 0.00319514
   vertex -0.0137458 0.00450526 0.00404389
  endloop
 endfacet
 facet normal -0.857283 -0.102216 -0.504596
  outer loop
   vertex 0.0150284 0.00224804 0.00277884
   vertex 0.0154964 0.00205653 0.00202256
   vertex 0.0152526 0.00141487 0.00256682
  endloop
 endfacet
 facet normal -0.838087 -0.199894 -0.507594
  outer loop
   vertex 0.0138435 0.00377838 0.00424373
   vertex 0.0143109 0.00325272 0.00367903
   vertex 0.0139984 0.00281995 0.00436548
  endloop
 endfacet
 facet normal -0.853981 -0.155368 -0.496565
  outer loop
   vertex 0.0145252 0.00233531 0.00361707
   vertex 0.0147664 0.00314106 0.00295008
   vertex 0.0150284 0.00224804 0.00277884
  endloop
 endfacet
 facet normal -0.862929 -0.0933173 -0.496634
  outer loop
   vertex 0.0152526 0.00141487 0.00256682
   vertex 0.0154964 0.00205653 0.00202256
   vertex 0.0156268 0.00129143 0.00193982
  endloop
 endfacet
 facet normal -0.83459 -0.242132 -0.494804
  outer loop
   vertex 0.0149881 0.00384586 0.0022974
   vertex 0.0143513 0.00412316 0.00323567
   vertex 0.0147036 0.00475892 0.00233036
  endloop
 endfacet
 facet normal -0.819796 -0.267073 -0.506563
  outer loop
   vertex 0.0147036 0.00475892 0.00233036
   vertex 0.0143513 0.00412316 0.00323567
   vertex 0.0141311 0.00510609 0.00307393
  endloop
 endfacet
 facet normal -0.836913 -0.206276 -0.506978
  outer loop
   vertex 0.0147664 0.00314106 0.00295008
   vertex 0.0143513 0.00412316 0.00323567
   vertex 0.0149881 0.00384586 0.0022974
  endloop
 endfacet
 facet normal -0.85746 -0.140049 -0.495125
  outer loop
   vertex 0.0150284 0.00224804 0.00277884
   vertex 0.0152721 0.00293042 0.00216384
   vertex 0.0154964 0.00205653 0.00202256
  endloop
 endfacet
 facet normal -0.849299 -0.152287 -0.50547
  outer loop
   vertex 0.0150284 0.00224804 0.00277884
   vertex 0.0147664 0.00314106 0.00295008
   vertex 0.0152721 0.00293042 0.00216384
  endloop
 endfacet
 facet normal 0.189596 -0.848308 -0.494395
  outer loop
   vertex -0.00324106 0.0141274 0.00399338
   vertex -0.00373152 0.014515 0.00314023
   vertex -0.00280915 0.0146976 0.00318064
  endloop
 endfacet
 facet normal -0.853796 -0.166058 -0.493414
  outer loop
   vertex 0.0139984 0.00281995 0.00436548
   vertex 0.0143109 0.00325272 0.00367903
   vertex 0.0145252 0.00233531 0.00361707
  endloop
 endfacet
 facet normal 0.849097 -0.170737 -0.499883
  outer loop
   vertex -0.0145403 0.00238271 0.00357802
   vertex -0.0140824 0.00336581 0.00402006
   vertex -0.0140952 0.00230555 0.00436037
  endloop
 endfacet
 facet normal -0.774197 -0.376886 -0.508504
  outer loop
   vertex 0.0127043 0.0067412 0.00418801
   vertex 0.0133003 0.0063832 0.00354603
   vertex 0.0131092 0.00578995 0.00427662
  endloop
 endfacet
 facet normal 0.853437 -0.15962 -0.496151
  outer loop
   vertex -0.0150006 0.0022974 0.00281377
   vertex -0.0146935 0.00320954 0.00304849
   vertex -0.0145403 0.00238271 0.00357802
  endloop
 endfacet
 facet normal -0.542643 -0.678909 -0.494591
  outer loop
   vertex 0.00909945 0.0112124 0.00408737
   vertex 0.00894542 0.011934 0.0032659
   vertex 0.00967611 0.0113585 0.0032541
  endloop
 endfacet
 facet normal -0.659818 -0.544313 -0.518038
  outer loop
   vertex 0.0107353 0.00978881 0.00393494
   vertex 0.0114706 0.00949646 0.00330551
   vertex 0.0116516 0.00868226 0.00393058
  endloop
 endfacet
 facet normal -0.499581 -0.711444 -0.494233
  outer loop
   vertex 0.00819049 0.0124833 0.00323831
   vertex 0.00894542 0.011934 0.0032659
   vertex 0.00830446 0.0118192 0.00407904
  endloop
 endfacet
 facet normal -0.454646 -0.740537 -0.494876
  outer loop
   vertex 0.00743121 0.0129994 0.00316349
   vertex 0.00819049 0.0124833 0.00323831
   vertex 0.00746576 0.0124004 0.00402808
  endloop
 endfacet
 facet normal -0.321282 -0.807637 -0.494469
  outer loop
   vertex 0.00509675 0.0140667 0.00318429
   vertex 0.00597701 0.0137405 0.00314507
   vertex 0.00544388 0.0134308 0.00399732
  endloop
 endfacet
 facet normal -0.270536 -0.826084 -0.494364
  outer loop
   vertex 0.004208 0.0143811 0.00314517
   vertex 0.00509675 0.0140667 0.00318429
   vertex 0.00443149 0.0137978 0.00399757
  endloop
 endfacet
 facet normal -0.12367 -0.860233 -0.494676
  outer loop
   vertex 0.00166679 0.0148514 0.00321352
   vertex 0.00260472 0.0147502 0.00315512
   vertex 0.00219859 0.0143149 0.00401355
  endloop
 endfacet
 facet normal -0.0689694 -0.86682 -0.493829
  outer loop
   vertex 0.000702236 0.0149287 0.00321265
   vertex 0.00166679 0.0148514 0.00321352
   vertex 0.00115288 0.0144198 0.00404297
  endloop
 endfacet
 facet normal -0.0138598 -0.869025 -0.494573
  outer loop
   vertex -0.000241524 0.0149779 0.00315261
   vertex 0.000702236 0.0149287 0.00321265
   vertex 0.000103432 0.0144831 0.00401242
  endloop
 endfacet
 facet normal 0.136594 -0.858402 -0.494458
  outer loop
   vertex -0.00280915 0.0146976 0.00318064
   vertex -0.00188438 0.0148676 0.00314105
   vertex -0.00218409 0.0143285 0.00399403
  endloop
 endfacet
 facet normal 0.332067 -0.802961 -0.49496
  outer loop
   vertex -0.00612995 0.0136348 0.00320528
   vertex -0.00528975 0.0140173 0.00314848
   vertex -0.00540463 0.0134398 0.00400837
  endloop
 endfacet
 facet normal 0.381197 -0.781311 -0.494208
  outer loop
   vertex -0.00697542 0.0132243 0.00320221
   vertex -0.00612995 0.0136348 0.00320528
   vertex -0.00633792 0.0130071 0.00403736
  endloop
 endfacet
 facet normal 0.428033 -0.756117 -0.495051
  outer loop
   vertex -0.00778065 0.0128094 0.00313971
   vertex -0.00697542 0.0132243 0.00320221
   vertex -0.00724265 0.0125465 0.00400635
  endloop
 endfacet
 facet normal 0.586481 -0.641534 -0.494444
  outer loop
   vertex -0.0104185 0.0107045 0.00322577
   vertex -0.00973124 0.0113416 0.00321436
   vertex -0.00972525 0.0106789 0.0040813
  endloop
 endfacet
 facet normal 0.558283 -0.657269 -0.506278
  outer loop
   vertex -0.00972525 0.0106789 0.0040813
   vertex -0.00973124 0.0113416 0.00321436
   vertex -0.00899896 0.0113404 0.00402344
  endloop
 endfacet
 facet normal 0.641619 -0.574122 -0.508634
  outer loop
   vertex -0.0110654 0.0092166 0.00415524
   vertex -0.0110101 0.00987511 0.00348169
   vertex -0.0103838 0.00997693 0.00415682
  endloop
 endfacet
 facet normal 0.704809 -0.509834 -0.493268
  outer loop
   vertex -0.0123934 0.00833195 0.00323235
   vertex -0.0117899 0.00915823 0.00324074
   vertex -0.0117171 0.00844151 0.00408551
  endloop
 endfacet
 facet normal 0.736368 -0.461986 -0.494298
  outer loop
   vertex -0.0129349 0.0075373 0.00316837
   vertex -0.0123934 0.00833195 0.00323235
   vertex -0.0123191 0.00759339 0.00403336
  endloop
 endfacet
 facet normal 0.806471 -0.324499 -0.494273
  outer loop
   vertex -0.014038 0.00512927 0.00321162
   vertex -0.0137009 0.00604796 0.00315849
   vertex -0.0133803 0.00553898 0.00401578
  endloop
 endfacet
 facet normal 0.781791 -0.3623 -0.507486
  outer loop
   vertex -0.0133803 0.00553898 0.00401578
   vertex -0.0137009 0.00604796 0.00315849
   vertex -0.0129562 0.00662795 0.00389173
  endloop
 endfacet
 facet normal 0.826782 -0.270553 -0.493187
  outer loop
   vertex -0.0143651 0.00415979 0.00319514
   vertex -0.014038 0.00512927 0.00321162
   vertex -0.0137458 0.00450526 0.00404389
  endloop
 endfacet
 facet normal 0.846471 -0.166951 -0.505583
  outer loop
   vertex -0.0145403 0.00238271 0.00357802
   vertex -0.0146935 0.00320954 0.00304849
   vertex -0.0140824 0.00336581 0.00402006
  endloop
 endfacet
 facet normal -0.85868 -0.0917719 -0.504229
  outer loop
   vertex 0.015965 0.00159282 0.00130897
   vertex 0.0156268 0.00129143 0.00193982
   vertex 0.0154964 0.00205653 0.00202256
  endloop
 endfacet
 facet normal -0.82454 -0.257948 -0.503584
  outer loop
   vertex 0.0136247 0.00479041 0.00408356
   vertex 0.0143513 0.00412316 0.00323567
   vertex 0.0138435 0.00377838 0.00424373
  endloop
 endfacet
 facet normal 0.841942 -0.214549 -0.495078
  outer loop
   vertex -0.0146935 0.00320954 0.00304849
   vertex -0.0143651 0.00415979 0.00319514
   vertex -0.0140824 0.00336581 0.00402006
  endloop
 endfacet
 facet normal 0.238559 -0.832875 -0.499408
  outer loop
   vertex -0.00437239 0.0138905 0.00387568
   vertex -0.00455178 0.0143795 0.00297439
   vertex -0.00373152 0.014515 0.00314023
  endloop
 endfacet
 facet normal -0.615734 -0.605686 -0.504001
  outer loop
   vertex 0.0107353 0.00978881 0.00393494
   vertex 0.0103682 0.0107831 0.0031885
   vertex 0.0110045 0.0103066 0.00298376
  endloop
 endfacet
 facet normal -0.788093 -0.363891 -0.49648
  outer loop
   vertex 0.0138844 0.0059807 0.00291386
   vertex 0.0133003 0.0063832 0.00354603
   vertex 0.0135887 0.00672222 0.00283966
  endloop
 endfacet
 facet normal -0.667419 -0.554691 -0.49686
  outer loop
   vertex 0.0119445 0.00951938 0.00264335
   vertex 0.0114706 0.00949646 0.00330551
   vertex 0.0115386 0.00999204 0.00266097
  endloop
 endfacet
 facet normal -0.683524 -0.533953 -0.497683
  outer loop
   vertex 0.0114706 0.00949646 0.00330551
   vertex 0.0121749 0.00891821 0.00295874
   vertex 0.0116516 0.00868226 0.00393058
  endloop
 endfacet
 facet normal -0.788485 -0.351273 -0.504876
  outer loop
   vertex 0.0138844 0.0059807 0.00291386
   vertex 0.0136169 0.00559319 0.00360113
   vertex 0.0133003 0.0063832 0.00354603
  endloop
 endfacet
 facet normal -0.794414 -0.352914 -0.494326
  outer loop
   vertex 0.0133003 0.0063832 0.00354603
   vertex 0.0136169 0.00559319 0.00360113
   vertex 0.0131092 0.00578995 0.00427662
  endloop
 endfacet
 facet normal -0.808776 -0.318595 -0.494346
  outer loop
   vertex 0.0141311 0.00510609 0.00307393
   vertex 0.0136169 0.00559319 0.00360113
   vertex 0.0138844 0.0059807 0.00291386
  endloop
 endfacet
 facet normal 0.546207 -0.675471 -0.495375
  outer loop
   vertex -0.00973124 0.0113416 0.00321436
   vertex -0.00906516 0.0119298 0.00314673
   vertex -0.00899896 0.0113404 0.00402344
  endloop
 endfacet
 facet normal 0.647027 -0.57893 -0.496182
  outer loop
   vertex -0.0110781 0.0103779 0.00280636
   vertex -0.0110101 0.00987511 0.00348169
   vertex -0.0115355 0.0098589 0.00281544
  endloop
 endfacet
 facet normal 0.782023 -0.371819 -0.500191
  outer loop
   vertex -0.0137009 0.00604796 0.00315849
   vertex -0.0134274 0.00684986 0.00299011
   vertex -0.0129562 0.00662795 0.00389173
  endloop
 endfacet
 facet normal -0.743183 -0.449955 -0.495196
  outer loop
   vertex 0.01225 0.00766725 0.00406753
   vertex 0.0125448 0.00817614 0.00316274
   vertex 0.0130215 0.00731974 0.00322542
  endloop
 endfacet
 facet normal -0.772254 -0.399085 -0.494322
  outer loop
   vertex 0.0130215 0.00731974 0.00322542
   vertex 0.0133003 0.0063832 0.00354603
   vertex 0.0127043 0.0067412 0.00418801
  endloop
 endfacet
 facet normal -0.800559 -0.314375 -0.51017
  outer loop
   vertex 0.0136169 0.00559319 0.00360113
   vertex 0.0136247 0.00479041 0.00408356
   vertex 0.0131092 0.00578995 0.00427662
  endloop
 endfacet
 facet normal 0.760344 -0.415151 -0.499527
  outer loop
   vertex -0.0134274 0.00684986 0.00299011
   vertex -0.0129349 0.0075373 0.00316837
   vertex -0.0129562 0.00662795 0.00389173
  endloop
 endfacet
 facet normal -0.711379 -0.487692 -0.50606
  outer loop
   vertex 0.0116516 0.00868226 0.00393058
   vertex 0.0125448 0.00817614 0.00316274
   vertex 0.01225 0.00766725 0.00406753
  endloop
 endfacet
 facet normal 0.0377749 -0.865156 -0.500079
  outer loop
   vertex -0.00104378 0.0145238 0.00387754
   vertex -0.00106979 0.0150436 0.0029763
   vertex -0.000241524 0.0149779 0.00315261
  endloop
 endfacet
 facet normal 0.468879 -0.728313 -0.499713
  outer loop
   vertex -0.00819497 0.0120385 0.00387454
   vertex -0.00849705 0.0124668 0.00296676
   vertex -0.00778065 0.0128094 0.00313971
  endloop
 endfacet
 facet normal -0.652513 -0.572566 -0.496382
  outer loop
   vertex 0.0110045 0.0103066 0.00298376
   vertex 0.0114706 0.00949646 0.00330551
   vertex 0.0107353 0.00978881 0.00393494
  endloop
 endfacet
 facet normal -0.367111 -0.784605 -0.499624
  outer loop
   vertex 0.00597701 0.0137405 0.00314507
   vertex 0.00676291 0.0134765 0.00298213
   vertex 0.00651869 0.0130168 0.00388363
  endloop
 endfacet
 facet normal -0.173972 -0.848201 -0.500288
  outer loop
   vertex 0.00260472 0.0147502 0.00315512
   vertex 0.00343109 0.014684 0.00298003
   vertex 0.00333348 0.0141728 0.00388066
  endloop
 endfacet
 facet normal 0.0852693 -0.862024 -0.499643
  outer loop
   vertex -0.00188438 0.0148676 0.00314105
   vertex -0.00106979 0.0150436 0.0029763
   vertex -0.00104378 0.0145238 0.00387754
  endloop
 endfacet
 facet normal 0.283477 -0.81811 -0.500337
  outer loop
   vertex -0.00528975 0.0140173 0.00314848
   vertex -0.00455178 0.0143795 0.00297439
   vertex -0.00437239 0.0138905 0.00387568
  endloop
 endfacet
 facet normal 0.50597 -0.702826 -0.500029
  outer loop
   vertex -0.00906516 0.0119298 0.00314673
   vertex -0.00849705 0.0124668 0.00296676
   vertex -0.00819497 0.0120385 0.00387454
  endloop
 endfacet
 facet normal 0.66662 -0.559612 -0.492394
  outer loop
   vertex -0.0110654 0.0092166 0.00415524
   vertex -0.0117899 0.00915823 0.00324074
   vertex -0.0110101 0.00987511 0.00348169
  endloop
 endfacet
 facet normal -0.220408 -0.837842 -0.499441
  outer loop
   vertex 0.00333348 0.0141728 0.00388066
   vertex 0.00343109 0.014684 0.00298003
   vertex 0.004208 0.0143811 0.00314517
  endloop
 endfacet
 facet normal 0.629166 -0.600879 -0.493045
  outer loop
   vertex -0.0110101 0.00987511 0.00348169
   vertex -0.0104185 0.0107045 0.00322577
   vertex -0.0103838 0.00997693 0.00415682
  endloop
 endfacet
 facet normal -0.841021 -0.214028 -0.496866
  outer loop
   vertex 0.0143513 0.00412316 0.00323567
   vertex 0.0143109 0.00325272 0.00367903
   vertex 0.0138435 0.00377838 0.00424373
  endloop
 endfacet
 facet normal -0.409173 -0.763201 -0.500102
  outer loop
   vertex 0.00651869 0.0130168 0.00388363
   vertex 0.00676291 0.0134765 0.00298213
   vertex 0.00743121 0.0129994 0.00316349
  endloop
 endfacet
 facet normal -0.764927 -0.400403 -0.504544
  outer loop
   vertex 0.0135887 0.00672222 0.00283966
   vertex 0.0133003 0.0063832 0.00354603
   vertex 0.0130215 0.00731974 0.00322542
  endloop
 endfacet
 facet normal -0.80774 -0.309421 -0.501812
  outer loop
   vertex 0.0141311 0.00510609 0.00307393
   vertex 0.0136247 0.00479041 0.00408356
   vertex 0.0136169 0.00559319 0.00360113
  endloop
 endfacet
 facet normal -0.847679 -0.163876 -0.504564
  outer loop
   vertex 0.0143109 0.00325272 0.00367903
   vertex 0.0147664 0.00314106 0.00295008
   vertex 0.0145252 0.00233531 0.00361707
  endloop
 endfacet
 facet normal -0.582316 -0.643799 -0.496418
  outer loop
   vertex 0.00988524 0.0105531 0.0040534
   vertex 0.00967611 0.0113585 0.0032541
   vertex 0.0103682 0.0107831 0.0031885
  endloop
 endfacet
 facet normal -0.825472 -0.266836 -0.497389
  outer loop
   vertex 0.0141311 0.00510609 0.00307393
   vertex 0.0143513 0.00412316 0.00323567
   vertex 0.0136247 0.00479041 0.00408356
  endloop
 endfacet
 facet normal -0.842979 -0.212564 -0.494169
  outer loop
   vertex 0.0143109 0.00325272 0.00367903
   vertex 0.0143513 0.00412316 0.00323567
   vertex 0.0147664 0.00314106 0.00295008
  endloop
 endfacet
 facet normal -0.682296 -0.527139 -0.506553
  outer loop
   vertex 0.0119445 0.00951938 0.00264335
   vertex 0.0121749 0.00891821 0.00295874
   vertex 0.0114706 0.00949646 0.00330551
  endloop
 endfacet
 facet normal -0.643958 -0.572197 -0.507847
  outer loop
   vertex 0.0114706 0.00949646 0.00330551
   vertex 0.0110045 0.0103066 0.00298376
   vertex 0.0115386 0.00999204 0.00266097
  endloop
 endfacet
 facet normal 0.619419 -0.598543 -0.508003
  outer loop
   vertex -0.0110101 0.00987511 0.00348169
   vertex -0.0110781 0.0103779 0.00280636
   vertex -0.0104185 0.0107045 0.00322577
  endloop
 endfacet
 facet normal 0.662482 -0.549499 -0.509086
  outer loop
   vertex -0.0117899 0.00915823 0.00324074
   vertex -0.0115355 0.0098589 0.00281544
   vertex -0.0110101 0.00987511 0.00348169
  endloop
 endfacet
endsolid PART0000
