solid PART0000
 facet normal 0 0 1
  outer loop
   vertex 0.000811198 0.00479527 0
   vertex 0.00046516 0.00381232 0
   vertex 0.00132963 0.00389519 0
  endloop
 endfacet
 facet normal 0 0 1
  outer loop
   vertex -0.00110755 -0.00156511 0
   vertex -0.0018979 -0.00114613 0
   vertex -0.00214806 -0.00219848 0
  endloop
 endfacet
 facet normal 0 0 1
  outer loop
   vertex -0.00102624 -0.00270389 0
   vertex -0.00110755 -0.00156511 0
   vertex -0.00214806 -0.00219848 0
  endloop
 endfacet
 facet normal 0 0 1
  outer loop
   vertex 0.0026699 -0.00197634 0
   vertex 0.00184359 -0.00277763 0
   vertex 0.00292785 -0.00297433 0
  endloop
 endfacet
 facet normal 0 0 1
  outer loop
   vertex 0.00280987 0.00203484 0
   vertex 0.00166892 0.00185683 0
   vertex 0.00230922 0.000581486 0
  endloop
 endfacet
 facet normal 0 0 1
  outer loop
   vertex -0.00217345 -0.000251812 0
   vertex -0.00314487 -0.000214209 0
   vertex -0.00281408 -0.00119243 0
  endloop
 endfacet
 facet normal 0 0 1
  outer loop
   vertex -0.0018979 -0.00114613 0
   vertex -0.00217345 -0.000251812 0
   vertex -0.00281408 -0.00119243 0
  endloop
 endfacet
 facet normal 0 0 1
  outer loop
   vertex 0.00184359 -0.00277763 0
   vertex 0.00164522 -0.00156719 0
   vertex 0.000811668 -0.00231704 0
  endloop
 endfacet
 facet normal 0 0 1
  outer loop
   vertex -2.31004e-05 -0.00309878 0
   vertex -0.00102624 -0.00270389 0
   vertex -0.000815789 -0.00403292 0
  endloop
 endfacet
 facet normal 0 0 1
  outer loop
   vertex 0.00280987 0.00203484 0
   vertex 0.00230922 0.000581486 0
   vertex 0.00341388 0.000895647 0
  endloop
 endfacet
 facet normal 0 -0 1
  outer loop
   vertex -0.00214806 -0.00219848 0
   vertex -0.0018979 -0.00114613 0
   vertex -0.00281408 -0.00119243 0
  endloop
 endfacet
 facet normal 0 0 1
  outer loop
   vertex 0.00341388 0.000895647 0
   vertex 0.00230922 0.000581486 0
   vertex 0.00341078 -0.000250836 0
  endloop
 endfacet
 facet normal 0 0 1
  outer loop
   vertex 0.00280987 0.00203484 0
   vertex 0.00341388 0.000895647 0
   vertex 0.0039303 0.00183727 0
  endloop
 endfacet
 facet normal 0 0 1
  outer loop
   vertex -0.000815789 -0.00403292 0
   vertex -0.00102624 -0.00270389 0
   vertex -0.00185621 -0.00344343 0
  endloop
 endfacet
 facet normal 0 0 1
  outer loop
   vertex 0.0167761 0.000896812 0
   vertex 0.0159373 0.00047118 0
   vertex 0.0168 0 0
  endloop
 endfacet
 facet normal 0 0 1
  outer loop
   vertex 0.0166985 0.00184354 0
   vertex 0.0158839 0.00137387 0
   vertex 0.0167761 0.000896812 0
  endloop
 endfacet
 facet normal 0 0 1
  outer loop
   vertex 0.0158839 0.00137387 0
   vertex 0.0159373 0.00047118 0
   vertex 0.0167761 0.000896812 0
  endloop
 endfacet
 facet normal 0 0 1
  outer loop
   vertex 0.0165588 0.0028364 0
   vertex 0.0157846 0.00229573 0
   vertex 0.0166985 0.00184354 0
  endloop
 endfacet
 facet normal 0 0 1
  outer loop
   vertex 0.0157846 0.00229573 0
   vertex 0.0158839 0.00137387 0
   vertex 0.0166985 0.00184354 0
  endloop
 endfacet
 facet normal 0 0 1
  outer loop
   vertex 0.0163601 0.00381916 0
   vertex 0.0156021 0.00322447 0
   vertex 0.0165588 0.0028364 0
  endloop
 endfacet
 facet normal 0 0 1
  outer loop
   vertex 0.0156021 0.00322447 0
   vertex 0.0157846 0.00229573 0
   vertex 0.0165588 0.0028364 0
  endloop
 endfacet
 facet normal 0 0 1
  outer loop
   vertex 0.0161032 0.00478832 0
   vertex 0.0153509 0.0041374 0
   vertex 0.0163601 0.00381916 0
  endloop
 endfacet
 facet normal 0 0 1
  outer loop
   vertex 0.0153509 0.0041374 0
   vertex 0.0156021 0.00322447 0
   vertex 0.0163601 0.00381916 0
  endloop
 endfacet
 facet normal 0 0 1
  outer loop
   vertex 0.0157888 0.00574043 0
   vertex 0.0150533 0.00505045 0
   vertex 0.0161032 0.00478832 0
  endloop
 endfacet
 facet normal 0 0 1
  outer loop
   vertex 0.0150533 0.00505045 0
   vertex 0.0153509 0.0041374 0
   vertex 0.0161032 0.00478832 0
  endloop
 endfacet
 facet normal 0 0 1
  outer loop
   vertex 0.0154183 0.00667208 0
   vertex 0.0147115 0.00595751 0
   vertex 0.0157888 0.00574043 0
  endloop
 endfacet
 facet normal 0 0 1
  outer loop
   vertex 0.0147115 0.00595751 0
   vertex 0.0150533 0.00505045 0
   vertex 0.0157888 0.00574043 0
  endloop
 endfacet
 facet normal 0 0 1
  outer loop
   vertex 0.0149928 0.00757998 0
   vertex 0.0143215 0.00685496 0
   vertex 0.0154183 0.00667208 0
  endloop
 endfacet
 facet normal 0 0 1
  outer loop
   vertex 0.0143215 0.00685496 0
   vertex 0.0147115 0.00595751 0
   vertex 0.0154183 0.00667208 0
  endloop
 endfacet
 facet normal 0 0 1
  outer loop
   vertex 0.0145139 0.00846087 0
   vertex 0.0138778 0.00775668 0
   vertex 0.0149928 0.00757998 0
  endloop
 endfacet
 facet normal 0 0 1
  outer loop
   vertex 0.0138778 0.00775668 0
   vertex 0.0143215 0.00685496 0
   vertex 0.0149928 0.00757998 0
  endloop
 endfacet
 facet normal 0 0 1
  outer loop
   vertex 0.0140705 0.00917943 0
   vertex 0.0133708 0.00874743 0
   vertex 0.0145139 0.00846087 0
  endloop
 endfacet
 facet normal 0 0 1
  outer loop
   vertex 0.0133708 0.00874743 0
   vertex 0.0138778 0.00775668 0
   vertex 0.0145139 0.00846087 0
  endloop
 endfacet
 facet normal 0 0 1
  outer loop
   vertex 0.0135604 0.00991744 0
   vertex 0.0133708 0.00874743 0
   vertex 0.0140705 0.00917943 0
  endloop
 endfacet
 facet normal 0 0 1
  outer loop
   vertex 0.013045 0.0105863 0
   vertex 0.0127254 0.00962952 0
   vertex 0.0135604 0.00991744 0
  endloop
 endfacet
 facet normal 0 0 1
  outer loop
   vertex 0.0124966 0.0112283 0
   vertex 0.0121736 0.0103148 0
   vertex 0.013045 0.0105863 0
  endloop
 endfacet
 facet normal -0 0 1
  outer loop
   vertex 0.0121736 0.0103148 0
   vertex 0.0127254 0.00962952 0
   vertex 0.013045 0.0105863 0
  endloop
 endfacet
 facet normal 0 0 1
  outer loop
   vertex 0.0119538 0.0118045 0
   vertex 0.0116033 0.0109479 0
   vertex 0.0124966 0.0112283 0
  endloop
 endfacet
 facet normal -0 0 1
  outer loop
   vertex 0.0116033 0.0109479 0
   vertex 0.0121736 0.0103148 0
   vertex 0.0124966 0.0112283 0
  endloop
 endfacet
 facet normal 0 0 1
  outer loop
   vertex 0.0113066 0.0124258 0
   vertex 0.0109972 0.0115596 0
   vertex 0.0119538 0.0118045 0
  endloop
 endfacet
 facet normal -0 0 1
  outer loop
   vertex 0.0109972 0.0115596 0
   vertex 0.0116033 0.0109479 0
   vertex 0.0119538 0.0118045 0
  endloop
 endfacet
 facet normal 0 0 1
  outer loop
   vertex 0.0106272 0.0130117 0
   vertex 0.0103591 0.0121112 0
   vertex 0.0113066 0.0124258 0
  endloop
 endfacet
 facet normal -0 0 1
  outer loop
   vertex 0.0103591 0.0121112 0
   vertex 0.0109972 0.0115596 0
   vertex 0.0113066 0.0124258 0
  endloop
 endfacet
 facet normal 0 0 1
  outer loop
   vertex 0.0100024 0.0134978 0
   vertex 0.00969006 0.0126424 0
   vertex 0.0106272 0.0130117 0
  endloop
 endfacet
 facet normal -0 0 1
  outer loop
   vertex 0.00969006 0.0126424 0
   vertex 0.0103591 0.0121112 0
   vertex 0.0106272 0.0130117 0
  endloop
 endfacet
 facet normal 0 0 1
  outer loop
   vertex 0.00931163 0.0139833 0
   vertex 0.00899396 0.01314 0
   vertex 0.0100024 0.0134978 0
  endloop
 endfacet
 facet normal -0 0 1
  outer loop
   vertex 0.00899396 0.01314 0
   vertex 0.00969006 0.0126424 0
   vertex 0.0100024 0.0134978 0
  endloop
 endfacet
 facet normal 0 0 1
  outer loop
   vertex 0.00846087 0.0145139 0
   vertex 0.00820105 0.0136394 0
   vertex 0.00931163 0.0139833 0
  endloop
 endfacet
 facet normal -0 0 1
  outer loop
   vertex 0.00820105 0.0136394 0
   vertex 0.00899396 0.01314 0
   vertex 0.00931163 0.0139833 0
  endloop
 endfacet
 facet normal 0 0 1
  outer loop
   vertex 0.00757998 0.0149928 0
   vertex 0.00732157 0.0141297 0
   vertex 0.00846087 0.0145139 0
  endloop
 endfacet
 facet normal -0 0 1
  outer loop
   vertex 0.00732157 0.0141297 0
   vertex 0.00820105 0.0136394 0
   vertex 0.00846087 0.0145139 0
  endloop
 endfacet
 facet normal 0 0 1
  outer loop
   vertex 0.00667208 0.0154183 0
   vertex 0.00625979 0.0146705 0
   vertex 0.00757998 0.0149928 0
  endloop
 endfacet
 facet normal -0 0 1
  outer loop
   vertex 0.00625979 0.0146705 0
   vertex 0.00732157 0.0141297 0
   vertex 0.00757998 0.0149928 0
  endloop
 endfacet
 facet normal 0 0 1
  outer loop
   vertex 0.00574043 0.0157888 0
   vertex 0.00625979 0.0146705 0
   vertex 0.00667208 0.0154183 0
  endloop
 endfacet
 facet normal 0 0 1
  outer loop
   vertex 0.00478832 0.0161032 0
   vertex 0.00510389 0.0150426 0
   vertex 0.00574043 0.0157888 0
  endloop
 endfacet
 facet normal 0 0 1
  outer loop
   vertex 0.00381916 0.0163601 0
   vertex 0.00410906 0.0153171 0
   vertex 0.00478832 0.0161032 0
  endloop
 endfacet
 facet normal -0 0 1
  outer loop
   vertex 0.00410906 0.0153171 0
   vertex 0.00510389 0.0150426 0
   vertex 0.00478832 0.0161032 0
  endloop
 endfacet
 facet normal 0 0 1
  outer loop
   vertex 0.0028364 0.0165588 0
   vertex 0.00313694 0.0155282 0
   vertex 0.00381916 0.0163601 0
  endloop
 endfacet
 facet normal -0 0 1
  outer loop
   vertex 0.00313694 0.0155282 0
   vertex 0.00410906 0.0153171 0
   vertex 0.00381916 0.0163601 0
  endloop
 endfacet
 facet normal 0 0 1
  outer loop
   vertex 0.00184354 0.0166985 0
   vertex 0.00216369 0.0156828 0
   vertex 0.0028364 0.0165588 0
  endloop
 endfacet
 facet normal -0 0 1
  outer loop
   vertex 0.00216369 0.0156828 0
   vertex 0.00313694 0.0155282 0
   vertex 0.0028364 0.0165588 0
  endloop
 endfacet
 facet normal 0 0 1
  outer loop
   vertex 0.000844105 0.0167788 0
   vertex 0.00118404 0.0157819 0
   vertex 0.00184354 0.0166985 0
  endloop
 endfacet
 facet normal -0 0 1
  outer loop
   vertex 0.00118404 0.0157819 0
   vertex 0.00216369 0.0156828 0
   vertex 0.00184354 0.0166985 0
  endloop
 endfacet
 facet normal 0 0 1
  outer loop
   vertex -0.000158334 0.0167992 0
   vertex 0.00019569 0.0158276 0
   vertex 0.000844105 0.0167788 0
  endloop
 endfacet
 facet normal -0 0 1
  outer loop
   vertex 0.00019569 0.0158276 0
   vertex 0.00118404 0.0157819 0
   vertex 0.000844105 0.0167788 0
  endloop
 endfacet
 facet normal -0 0 1
  outer loop
   vertex -0.00116021 0.0167599 0
   vertex -0.000805039 0.0158225 0
   vertex -0.000158334 0.0167992 0
  endloop
 endfacet
 facet normal 0 0 1
  outer loop
   vertex -0.000805039 0.0158225 0
   vertex 0.00019569 0.0158276 0
   vertex -0.000158334 0.0167992 0
  endloop
 endfacet
 facet normal -0 0 1
  outer loop
   vertex -0.00215795 0.0166608 0
   vertex -0.00183782 0.0157705 0
   vertex -0.00116021 0.0167599 0
  endloop
 endfacet
 facet normal 0 0 1
  outer loop
   vertex -0.00183782 0.0157705 0
   vertex -0.000805039 0.0158225 0
   vertex -0.00116021 0.0167599 0
  endloop
 endfacet
 facet normal -0 0 1
  outer loop
   vertex -0.00314801 0.0165024 0
   vertex -0.00303927 0.0156545 0
   vertex -0.00215795 0.0166608 0
  endloop
 endfacet
 facet normal 0 0 1
  outer loop
   vertex -0.00303927 0.0156545 0
   vertex -0.00183782 0.0157705 0
   vertex -0.00215795 0.0166608 0
  endloop
 endfacet
 facet normal -0 0 1
  outer loop
   vertex -0.00412685 0.0162852 0
   vertex -0.00303927 0.0156545 0
   vertex -0.00314801 0.0165024 0
  endloop
 endfacet
 facet normal -0 0 1
  outer loop
   vertex -0.00509099 0.01601 0
   vertex -0.00421144 0.01532 0
   vertex -0.00412685 0.0162852 0
  endloop
 endfacet
 facet normal -0 0 1
  outer loop
   vertex -0.006037 0.0156778 0
   vertex -0.00518546 0.0149837 0
   vertex -0.00509099 0.01601 0
  endloop
 endfacet
 facet normal 0 0 1
  outer loop
   vertex -0.00518546 0.0149837 0
   vertex -0.00421144 0.01532 0
   vertex -0.00509099 0.01601 0
  endloop
 endfacet
 facet normal -0 0 1
  outer loop
   vertex -0.00696151 0.0152898 0
   vertex -0.00610281 0.0146175 0
   vertex -0.006037 0.0156778 0
  endloop
 endfacet
 facet normal 0 0 1
  outer loop
   vertex -0.00610281 0.0146175 0
   vertex -0.00518546 0.0149837 0
   vertex -0.006037 0.0156778 0
  endloop
 endfacet
 facet normal -0 0 1
  outer loop
   vertex -0.00786122 0.0148473 0
   vertex -0.00699217 0.014206 0
   vertex -0.00696151 0.0152898 0
  endloop
 endfacet
 facet normal 0 0 1
  outer loop
   vertex -0.00699217 0.014206 0
   vertex -0.00610281 0.0146175 0
   vertex -0.00696151 0.0152898 0
  endloop
 endfacet
 facet normal -0 0 1
  outer loop
   vertex -0.00873293 0.0143519 0
   vertex -0.00785121 0.0137498 0
   vertex -0.00786122 0.0148473 0
  endloop
 endfacet
 facet normal 0 -0 1
  outer loop
   vertex -0.00785121 0.0137498 0
   vertex -0.00699217 0.014206 0
   vertex -0.00786122 0.0148473 0
  endloop
 endfacet
 facet normal -0 0 1
  outer loop
   vertex -0.00957354 0.0138053 0
   vertex -0.00868152 0.0132482 0
   vertex -0.00873293 0.0143519 0
  endloop
 endfacet
 facet normal 0 -0 1
  outer loop
   vertex -0.00868152 0.0132482 0
   vertex -0.00785121 0.0137498 0
   vertex -0.00873293 0.0143519 0
  endloop
 endfacet
 facet normal -0 0 1
  outer loop
   vertex -0.01038 0.0132097 0
   vertex -0.00948227 0.0127143 0
   vertex -0.00957354 0.0138053 0
  endloop
 endfacet
 facet normal 0 -0 1
  outer loop
   vertex -0.00948227 0.0127143 0
   vertex -0.00868152 0.0132482 0
   vertex -0.00957354 0.0138053 0
  endloop
 endfacet
 facet normal -0 0 1
  outer loop
   vertex -0.0110306 0.0126714 0
   vertex -0.0102196 0.0121745 0
   vertex -0.01038 0.0132097 0
  endloop
 endfacet
 facet normal 0 -0 1
  outer loop
   vertex -0.0102196 0.0121745 0
   vertex -0.00948227 0.0127143 0
   vertex -0.01038 0.0132097 0
  endloop
 endfacet
 facet normal -0 0 1
  outer loop
   vertex -0.0116913 0.0120645 0
   vertex -0.0109486 0.0115432 0
   vertex -0.0110306 0.0126714 0
  endloop
 endfacet
 facet normal 0 -0 1
  outer loop
   vertex -0.0109486 0.0115432 0
   vertex -0.0102196 0.0121745 0
   vertex -0.0110306 0.0126714 0
  endloop
 endfacet
 facet normal -0 0 1
  outer loop
   vertex -0.0122467 0.0115004 0
   vertex -0.0117335 0.0108677 0
   vertex -0.0116913 0.0120645 0
  endloop
 endfacet
 facet normal 0 0 1
  outer loop
   vertex -0.0117335 0.0108677 0
   vertex -0.0109486 0.0115432 0
   vertex -0.0116913 0.0120645 0
  endloop
 endfacet
 facet normal 0 0 1
  outer loop
   vertex -0.0128771 0.0107898 0
   vertex -0.0117335 0.0108677 0
   vertex -0.0122467 0.0115004 0
  endloop
 endfacet
 facet normal -0 0 1
  outer loop
   vertex -0.0133711 0.0101713 0
   vertex -0.0124267 0.0100011 0
   vertex -0.0128771 0.0107898 0
  endloop
 endfacet
 facet normal -0 0 1
  outer loop
   vertex -0.013954 0.00935551 0
   vertex -0.0129793 0.0092221 0
   vertex -0.0133711 0.0101713 0
  endloop
 endfacet
 facet normal 0 -0 1
  outer loop
   vertex -0.0129793 0.0092221 0
   vertex -0.0124267 0.0100011 0
   vertex -0.0133711 0.0101713 0
  endloop
 endfacet
 facet normal -0 0 1
  outer loop
   vertex -0.0144873 0.00850642 0
   vertex -0.013506 0.00840443 0
   vertex -0.013954 0.00935551 0
  endloop
 endfacet
 facet normal 0 -0 1
  outer loop
   vertex -0.013506 0.00840443 0
   vertex -0.0129793 0.0092221 0
   vertex -0.013954 0.00935551 0
  endloop
 endfacet
 facet normal -0 0 1
  outer loop
   vertex -0.0149689 0.00762704 0
   vertex -0.0139897 0.00756112 0
   vertex -0.0144873 0.00850642 0
  endloop
 endfacet
 facet normal 0 -0 1
  outer loop
   vertex -0.0139897 0.00756112 0
   vertex -0.013506 0.00840443 0
   vertex -0.0144873 0.00850642 0
  endloop
 endfacet
 facet normal -0 0 1
  outer loop
   vertex -0.0153972 0.00672049 0
   vertex -0.0144194 0.00669043 0
   vertex -0.0149689 0.00762704 0
  endloop
 endfacet
 facet normal 0 -0 1
  outer loop
   vertex -0.0144194 0.00669043 0
   vertex -0.0139897 0.00756112 0
   vertex -0.0149689 0.00762704 0
  endloop
 endfacet
 facet normal 0 0 1
  outer loop
   vertex -0.0157707 0.00579 0
   vertex -0.0147953 0.00579075 0
   vertex -0.0153972 0.00672049 0
  endloop
 endfacet
 facet normal 0 -0 1
  outer loop
   vertex -0.0147953 0.00579075 0
   vertex -0.0144194 0.00669043 0
   vertex -0.0153972 0.00672049 0
  endloop
 endfacet
 facet normal 0 0 1
  outer loop
   vertex -0.016088 0.00483889 0
   vertex -0.0151233 0.00485668 0
   vertex -0.0157707 0.00579 0
  endloop
 endfacet
 facet normal 0 -0 1
  outer loop
   vertex -0.0151233 0.00485668 0
   vertex -0.0147953 0.00579075 0
   vertex -0.0157707 0.00579 0
  endloop
 endfacet
 facet normal -0 0 1
  outer loop
   vertex -0.016348 0.00387054 0
   vertex -0.0154112 0.00386629 0
   vertex -0.016088 0.00483889 0
  endloop
 endfacet
 facet normal 0 -0 1
  outer loop
   vertex -0.0154112 0.00386629 0
   vertex -0.0151233 0.00485668 0
   vertex -0.016088 0.00483889 0
  endloop
 endfacet
 facet normal -0 0 1
  outer loop
   vertex -0.0165498 0.00288841 0
   vertex -0.0157086 0.0027014 0
   vertex -0.016348 0.00387054 0
  endloop
 endfacet
 facet normal 0 -0 1
  outer loop
   vertex -0.0157086 0.0027014 0
   vertex -0.0154112 0.00386629 0
   vertex -0.016348 0.00387054 0
  endloop
 endfacet
 facet normal 0 0 1
  outer loop
   vertex -0.0166927 0.00189599 0
   vertex -0.0157086 0.0027014 0
   vertex -0.0165498 0.00288841 0
  endloop
 endfacet
 facet normal 0 0 1
  outer loop
   vertex -0.0167761 0.000896812 0
   vertex -0.0158248 0.00149516 0
   vertex -0.0166927 0.00189599 0
  endloop
 endfacet
 facet normal 0 0 1
  outer loop
   vertex -0.0168 0 0
   vertex -0.015907 0.000492514 0
   vertex -0.0167761 0.000896812 0
  endloop
 endfacet
 facet normal 0 -0 1
  outer loop
   vertex -0.015907 0.000492514 0
   vertex -0.0158248 0.00149516 0
   vertex -0.0167761 0.000896812 0
  endloop
 endfacet
 facet normal 0 -0 1
  outer loop
   vertex -0.0167788 -0.000844105 0
   vertex -0.0159108 -0.000372388 0
   vertex -0.0168 0 0
  endloop
 endfacet
 facet normal 0 -0 1
  outer loop
   vertex -0.0159108 -0.000372388 0
   vertex -0.015907 0.000492514 0
   vertex -0.0168 0 0
  endloop
 endfacet
 facet normal 0 -0 1
  outer loop
   vertex -0.0167043 -0.00179107 0
   vertex -0.0158313 -0.00129552 0
   vertex -0.0167788 -0.000844105 0
  endloop
 endfacet
 facet normal 0 0 1
  outer loop
   vertex -0.0158313 -0.00129552 0
   vertex -0.0159108 -0.000372388 0
   vertex -0.0167788 -0.000844105 0
  endloop
 endfacet
 facet normal 0 -0 1
  outer loop
   vertex -0.0165677 -0.00278437 0
   vertex -0.0157071 -0.00224039 0
   vertex -0.0167043 -0.00179107 0
  endloop
 endfacet
 facet normal 0 0 1
  outer loop
   vertex -0.0157071 -0.00224039 0
   vertex -0.0158313 -0.00129552 0
   vertex -0.0167043 -0.00179107 0
  endloop
 endfacet
 facet normal 0 -0 1
  outer loop
   vertex -0.0163838 -0.0037163 0
   vertex -0.0155323 -0.00317627 0
   vertex -0.0165677 -0.00278437 0
  endloop
 endfacet
 facet normal 0 0 1
  outer loop
   vertex -0.0155323 -0.00317627 0
   vertex -0.0157071 -0.00224039 0
   vertex -0.0165677 -0.00278437 0
  endloop
 endfacet
 facet normal 0 -0 1
  outer loop
   vertex -0.0161329 -0.00468705 0
   vertex -0.015308 -0.00411044 0
   vertex -0.0163838 -0.0037163 0
  endloop
 endfacet
 facet normal 0 0 1
  outer loop
   vertex -0.015308 -0.00411044 0
   vertex -0.0155323 -0.00317627 0
   vertex -0.0163838 -0.0037163 0
  endloop
 endfacet
 facet normal 0 -0 1
  outer loop
   vertex -0.0158246 -0.00564111 0
   vertex -0.0150247 -0.00504915 0
   vertex -0.0161329 -0.00468705 0
  endloop
 endfacet
 facet normal 0 0 1
  outer loop
   vertex -0.0150247 -0.00504915 0
   vertex -0.015308 -0.00411044 0
   vertex -0.0161329 -0.00468705 0
  endloop
 endfacet
 facet normal 0 -0 1
  outer loop
   vertex -0.0154599 -0.00657508 0
   vertex -0.0146807 -0.00600849 0
   vertex -0.0158246 -0.00564111 0
  endloop
 endfacet
 facet normal 0 0 1
  outer loop
   vertex -0.0146807 -0.00600849 0
   vertex -0.0150247 -0.00504915 0
   vertex -0.0158246 -0.00564111 0
  endloop
 endfacet
 facet normal 0 -0 1
  outer loop
   vertex -0.0150401 -0.00748562 0
   vertex -0.0142593 -0.00709825 0
   vertex -0.0154599 -0.00657508 0
  endloop
 endfacet
 facet normal 0 0 1
  outer loop
   vertex -0.0142593 -0.00709825 0
   vertex -0.0146807 -0.00600849 0
   vertex -0.0154599 -0.00657508 0
  endloop
 endfacet
 facet normal 0 -0 1
  outer loop
   vertex -0.014593 -0.00832371 0
   vertex -0.0142593 -0.00709825 0
   vertex -0.0150401 -0.00748562 0
  endloop
 endfacet
 facet normal 0 -0 1
  outer loop
   vertex -0.0141279 -0.00909084 0
   vertex -0.0136857 -0.00806861 0
   vertex -0.014593 -0.00832371 0
  endloop
 endfacet
 facet normal 0 -0 1
  outer loop
   vertex -0.013684 -0.00974626 0
   vertex -0.0132124 -0.00885049 0
   vertex -0.0141279 -0.00909084 0
  endloop
 endfacet
 facet normal 0 0 1
  outer loop
   vertex -0.0132124 -0.00885049 0
   vertex -0.0136857 -0.00806861 0
   vertex -0.0141279 -0.00909084 0
  endloop
 endfacet
 facet normal 0 -0 1
  outer loop
   vertex -0.013177 -0.0104215 0
   vertex -0.01275 -0.00954262 0
   vertex -0.013684 -0.00974626 0
  endloop
 endfacet
 facet normal 0 0 1
  outer loop
   vertex -0.01275 -0.00954262 0
   vertex -0.0132124 -0.00885049 0
   vertex -0.013684 -0.00974626 0
  endloop
 endfacet
 facet normal 0 -0 1
  outer loop
   vertex -0.0126714 -0.0110306 0
   vertex -0.012269 -0.0101958 0
   vertex -0.013177 -0.0104215 0
  endloop
 endfacet
 facet normal 0 0 1
  outer loop
   vertex -0.012269 -0.0101958 0
   vertex -0.01275 -0.00954262 0
   vertex -0.013177 -0.0104215 0
  endloop
 endfacet
 facet normal 0 -0 1
  outer loop
   vertex -0.0121377 -0.0116153 0
   vertex -0.0117523 -0.0108238 0
   vertex -0.0126714 -0.0110306 0
  endloop
 endfacet
 facet normal 0 0 1
  outer loop
   vertex -0.0117523 -0.0108238 0
   vertex -0.012269 -0.0101958 0
   vertex -0.0126714 -0.0110306 0
  endloop
 endfacet
 facet normal 0 -0 1
  outer loop
   vertex -0.0115771 -0.0121742 0
   vertex -0.01118 -0.0113995 0
   vertex -0.0121377 -0.0116153 0
  endloop
 endfacet
 facet normal 0 0 1
  outer loop
   vertex -0.01118 -0.0113995 0
   vertex -0.0117523 -0.0108238 0
   vertex -0.0121377 -0.0116153 0
  endloop
 endfacet
 facet normal 0 -0 1
  outer loop
   vertex -0.0109508 -0.0127405 0
   vertex -0.0105491 -0.0119407 0
   vertex -0.0115771 -0.0121742 0
  endloop
 endfacet
 facet normal 0 0 1
  outer loop
   vertex -0.0105491 -0.0119407 0
   vertex -0.01118 -0.0113995 0
   vertex -0.0115771 -0.0121742 0
  endloop
 endfacet
 facet normal 0 -0 1
  outer loop
   vertex -0.0103385 -0.0132422 0
   vertex -0.00986077 -0.0125143 0
   vertex -0.0109508 -0.0127405 0
  endloop
 endfacet
 facet normal 0 0 1
  outer loop
   vertex -0.00986077 -0.0125143 0
   vertex -0.0105491 -0.0119407 0
   vertex -0.0109508 -0.0127405 0
  endloop
 endfacet
 facet normal 0 -0 1
  outer loop
   vertex -0.00966009 -0.0137449 0
   vertex -0.00909709 -0.0131774 0
   vertex -0.0103385 -0.0132422 0
  endloop
 endfacet
 facet normal 0 0 1
  outer loop
   vertex -0.00909709 -0.0131774 0
   vertex -0.00986077 -0.0125143 0
   vertex -0.0103385 -0.0132422 0
  endloop
 endfacet
 facet normal 0 0 1
  outer loop
   vertex -0.00909709 -0.0131774 0
   vertex -0.00891259 -0.014241 0
   vertex -0.00815427 -0.0137431 0
  endloop
 endfacet
 facet normal 0 0 1
  outer loop
   vertex -0.00891259 -0.014241 0
   vertex -0.00909709 -0.0131774 0
   vertex -0.00966009 -0.0137449 0
  endloop
 endfacet
 facet normal 0 0 1
  outer loop
   vertex -0.00804717 -0.0147473 0
   vertex -0.00815427 -0.0137431 0
   vertex -0.00891259 -0.014241 0
  endloop
 endfacet
 facet normal 0 0 1
  outer loop
   vertex -0.00715309 -0.0152011 0
   vertex -0.00727112 -0.0142064 0
   vertex -0.00804717 -0.0147473 0
  endloop
 endfacet
 facet normal 0 0 1
  outer loop
   vertex -0.00623353 -0.0156007 0
   vertex -0.00637796 -0.0145485 0
   vertex -0.00715309 -0.0152011 0
  endloop
 endfacet
 facet normal 0 0 1
  outer loop
   vertex -0.00637796 -0.0145485 0
   vertex -0.00727112 -0.0142064 0
   vertex -0.00715309 -0.0152011 0
  endloop
 endfacet
 facet normal 0 0 1
  outer loop
   vertex -0.00529177 -0.0159448 0
   vertex -0.00546506 -0.0148798 0
   vertex -0.00623353 -0.0156007 0
  endloop
 endfacet
 facet normal 0 0 1
  outer loop
   vertex -0.00546506 -0.0148798 0
   vertex -0.00637796 -0.0145485 0
   vertex -0.00623353 -0.0156007 0
  endloop
 endfacet
 facet normal 0 0 1
  outer loop
   vertex -0.00438214 -0.0162184 0
   vertex -0.00453873 -0.0151695 0
   vertex -0.00529177 -0.0159448 0
  endloop
 endfacet
 facet normal 0 0 1
  outer loop
   vertex -0.00453873 -0.0151695 0
   vertex -0.00546506 -0.0148798 0
   vertex -0.00529177 -0.0159448 0
  endloop
 endfacet
 facet normal 0 0 1
  outer loop
   vertex -0.00340683 -0.0164509 0
   vertex -0.00359675 -0.0154172 0
   vertex -0.00438214 -0.0162184 0
  endloop
 endfacet
 facet normal 0 0 1
  outer loop
   vertex -0.00359675 -0.0154172 0
   vertex -0.00453873 -0.0151695 0
   vertex -0.00438214 -0.0162184 0
  endloop
 endfacet
 facet normal 0 0 1
  outer loop
   vertex -0.00241938 -0.0166249 0
   vertex -0.00263035 -0.0156093 0
   vertex -0.00340683 -0.0164509 0
  endloop
 endfacet
 facet normal 0 0 1
  outer loop
   vertex -0.00263035 -0.0156093 0
   vertex -0.00359675 -0.0154172 0
   vertex -0.00340683 -0.0164509 0
  endloop
 endfacet
 facet normal 0 0 1
  outer loop
   vertex -0.00142332 -0.0167396 0
   vertex -0.00163833 -0.0157464 0
   vertex -0.00241938 -0.0166249 0
  endloop
 endfacet
 facet normal 0 0 1
  outer loop
   vertex -0.00163833 -0.0157464 0
   vertex -0.00263035 -0.0156093 0
   vertex -0.00241938 -0.0166249 0
  endloop
 endfacet
 facet normal 0 0 1
  outer loop
   vertex -0.000422186 -0.0167947 0
   vertex -0.000599376 -0.0158314 0
   vertex -0.00142332 -0.0167396 0
  endloop
 endfacet
 facet normal 0 0 1
  outer loop
   vertex -0.000599376 -0.0158314 0
   vertex -0.00163833 -0.0157464 0
   vertex -0.00142332 -0.0167396 0
  endloop
 endfacet
 facet normal 0 -0 1
  outer loop
   vertex 0.000580451 -0.01679 0
   vertex 0.000607625 -0.0158926 0
   vertex -0.000422186 -0.0167947 0
  endloop
 endfacet
 facet normal 0 0 1
  outer loop
   vertex 0.000607625 -0.0158926 0
   vertex -0.000599376 -0.0158314 0
   vertex -0.000422186 -0.0167947 0
  endloop
 endfacet
 facet normal 0 0 1
  outer loop
   vertex 0.00158102 -0.0167254 0
   vertex 0.000607625 -0.0158926 0
   vertex 0.000580451 -0.01679 0
  endloop
 endfacet
 facet normal 0 0 1
  outer loop
   vertex 0.00257596 -0.0166013 0
   vertex 0.00181974 -0.0157458 0
   vertex 0.00158102 -0.0167254 0
  endloop
 endfacet
 facet normal 0 0 1
  outer loop
   vertex 0.00356172 -0.0164181 0
   vertex 0.00284649 -0.015585 0
   vertex 0.00257596 -0.0166013 0
  endloop
 endfacet
 facet normal 0 0 1
  outer loop
   vertex 0.00284649 -0.015585 0
   vertex 0.00181974 -0.0157458 0
   vertex 0.00257596 -0.0166013 0
  endloop
 endfacet
 facet normal 0 0 1
  outer loop
   vertex 0.00453479 -0.0161764 0
   vertex 0.00381542 -0.0153724 0
   vertex 0.00356172 -0.0164181 0
  endloop
 endfacet
 facet normal 0 0 1
  outer loop
   vertex 0.00381542 -0.0153724 0
   vertex 0.00284649 -0.015585 0
   vertex 0.00356172 -0.0164181 0
  endloop
 endfacet
 facet normal 0 0 1
  outer loop
   vertex 0.00549172 -0.0158771 0
   vertex 0.00475606 -0.0151044 0
   vertex 0.00453479 -0.0161764 0
  endloop
 endfacet
 facet normal 0 0 1
  outer loop
   vertex 0.00475606 -0.0151044 0
   vertex 0.00381542 -0.0153724 0
   vertex 0.00453479 -0.0161764 0
  endloop
 endfacet
 facet normal 0 0 1
  outer loop
   vertex 0.00638029 -0.0155413 0
   vertex 0.00566686 -0.0147817 0
   vertex 0.00549172 -0.0158771 0
  endloop
 endfacet
 facet normal 0 0 1
  outer loop
   vertex 0.00566686 -0.0147817 0
   vertex 0.00475606 -0.0151044 0
   vertex 0.00549172 -0.0158771 0
  endloop
 endfacet
 facet normal 0 0 1
  outer loop
   vertex 0.00729604 -0.015133 0
   vertex 0.00656206 -0.0144086 0
   vertex 0.00638029 -0.0155413 0
  endloop
 endfacet
 facet normal 0 0 1
  outer loop
   vertex 0.00656206 -0.0144086 0
   vertex 0.00566686 -0.0147817 0
   vertex 0.00638029 -0.0155413 0
  endloop
 endfacet
 facet normal 0 0 1
  outer loop
   vertex 0.0081858 -0.0146708 0
   vertex 0.00745136 -0.0139762 0
   vertex 0.00729604 -0.015133 0
  endloop
 endfacet
 facet normal 0 0 1
  outer loop
   vertex 0.00745136 -0.0139762 0
   vertex 0.00656206 -0.0144086 0
   vertex 0.00729604 -0.015133 0
  endloop
 endfacet
 facet normal 0 0 1
  outer loop
   vertex 0.00904641 -0.0141564 0
   vertex 0.00835283 -0.0134812 0
   vertex 0.0081858 -0.0146708 0
  endloop
 endfacet
 facet normal 0 0 1
  outer loop
   vertex 0.00835283 -0.0134812 0
   vertex 0.00745136 -0.0139762 0
   vertex 0.0081858 -0.0146708 0
  endloop
 endfacet
 facet normal 0 0 1
  outer loop
   vertex 0.00987479 -0.0135915 0
   vertex 0.0093796 -0.0129073 0
   vertex 0.00904641 -0.0141564 0
  endloop
 endfacet
 facet normal 0 0 1
  outer loop
   vertex 0.0093796 -0.0129073 0
   vertex 0.00835283 -0.0134812 0
   vertex 0.00904641 -0.0141564 0
  endloop
 endfacet
 facet normal 0 0 1
  outer loop
   vertex 0.0105863 -0.013045 0
   vertex 0.0093796 -0.0129073 0
   vertex 0.00987479 -0.0135915 0
  endloop
 endfacet
 facet normal 0 0 1
  outer loop
   vertex 0.0112283 -0.0124966 0
   vertex 0.0102343 -0.0122218 0
   vertex 0.0105863 -0.013045 0
  endloop
 endfacet
 facet normal 0 0 1
  outer loop
   vertex 0.0102343 -0.0122218 0
   vertex 0.0093796 -0.0129073 0
   vertex 0.0105863 -0.013045 0
  endloop
 endfacet
 facet normal 0 0 1
  outer loop
   vertex 0.011842 -0.0119167 0
   vertex 0.0109213 -0.0116446 0
   vertex 0.0112283 -0.0124966 0
  endloop
 endfacet
 facet normal 0 0 1
  outer loop
   vertex 0.0124258 -0.0113066 0
   vertex 0.0115455 -0.0110369 0
   vertex 0.011842 -0.0119167 0
  endloop
 endfacet
 facet normal 0 0 1
  outer loop
   vertex 0.0115455 -0.0110369 0
   vertex 0.0109213 -0.0116446 0
   vertex 0.011842 -0.0119167 0
  endloop
 endfacet
 facet normal 0 0 1
  outer loop
   vertex 0.0129782 -0.010668 0
   vertex 0.0121177 -0.0103867 0
   vertex 0.0124258 -0.0113066 0
  endloop
 endfacet
 facet normal 0 0 1
  outer loop
   vertex 0.0121177 -0.0103867 0
   vertex 0.0115455 -0.0110369 0
   vertex 0.0124258 -0.0113066 0
  endloop
 endfacet
 facet normal 0 0 1
  outer loop
   vertex 0.0135604 -0.00991744 0
   vertex 0.0126455 -0.00967138 0
   vertex 0.0129782 -0.010668 0
  endloop
 endfacet
 facet normal 0 0 1
  outer loop
   vertex 0.0126455 -0.00967138 0
   vertex 0.0121177 -0.0103867 0
   vertex 0.0129782 -0.010668 0
  endloop
 endfacet
 facet normal 0 0 1
  outer loop
   vertex 0.0141279 -0.00909084 0
   vertex 0.01317 -0.00889566 0
   vertex 0.0135604 -0.00991744 0
  endloop
 endfacet
 facet normal 0 0 1
  outer loop
   vertex 0.01317 -0.00889566 0
   vertex 0.0126455 -0.00967138 0
   vertex 0.0135604 -0.00991744 0
  endloop
 endfacet
 facet normal 0 0 1
  outer loop
   vertex 0.014645 -0.00823185 0
   vertex 0.0136679 -0.0080788 0
   vertex 0.0141279 -0.00909084 0
  endloop
 endfacet
 facet normal 0 0 1
  outer loop
   vertex 0.0136679 -0.0080788 0
   vertex 0.01317 -0.00889566 0
   vertex 0.0141279 -0.00909084 0
  endloop
 endfacet
 facet normal 0 0 1
  outer loop
   vertex 0.01511 -0.00734354 0
   vertex 0.0141307 -0.00722329 0
   vertex 0.014645 -0.00823185 0
  endloop
 endfacet
 facet normal 0 0 1
  outer loop
   vertex 0.0141307 -0.00722329 0
   vertex 0.0136679 -0.0080788 0
   vertex 0.014645 -0.00823185 0
  endloop
 endfacet
 facet normal 0 0 1
  outer loop
   vertex 0.0155212 -0.00642908 0
   vertex 0.0145541 -0.00632684 0
   vertex 0.01511 -0.00734354 0
  endloop
 endfacet
 facet normal 0 0 1
  outer loop
   vertex 0.0145541 -0.00632684 0
   vertex 0.0141307 -0.00722329 0
   vertex 0.01511 -0.00734354 0
  endloop
 endfacet
 facet normal 0 0 1
  outer loop
   vertex 0.0158771 -0.00549172 0
   vertex 0.0149451 -0.00537142 0
   vertex 0.0155212 -0.00642908 0
  endloop
 endfacet
 facet normal 0 0 1
  outer loop
   vertex 0.0149451 -0.00537142 0
   vertex 0.0145541 -0.00632684 0
   vertex 0.0155212 -0.00642908 0
  endloop
 endfacet
 facet normal 0 0 1
  outer loop
   vertex 0.0161764 -0.00453479 0
   vertex 0.0153637 -0.00425209 0
   vertex 0.0158771 -0.00549172 0
  endloop
 endfacet
 facet normal 0 0 1
  outer loop
   vertex 0.0153637 -0.00425209 0
   vertex 0.0149451 -0.00537142 0
   vertex 0.0158771 -0.00549172 0
  endloop
 endfacet
 facet normal 0 0 1
  outer loop
   vertex 0.0164181 -0.00356172 0
   vertex 0.0153637 -0.00425209 0
   vertex 0.0161764 -0.00453479 0
  endloop
 endfacet
 facet normal 0 0 1
  outer loop
   vertex 0.0166013 -0.00257596 0
   vertex 0.0156073 -0.00308326 0
   vertex 0.0164181 -0.00356172 0
  endloop
 endfacet
 facet normal 0 0 1
  outer loop
   vertex 0.0167254 -0.00158102 0
   vertex 0.0157796 -0.00209584 0
   vertex 0.0166013 -0.00257596 0
  endloop
 endfacet
 facet normal 0 0 1
  outer loop
   vertex 0.0157796 -0.00209584 0
   vertex 0.0156073 -0.00308326 0
   vertex 0.0166013 -0.00257596 0
  endloop
 endfacet
 facet normal 0 0 1
  outer loop
   vertex 0.0167838 -0.000738664 0
   vertex 0.0158913 -0.00117147 0
   vertex 0.0167254 -0.00158102 0
  endloop
 endfacet
 facet normal 0 0 1
  outer loop
   vertex 0.0158913 -0.00117147 0
   vertex 0.0157796 -0.00209584 0
   vertex 0.0167254 -0.00158102 0
  endloop
 endfacet
 facet normal 0 0 1
  outer loop
   vertex 0.0168 0 0
   vertex 0.0159397 -0.000318846 0
   vertex 0.0167838 -0.000738664 0
  endloop
 endfacet
 facet normal 0 0 1
  outer loop
   vertex 0.0167838 -0.000738664 0
   vertex 0.0159397 -0.000318846 0
   vertex 0.0158913 -0.00117147 0
  endloop
 endfacet
 facet normal 0 0 1
  outer loop
   vertex 0.0159373 0.00047118 0
   vertex 0.0159397 -0.000318846 0
   vertex 0.0168 0 0
  endloop
 endfacet
 facet normal 0 0 1
  outer loop
   vertex 0.0135604 0.00991744 0
   vertex 0.0127254 0.00962952 0
   vertex 0.0133708 0.00874743 0
  endloop
 endfacet
 facet normal 0 0 1
  outer loop
   vertex 0.00574043 0.0157888 0
   vertex 0.00510389 0.0150426 0
   vertex 0.00625979 0.0146705 0
  endloop
 endfacet
 facet normal 0 0 1
  outer loop
   vertex -0.00412685 0.0162852 0
   vertex -0.00421144 0.01532 0
   vertex -0.00303927 0.0156545 0
  endloop
 endfacet
 facet normal -0 0 1
  outer loop
   vertex -0.0128771 0.0107898 0
   vertex -0.0124267 0.0100011 0
   vertex -0.0117335 0.0108677 0
  endloop
 endfacet
 facet normal -0 0 1
  outer loop
   vertex -0.0166927 0.00189599 0
   vertex -0.0158248 0.00149516 0
   vertex -0.0157086 0.0027014 0
  endloop
 endfacet
 facet normal 0 0 1
  outer loop
   vertex -0.014593 -0.00832371 0
   vertex -0.0136857 -0.00806861 0
   vertex -0.0142593 -0.00709825 0
  endloop
 endfacet
 facet normal 0 -0 1
  outer loop
   vertex -0.00804717 -0.0147473 0
   vertex -0.00727112 -0.0142064 0
   vertex -0.00815427 -0.0137431 0
  endloop
 endfacet
 facet normal 0 -0 1
  outer loop
   vertex 0.00158102 -0.0167254 0
   vertex 0.00181974 -0.0157458 0
   vertex 0.000607625 -0.0158926 0
  endloop
 endfacet
 facet normal 0 0 1
  outer loop
   vertex 0.0109213 -0.0116446 0
   vertex 0.0102343 -0.0122218 0
   vertex 0.0112283 -0.0124966 0
  endloop
 endfacet
 facet normal 0 0 1
  outer loop
   vertex 0.0164181 -0.00356172 0
   vertex 0.0156073 -0.00308326 0
   vertex 0.0153637 -0.00425209 0
  endloop
 endfacet
 facet normal 0 0 1
  outer loop
   vertex 0.0158839 0.00137387 0
   vertex 0.0150436 0.000936132 0
   vertex 0.0159373 0.00047118 0
  endloop
 endfacet
 facet normal 0 0 1
  outer loop
   vertex 0.0153509 0.0041374 0
   vertex 0.014618 0.00351004 0
   vertex 0.0156021 0.00322447 0
  endloop
 endfacet
 facet normal 0 0 1
  outer loop
   vertex 0.0150533 0.00505045 0
   vertex 0.0143322 0.00437458 0
   vertex 0.0153509 0.0041374 0
  endloop
 endfacet
 facet normal 0 0 1
  outer loop
   vertex 0.0143322 0.00437458 0
   vertex 0.014618 0.00351004 0
   vertex 0.0153509 0.0041374 0
  endloop
 endfacet
 facet normal 0 0 1
  outer loop
   vertex 0.0147115 0.00595751 0
   vertex 0.0140104 0.00525642 0
   vertex 0.0150533 0.00505045 0
  endloop
 endfacet
 facet normal 0 0 1
  outer loop
   vertex 0.0140104 0.00525642 0
   vertex 0.0143322 0.00437458 0
   vertex 0.0150533 0.00505045 0
  endloop
 endfacet
 facet normal 0 0 1
  outer loop
   vertex 0.0143215 0.00685496 0
   vertex 0.0136563 0.00612403 0
   vertex 0.0147115 0.00595751 0
  endloop
 endfacet
 facet normal 0 0 1
  outer loop
   vertex 0.0136563 0.00612403 0
   vertex 0.0140104 0.00525642 0
   vertex 0.0147115 0.00595751 0
  endloop
 endfacet
 facet normal 0 0 1
  outer loop
   vertex 0.0138778 0.00775668 0
   vertex 0.0132639 0.0069836 0
   vertex 0.0143215 0.00685496 0
  endloop
 endfacet
 facet normal 0 0 1
  outer loop
   vertex 0.0132639 0.0069836 0
   vertex 0.0136563 0.00612403 0
   vertex 0.0143215 0.00685496 0
  endloop
 endfacet
 facet normal 0 0 1
  outer loop
   vertex 0.0133708 0.00874743 0
   vertex 0.0128298 0.00785405 0
   vertex 0.0138778 0.00775668 0
  endloop
 endfacet
 facet normal 0 0 1
  outer loop
   vertex 0.0128298 0.00785405 0
   vertex 0.0132639 0.0069836 0
   vertex 0.0138778 0.00775668 0
  endloop
 endfacet
 facet normal 0 0 1
  outer loop
   vertex 0.00510389 0.0150426 0
   vertex 0.00533884 0.0140464 0
   vertex 0.00625979 0.0146705 0
  endloop
 endfacet
 facet normal 0 0 1
  outer loop
   vertex 0.0109972 0.0115596 0
   vertex 0.0106746 0.0106842 0
   vertex 0.0116033 0.0109479 0
  endloop
 endfacet
 facet normal 0 0 1
  outer loop
   vertex 0.0116033 0.0109479 0
   vertex 0.0112483 0.0100699 0
   vertex 0.0121736 0.0103148 0
  endloop
 endfacet
 facet normal -0 0 1
  outer loop
   vertex 0.0106746 0.0106842 0
   vertex 0.0112483 0.0100699 0
   vertex 0.0116033 0.0109479 0
  endloop
 endfacet
 facet normal 0 0 1
  outer loop
   vertex 0.0121736 0.0103148 0
   vertex 0.0118018 0.00941987 0
   vertex 0.0127254 0.00962952 0
  endloop
 endfacet
 facet normal -0 0 1
  outer loop
   vertex 0.0112483 0.0100699 0
   vertex 0.0118018 0.00941987 0
   vertex 0.0121736 0.0103148 0
  endloop
 endfacet
 facet normal 0 0 1
  outer loop
   vertex 0.0103591 0.0121112 0
   vertex 0.0100525 0.0112447 0
   vertex 0.0109972 0.0115596 0
  endloop
 endfacet
 facet normal -0 0 1
  outer loop
   vertex 0.0100525 0.0112447 0
   vertex 0.0106746 0.0106842 0
   vertex 0.0109972 0.0115596 0
  endloop
 endfacet
 facet normal 0 0 1
  outer loop
   vertex 0.00969006 0.0126424 0
   vertex 0.00941115 0.0117758 0
   vertex 0.0103591 0.0121112 0
  endloop
 endfacet
 facet normal -0 0 1
  outer loop
   vertex 0.00941115 0.0117758 0
   vertex 0.0100525 0.0112447 0
   vertex 0.0103591 0.0121112 0
  endloop
 endfacet
 facet normal 0 0 1
  outer loop
   vertex 0.00899396 0.01314 0
   vertex 0.00872505 0.0122677 0
   vertex 0.00969006 0.0126424 0
  endloop
 endfacet
 facet normal -0 0 1
  outer loop
   vertex 0.00872505 0.0122677 0
   vertex 0.00941115 0.0117758 0
   vertex 0.00969006 0.0126424 0
  endloop
 endfacet
 facet normal 0 0 1
  outer loop
   vertex 0.00820105 0.0136394 0
   vertex 0.0079878 0.0127522 0
   vertex 0.00899396 0.01314 0
  endloop
 endfacet
 facet normal -0 0 1
  outer loop
   vertex 0.0079878 0.0127522 0
   vertex 0.00872505 0.0122677 0
   vertex 0.00899396 0.01314 0
  endloop
 endfacet
 facet normal 0 0 1
  outer loop
   vertex 0.00732157 0.0141297 0
   vertex 0.00718612 0.0132247 0
   vertex 0.00820105 0.0136394 0
  endloop
 endfacet
 facet normal -0 0 1
  outer loop
   vertex 0.00718612 0.0132247 0
   vertex 0.0079878 0.0127522 0
   vertex 0.00820105 0.0136394 0
  endloop
 endfacet
 facet normal 0 0 1
  outer loop
   vertex 0.00625979 0.0146705 0
   vertex 0.00629926 0.0136787 0
   vertex 0.00732157 0.0141297 0
  endloop
 endfacet
 facet normal 0 0 1
  outer loop
   vertex 0.00732157 0.0141297 0
   vertex 0.00629926 0.0136787 0
   vertex 0.00718612 0.0132247 0
  endloop
 endfacet
 facet normal -0 0 1
  outer loop
   vertex 0.00533884 0.0140464 0
   vertex 0.00629926 0.0136787 0
   vertex 0.00625979 0.0146705 0
  endloop
 endfacet
 facet normal -0 0 1
  outer loop
   vertex -0.00421144 0.01532 0
   vertex -0.00343798 0.0146556 0
   vertex -0.00303927 0.0156545 0
  endloop
 endfacet
 facet normal 0 0 1
  outer loop
   vertex 0.00216369 0.0156828 0
   vertex 0.00247058 0.0146931 0
   vertex 0.00313694 0.0155282 0
  endloop
 endfacet
 facet normal 0 0 1
  outer loop
   vertex 0.00313694 0.0155282 0
   vertex 0.0034187 0.0145294 0
   vertex 0.00410906 0.0153171 0
  endloop
 endfacet
 facet normal -0 0 1
  outer loop
   vertex 0.00247058 0.0146931 0
   vertex 0.0034187 0.0145294 0
   vertex 0.00313694 0.0155282 0
  endloop
 endfacet
 facet normal 0 0 1
  outer loop
   vertex 0.00410906 0.0153171 0
   vertex 0.00436906 0.0143149 0
   vertex 0.00510389 0.0150426 0
  endloop
 endfacet
 facet normal -0 0 1
  outer loop
   vertex 0.0034187 0.0145294 0
   vertex 0.00436906 0.0143149 0
   vertex 0.00410906 0.0153171 0
  endloop
 endfacet
 facet normal 0 0 1
  outer loop
   vertex 0.00118404 0.0157819 0
   vertex 0.00151705 0.0148056 0
   vertex 0.00216369 0.0156828 0
  endloop
 endfacet
 facet normal -0 0 1
  outer loop
   vertex 0.00151705 0.0148056 0
   vertex 0.00247058 0.0146931 0
   vertex 0.00216369 0.0156828 0
  endloop
 endfacet
 facet normal 0 0 1
  outer loop
   vertex 0.00019569 0.0158276 0
   vertex 0.000551637 0.0148718 0
   vertex 0.00118404 0.0157819 0
  endloop
 endfacet
 facet normal -0 0 1
  outer loop
   vertex 0.000551637 0.0148718 0
   vertex 0.00151705 0.0148056 0
   vertex 0.00118404 0.0157819 0
  endloop
 endfacet
 facet normal -0 0 1
  outer loop
   vertex -0.000805039 0.0158225 0
   vertex -0.000426357 0.0148924 0
   vertex 0.00019569 0.0158276 0
  endloop
 endfacet
 facet normal -0 0 1
  outer loop
   vertex -0.000426357 0.0148924 0
   vertex 0.000551637 0.0148718 0
   vertex 0.00019569 0.0158276 0
  endloop
 endfacet
 facet normal -0 0 1
  outer loop
   vertex -0.00183782 0.0157705 0
   vertex -0.00141744 0.0148775 0
   vertex -0.000805039 0.0158225 0
  endloop
 endfacet
 facet normal 0 0 1
  outer loop
   vertex -0.00141744 0.0148775 0
   vertex -0.000426357 0.0148924 0
   vertex -0.000805039 0.0158225 0
  endloop
 endfacet
 facet normal -0 0 1
  outer loop
   vertex -0.00303927 0.0156545 0
   vertex -0.0024212 0.0148486 0
   vertex -0.00183782 0.0157705 0
  endloop
 endfacet
 facet normal 0 0 1
  outer loop
   vertex -0.00183782 0.0157705 0
   vertex -0.0024212 0.0148486 0
   vertex -0.00141744 0.0148775 0
  endloop
 endfacet
 facet normal 0 0 1
  outer loop
   vertex -0.00343798 0.0146556 0
   vertex -0.0024212 0.0148486 0
   vertex -0.00303927 0.0156545 0
  endloop
 endfacet
 facet normal -0 0 1
  outer loop
   vertex -0.0124267 0.0100011 0
   vertex -0.0114506 0.00978776 0
   vertex -0.0117335 0.0108677 0
  endloop
 endfacet
 facet normal -0 0 1
  outer loop
   vertex -0.00699217 0.014206 0
   vertex -0.00615312 0.0135684 0
   vertex -0.00610281 0.0146175 0
  endloop
 endfacet
 facet normal -0 0 1
  outer loop
   vertex -0.00610281 0.0146175 0
   vertex -0.00527855 0.0139539 0
   vertex -0.00518546 0.0149837 0
  endloop
 endfacet
 facet normal 0 0 1
  outer loop
   vertex -0.00615312 0.0135684 0
   vertex -0.00527855 0.0139539 0
   vertex -0.00610281 0.0146175 0
  endloop
 endfacet
 facet normal -0 0 1
  outer loop
   vertex -0.00518546 0.0149837 0
   vertex -0.00437589 0.0143074 0
   vertex -0.00421144 0.01532 0
  endloop
 endfacet
 facet normal 0 0 1
  outer loop
   vertex -0.00421144 0.01532 0
   vertex -0.00437589 0.0143074 0
   vertex -0.00343798 0.0146556 0
  endloop
 endfacet
 facet normal 0 0 1
  outer loop
   vertex -0.00527855 0.0139539 0
   vertex -0.00437589 0.0143074 0
   vertex -0.00518546 0.0149837 0
  endloop
 endfacet
 facet normal -0 0 1
  outer loop
   vertex -0.00785121 0.0137498 0
   vertex -0.0069974 0.0131425 0
   vertex -0.00699217 0.014206 0
  endloop
 endfacet
 facet normal 0 0 1
  outer loop
   vertex -0.0069974 0.0131425 0
   vertex -0.00615312 0.0135684 0
   vertex -0.00699217 0.014206 0
  endloop
 endfacet
 facet normal -0 0 1
  outer loop
   vertex -0.00868152 0.0132482 0
   vertex -0.0078098 0.0126826 0
   vertex -0.00785121 0.0137498 0
  endloop
 endfacet
 facet normal 0 -0 1
  outer loop
   vertex -0.0078098 0.0126826 0
   vertex -0.0069974 0.0131425 0
   vertex -0.00785121 0.0137498 0
  endloop
 endfacet
 facet normal -0 0 1
  outer loop
   vertex -0.00948227 0.0127143 0
   vertex -0.0085998 0.012187 0
   vertex -0.00868152 0.0132482 0
  endloop
 endfacet
 facet normal 0 -0 1
  outer loop
   vertex -0.0085998 0.012187 0
   vertex -0.0078098 0.0126826 0
   vertex -0.00868152 0.0132482 0
  endloop
 endfacet
 facet normal -0 0 1
  outer loop
   vertex -0.0102196 0.0121745 0
   vertex -0.00935308 0.011655 0
   vertex -0.00948227 0.0127143 0
  endloop
 endfacet
 facet normal 0 -0 1
  outer loop
   vertex -0.00935308 0.011655 0
   vertex -0.0085998 0.012187 0
   vertex -0.00948227 0.0127143 0
  endloop
 endfacet
 facet normal -0 0 1
  outer loop
   vertex -0.0109486 0.0115432 0
   vertex -0.0100808 0.0110838 0
   vertex -0.0102196 0.0121745 0
  endloop
 endfacet
 facet normal 0 -0 1
  outer loop
   vertex -0.0100808 0.0110838 0
   vertex -0.00935308 0.011655 0
   vertex -0.0102196 0.0121745 0
  endloop
 endfacet
 facet normal -0 0 1
  outer loop
   vertex -0.0117335 0.0108677 0
   vertex -0.0107956 0.010477 0
   vertex -0.0109486 0.0115432 0
  endloop
 endfacet
 facet normal 0 0 1
  outer loop
   vertex -0.0109486 0.0115432 0
   vertex -0.0107956 0.010477 0
   vertex -0.0100808 0.0110838 0
  endloop
 endfacet
 facet normal 0 -0 1
  outer loop
   vertex -0.0114506 0.00978776 0
   vertex -0.0107956 0.010477 0
   vertex -0.0117335 0.0108677 0
  endloop
 endfacet
 facet normal 0 0 1
  outer loop
   vertex -0.0158248 0.00149516 0
   vertex -0.0148876 0.00199355 0
   vertex -0.0157086 0.0027014 0
  endloop
 endfacet
 facet normal -0 0 1
  outer loop
   vertex -0.0139897 0.00756112 0
   vertex -0.0130372 0.00747995 0
   vertex -0.013506 0.00840443 0
  endloop
 endfacet
 facet normal -0 0 1
  outer loop
   vertex -0.013506 0.00840443 0
   vertex -0.0125624 0.00827698 0
   vertex -0.0129793 0.0092221 0
  endloop
 endfacet
 facet normal 0 -0 1
  outer loop
   vertex -0.0130372 0.00747995 0
   vertex -0.0125624 0.00827698 0
   vertex -0.013506 0.00840443 0
  endloop
 endfacet
 facet normal -0 0 1
  outer loop
   vertex -0.0129793 0.0092221 0
   vertex -0.0120347 0.00903977 0
   vertex -0.0124267 0.0100011 0
  endloop
 endfacet
 facet normal 0 0 1
  outer loop
   vertex -0.0124267 0.0100011 0
   vertex -0.0120347 0.00903977 0
   vertex -0.0114506 0.00978776 0
  endloop
 endfacet
 facet normal 0 -0 1
  outer loop
   vertex -0.0125624 0.00827698 0
   vertex -0.0120347 0.00903977 0
   vertex -0.0129793 0.0092221 0
  endloop
 endfacet
 facet normal -0 0 1
  outer loop
   vertex -0.0144194 0.00669043 0
   vertex -0.0134673 0.0066512 0
   vertex -0.0139897 0.00756112 0
  endloop
 endfacet
 facet normal 0 -0 1
  outer loop
   vertex -0.0134673 0.0066512 0
   vertex -0.0130372 0.00747995 0
   vertex -0.0139897 0.00756112 0
  endloop
 endfacet
 facet normal 0 0 1
  outer loop
   vertex -0.0147953 0.00579075 0
   vertex -0.0138386 0.00579655 0
   vertex -0.0144194 0.00669043 0
  endloop
 endfacet
 facet normal 0 -0 1
  outer loop
   vertex -0.0138386 0.00579655 0
   vertex -0.0134673 0.0066512 0
   vertex -0.0144194 0.00669043 0
  endloop
 endfacet
 facet normal 0 0 1
  outer loop
   vertex -0.0151233 0.00485668 0
   vertex -0.0141676 0.00490811 0
   vertex -0.0147953 0.00579075 0
  endloop
 endfacet
 facet normal 0 -0 1
  outer loop
   vertex -0.0141676 0.00490811 0
   vertex -0.0138386 0.00579655 0
   vertex -0.0147953 0.00579075 0
  endloop
 endfacet
 facet normal 0 0 1
  outer loop
   vertex -0.0154112 0.00386629 0
   vertex -0.0144567 0.00398169 0
   vertex -0.0151233 0.00485668 0
  endloop
 endfacet
 facet normal 0 -0 1
  outer loop
   vertex -0.0144567 0.00398169 0
   vertex -0.0141676 0.00490811 0
   vertex -0.0151233 0.00485668 0
  endloop
 endfacet
 facet normal 0 0 1
  outer loop
   vertex -0.0157086 0.0027014 0
   vertex -0.0147137 0.00300255 0
   vertex -0.0154112 0.00386629 0
  endloop
 endfacet
 facet normal -0 0 1
  outer loop
   vertex -0.0154112 0.00386629 0
   vertex -0.0147137 0.00300255 0
   vertex -0.0144567 0.00398169 0
  endloop
 endfacet
 facet normal 0 -0 1
  outer loop
   vertex -0.0148876 0.00199355 0
   vertex -0.0147137 0.00300255 0
   vertex -0.0157086 0.0027014 0
  endloop
 endfacet
 facet normal 0 -0 1
  outer loop
   vertex -0.0136857 -0.00806861 0
   vertex -0.0131739 -0.00713463 0
   vertex -0.0142593 -0.00709825 0
  endloop
 endfacet
 facet normal 0 -0 1
  outer loop
   vertex -0.0158313 -0.00129552 0
   vertex -0.0149685 -0.000816791 0
   vertex -0.0159108 -0.000372388 0
  endloop
 endfacet
 facet normal 0 0 1
  outer loop
   vertex -0.0159108 -0.000372388 0
   vertex -0.015017 6.86321e-05 0
   vertex -0.015907 0.000492514 0
  endloop
 endfacet
 facet normal 0 0 1
  outer loop
   vertex -0.0149685 -0.000816791 0
   vertex -0.015017 6.86321e-05 0
   vertex -0.0159108 -0.000372388 0
  endloop
 endfacet
 facet normal 0 0 1
  outer loop
   vertex -0.015907 0.000492514 0
   vertex -0.0149809 0.00100411 0
   vertex -0.0158248 0.00149516 0
  endloop
 endfacet
 facet normal 0 -0 1
  outer loop
   vertex -0.015017 6.86321e-05 0
   vertex -0.0149809 0.00100411 0
   vertex -0.015907 0.000492514 0
  endloop
 endfacet
 facet normal 0 -0 1
  outer loop
   vertex -0.0157071 -0.00224039 0
   vertex -0.0148622 -0.00172862 0
   vertex -0.0158313 -0.00129552 0
  endloop
 endfacet
 facet normal 0 0 1
  outer loop
   vertex -0.0148622 -0.00172862 0
   vertex -0.0149685 -0.000816791 0
   vertex -0.0158313 -0.00129552 0
  endloop
 endfacet
 facet normal 0 -0 1
  outer loop
   vertex -0.0155323 -0.00317627 0
   vertex -0.0147082 -0.00263541 0
   vertex -0.0157071 -0.00224039 0
  endloop
 endfacet
 facet normal 0 0 1
  outer loop
   vertex -0.0147082 -0.00263541 0
   vertex -0.0148622 -0.00172862 0
   vertex -0.0157071 -0.00224039 0
  endloop
 endfacet
 facet normal 0 -0 1
  outer loop
   vertex -0.015308 -0.00411044 0
   vertex -0.0145034 -0.003537 0
   vertex -0.0155323 -0.00317627 0
  endloop
 endfacet
 facet normal 0 0 1
  outer loop
   vertex -0.0145034 -0.003537 0
   vertex -0.0147082 -0.00263541 0
   vertex -0.0155323 -0.00317627 0
  endloop
 endfacet
 facet normal 0 -0 1
  outer loop
   vertex -0.0150247 -0.00504915 0
   vertex -0.0142491 -0.00443689 0
   vertex -0.015308 -0.00411044 0
  endloop
 endfacet
 facet normal 0 0 1
  outer loop
   vertex -0.0142491 -0.00443689 0
   vertex -0.0145034 -0.003537 0
   vertex -0.015308 -0.00411044 0
  endloop
 endfacet
 facet normal 0 -0 1
  outer loop
   vertex -0.0146807 -0.00600849 0
   vertex -0.0139466 -0.00534258 0
   vertex -0.0150247 -0.00504915 0
  endloop
 endfacet
 facet normal 0 0 1
  outer loop
   vertex -0.0139466 -0.00534258 0
   vertex -0.0142491 -0.00443689 0
   vertex -0.0150247 -0.00504915 0
  endloop
 endfacet
 facet normal 0 -0 1
  outer loop
   vertex -0.0142593 -0.00709825 0
   vertex -0.0135968 -0.00626136 0
   vertex -0.0146807 -0.00600849 0
  endloop
 endfacet
 facet normal -0 0 1
  outer loop
   vertex -0.0146807 -0.00600849 0
   vertex -0.0135968 -0.00626136 0
   vertex -0.0139466 -0.00534258 0
  endloop
 endfacet
 facet normal 0 0 1
  outer loop
   vertex -0.0131739 -0.00713463 0
   vertex -0.0135968 -0.00626136 0
   vertex -0.0142593 -0.00709825 0
  endloop
 endfacet
 facet normal 0 0 1
  outer loop
   vertex -0.00727112 -0.0142064 0
   vertex -0.00737528 -0.0133316 0
   vertex -0.00815427 -0.0137431 0
  endloop
 endfacet
 facet normal 0 -0 1
  outer loop
   vertex -0.012269 -0.0101958 0
   vertex -0.0117876 -0.00934374 0
   vertex -0.01275 -0.00954262 0
  endloop
 endfacet
 facet normal 0 -0 1
  outer loop
   vertex -0.01275 -0.00954262 0
   vertex -0.012246 -0.00866619 0
   vertex -0.0132124 -0.00885049 0
  endloop
 endfacet
 facet normal 0 0 1
  outer loop
   vertex -0.0117876 -0.00934374 0
   vertex -0.012246 -0.00866619 0
   vertex -0.01275 -0.00954262 0
  endloop
 endfacet
 facet normal 0 -0 1
  outer loop
   vertex -0.0132124 -0.00885049 0
   vertex -0.0127035 -0.00793707 0
   vertex -0.0136857 -0.00806861 0
  endloop
 endfacet
 facet normal 0 0 1
  outer loop
   vertex -0.0127035 -0.00793707 0
   vertex -0.0131739 -0.00713463 0
   vertex -0.0136857 -0.00806861 0
  endloop
 endfacet
 facet normal 0 -0 1
  outer loop
   vertex -0.0117523 -0.0108238 0
   vertex -0.011327 -0.00998694 0
   vertex -0.012269 -0.0101958 0
  endloop
 endfacet
 facet normal 0 0 1
  outer loop
   vertex -0.011327 -0.00998694 0
   vertex -0.0117876 -0.00934374 0
   vertex -0.012269 -0.0101958 0
  endloop
 endfacet
 facet normal 0 -0 1
  outer loop
   vertex -0.01118 -0.0113995 0
   vertex -0.0107811 -0.0105838 0
   vertex -0.0117523 -0.0108238 0
  endloop
 endfacet
 facet normal 0 0 1
  outer loop
   vertex -0.0107811 -0.0105838 0
   vertex -0.011327 -0.00998694 0
   vertex -0.0117523 -0.0108238 0
  endloop
 endfacet
 facet normal 0 -0 1
  outer loop
   vertex -0.0105491 -0.0119407 0
   vertex -0.0101503 -0.011096 0
   vertex -0.01118 -0.0113995 0
  endloop
 endfacet
 facet normal 0 0 1
  outer loop
   vertex -0.0101503 -0.011096 0
   vertex -0.0107811 -0.0105838 0
   vertex -0.01118 -0.0113995 0
  endloop
 endfacet
 facet normal 0 -0 1
  outer loop
   vertex -0.00986077 -0.0125143 0
   vertex -0.00948749 -0.0116416 0
   vertex -0.0105491 -0.0119407 0
  endloop
 endfacet
 facet normal 0 0 1
  outer loop
   vertex -0.00948749 -0.0116416 0
   vertex -0.0101503 -0.011096 0
   vertex -0.0105491 -0.0119407 0
  endloop
 endfacet
 facet normal 0 -0 1
  outer loop
   vertex -0.00909709 -0.0131774 0
   vertex -0.00878349 -0.0122257 0
   vertex -0.00986077 -0.0125143 0
  endloop
 endfacet
 facet normal 0 0 1
  outer loop
   vertex -0.00878349 -0.0122257 0
   vertex -0.00948749 -0.0116416 0
   vertex -0.00986077 -0.0125143 0
  endloop
 endfacet
 facet normal 0 -0 1
  outer loop
   vertex -0.00815427 -0.0137431 0
   vertex -0.00803253 -0.0127877 0
   vertex -0.00909709 -0.0131774 0
  endloop
 endfacet
 facet normal 0 0 1
  outer loop
   vertex -0.00909709 -0.0131774 0
   vertex -0.00803253 -0.0127877 0
   vertex -0.00878349 -0.0122257 0
  endloop
 endfacet
 facet normal 0 0 1
  outer loop
   vertex -0.00737528 -0.0133316 0
   vertex -0.00803253 -0.0127877 0
   vertex -0.00815427 -0.0137431 0
  endloop
 endfacet
 facet normal 0 0 1
  outer loop
   vertex 0.00181974 -0.0157458 0
   vertex 0.00116679 -0.0148947 0
   vertex 0.000607625 -0.0158926 0
  endloop
 endfacet
 facet normal 0 0 1
  outer loop
   vertex -0.00453873 -0.0151695 0
   vertex -0.00471847 -0.0141438 0
   vertex -0.00546506 -0.0148798 0
  endloop
 endfacet
 facet normal 0 0 1
  outer loop
   vertex -0.00546506 -0.0148798 0
   vertex -0.00563387 -0.0138457 0
   vertex -0.00637796 -0.0145485 0
  endloop
 endfacet
 facet normal 0 0 1
  outer loop
   vertex -0.00471847 -0.0141438 0
   vertex -0.00563387 -0.0138457 0
   vertex -0.00546506 -0.0148798 0
  endloop
 endfacet
 facet normal 0 0 1
  outer loop
   vertex -0.00637796 -0.0145485 0
   vertex -0.00653702 -0.0135342 0
   vertex -0.00727112 -0.0142064 0
  endloop
 endfacet
 facet normal 0 -0 1
  outer loop
   vertex -0.00727112 -0.0142064 0
   vertex -0.00653702 -0.0135342 0
   vertex -0.00737528 -0.0133316 0
  endloop
 endfacet
 facet normal 0 0 1
  outer loop
   vertex -0.00563387 -0.0138457 0
   vertex -0.00653702 -0.0135342 0
   vertex -0.00637796 -0.0145485 0
  endloop
 endfacet
 facet normal 0 0 1
  outer loop
   vertex -0.00359675 -0.0154172 0
   vertex -0.00378881 -0.0144053 0
   vertex -0.00453873 -0.0151695 0
  endloop
 endfacet
 facet normal 0 0 1
  outer loop
   vertex -0.00378881 -0.0144053 0
   vertex -0.00471847 -0.0141438 0
   vertex -0.00453873 -0.0151695 0
  endloop
 endfacet
 facet normal 0 0 1
  outer loop
   vertex -0.00263035 -0.0156093 0
   vertex -0.00285615 -0.0146146 0
   vertex -0.00359675 -0.0154172 0
  endloop
 endfacet
 facet normal 0 0 1
  outer loop
   vertex -0.00285615 -0.0146146 0
   vertex -0.00378881 -0.0144053 0
   vertex -0.00359675 -0.0154172 0
  endloop
 endfacet
 facet normal 0 0 1
  outer loop
   vertex -0.00163833 -0.0157464 0
   vertex -0.00189626 -0.0147713 0
   vertex -0.00263035 -0.0156093 0
  endloop
 endfacet
 facet normal 0 0 1
  outer loop
   vertex -0.00189626 -0.0147713 0
   vertex -0.00285615 -0.0146146 0
   vertex -0.00263035 -0.0156093 0
  endloop
 endfacet
 facet normal 0 0 1
  outer loop
   vertex -0.000599376 -0.0158314 0
   vertex -0.000909594 -0.0148764 0
   vertex -0.00163833 -0.0157464 0
  endloop
 endfacet
 facet normal 0 0 1
  outer loop
   vertex -0.000909594 -0.0148764 0
   vertex -0.00189626 -0.0147713 0
   vertex -0.00163833 -0.0157464 0
  endloop
 endfacet
 facet normal 0 0 1
  outer loop
   vertex 0.000607625 -0.0158926 0
   vertex 0.000119509 -0.0149342 0
   vertex -0.000599376 -0.0158314 0
  endloop
 endfacet
 facet normal 0 -0 1
  outer loop
   vertex -0.000599376 -0.0158314 0
   vertex 0.000119509 -0.0149342 0
   vertex -0.000909594 -0.0148764 0
  endloop
 endfacet
 facet normal 0 0 1
  outer loop
   vertex 0.00116679 -0.0148947 0
   vertex 0.000119509 -0.0149342 0
   vertex 0.000607625 -0.0158926 0
  endloop
 endfacet
 facet normal 0 0 1
  outer loop
   vertex 0.0109213 -0.0116446 0
   vertex 0.00999082 -0.0112858 0
   vertex 0.0102343 -0.0122218 0
  endloop
 endfacet
 facet normal 0 0 1
  outer loop
   vertex 0.00475606 -0.0151044 0
   vertex 0.00405888 -0.0143399 0
   vertex 0.00381542 -0.0153724 0
  endloop
 endfacet
 facet normal 0 0 1
  outer loop
   vertex 0.00381542 -0.0153724 0
   vertex 0.00313756 -0.0145781 0
   vertex 0.00284649 -0.015585 0
  endloop
 endfacet
 facet normal 0 0 1
  outer loop
   vertex 0.00405888 -0.0143399 0
   vertex 0.00313756 -0.0145781 0
   vertex 0.00381542 -0.0153724 0
  endloop
 endfacet
 facet normal 0 0 1
  outer loop
   vertex 0.00284649 -0.015585 0
   vertex 0.00218134 -0.0147614 0
   vertex 0.00181974 -0.0157458 0
  endloop
 endfacet
 facet normal 0 -0 1
  outer loop
   vertex 0.00181974 -0.0157458 0
   vertex 0.00218134 -0.0147614 0
   vertex 0.00116679 -0.0148947 0
  endloop
 endfacet
 facet normal 0 0 1
  outer loop
   vertex 0.00313756 -0.0145781 0
   vertex 0.00218134 -0.0147614 0
   vertex 0.00284649 -0.015585 0
  endloop
 endfacet
 facet normal 0 0 1
  outer loop
   vertex 0.00566686 -0.0147817 0
   vertex 0.00495856 -0.0140466 0
   vertex 0.00475606 -0.0151044 0
  endloop
 endfacet
 facet normal 0 0 1
  outer loop
   vertex 0.00495856 -0.0140466 0
   vertex 0.00405888 -0.0143399 0
   vertex 0.00475606 -0.0151044 0
  endloop
 endfacet
 facet normal 0 0 1
  outer loop
   vertex 0.00656206 -0.0144086 0
   vertex 0.00583268 -0.0137016 0
   vertex 0.00566686 -0.0147817 0
  endloop
 endfacet
 facet normal 0 0 1
  outer loop
   vertex 0.00583268 -0.0137016 0
   vertex 0.00495856 -0.0140466 0
   vertex 0.00566686 -0.0147817 0
  endloop
 endfacet
 facet normal 0 0 1
  outer loop
   vertex 0.00745136 -0.0139762 0
   vertex 0.00669879 -0.0133055 0
   vertex 0.00656206 -0.0144086 0
  endloop
 endfacet
 facet normal 0 0 1
  outer loop
   vertex 0.00669879 -0.0133055 0
   vertex 0.00583268 -0.0137016 0
   vertex 0.00656206 -0.0144086 0
  endloop
 endfacet
 facet normal 0 0 1
  outer loop
   vertex 0.00835283 -0.0134812 0
   vertex 0.00756071 -0.0128612 0
   vertex 0.00745136 -0.0139762 0
  endloop
 endfacet
 facet normal 0 0 1
  outer loop
   vertex 0.00756071 -0.0128612 0
   vertex 0.00669879 -0.0133055 0
   vertex 0.00745136 -0.0139762 0
  endloop
 endfacet
 facet normal 0 0 1
  outer loop
   vertex 0.0093796 -0.0129073 0
   vertex 0.00843079 -0.0123786 0
   vertex 0.00835283 -0.0134812 0
  endloop
 endfacet
 facet normal 0 0 1
  outer loop
   vertex 0.00843079 -0.0123786 0
   vertex 0.00756071 -0.0128612 0
   vertex 0.00835283 -0.0134812 0
  endloop
 endfacet
 facet normal 0 0 1
  outer loop
   vertex 0.0102343 -0.0122218 0
   vertex 0.00925116 -0.0118362 0
   vertex 0.0093796 -0.0129073 0
  endloop
 endfacet
 facet normal 0 0 1
  outer loop
   vertex 0.0093796 -0.0129073 0
   vertex 0.00925116 -0.0118362 0
   vertex 0.00843079 -0.0123786 0
  endloop
 endfacet
 facet normal 0 0 1
  outer loop
   vertex 0.00999082 -0.0112858 0
   vertex 0.00925116 -0.0118362 0
   vertex 0.0102343 -0.0122218 0
  endloop
 endfacet
 facet normal 0 0 1
  outer loop
   vertex 0.0126455 -0.00967138 0
   vertex 0.011739 -0.0094414 0
   vertex 0.0121177 -0.0103867 0
  endloop
 endfacet
 facet normal 0 0 1
  outer loop
   vertex 0.0156073 -0.00308326 0
   vertex 0.0146312 -0.00344676 0
   vertex 0.0153637 -0.00425209 0
  endloop
 endfacet
 facet normal 0 0 1
  outer loop
   vertex 0.0121177 -0.0103867 0
   vertex 0.0112572 -0.0101389 0
   vertex 0.0115455 -0.0110369 0
  endloop
 endfacet
 facet normal 0 0 1
  outer loop
   vertex 0.011739 -0.0094414 0
   vertex 0.0112572 -0.0101389 0
   vertex 0.0121177 -0.0103867 0
  endloop
 endfacet
 facet normal 0 0 1
  outer loop
   vertex 0.0115455 -0.0110369 0
   vertex 0.0106588 -0.0107532 0
   vertex 0.0109213 -0.0116446 0
  endloop
 endfacet
 facet normal 0 0 1
  outer loop
   vertex 0.0109213 -0.0116446 0
   vertex 0.0106588 -0.0107532 0
   vertex 0.00999082 -0.0112858 0
  endloop
 endfacet
 facet normal 0 0 1
  outer loop
   vertex 0.0112572 -0.0101389 0
   vertex 0.0106588 -0.0107532 0
   vertex 0.0115455 -0.0110369 0
  endloop
 endfacet
 facet normal 0 0 1
  outer loop
   vertex 0.01317 -0.00889566 0
   vertex 0.012231 -0.00870464 0
   vertex 0.0126455 -0.00967138 0
  endloop
 endfacet
 facet normal 0 0 1
  outer loop
   vertex 0.012231 -0.00870464 0
   vertex 0.011739 -0.0094414 0
   vertex 0.0126455 -0.00967138 0
  endloop
 endfacet
 facet normal 0 0 1
  outer loop
   vertex 0.0136679 -0.0080788 0
   vertex 0.0127082 -0.00793132 0
   vertex 0.01317 -0.00889566 0
  endloop
 endfacet
 facet normal 0 0 1
  outer loop
   vertex 0.0127082 -0.00793132 0
   vertex 0.012231 -0.00870464 0
   vertex 0.01317 -0.00889566 0
  endloop
 endfacet
 facet normal 0 0 1
  outer loop
   vertex 0.0141307 -0.00722329 0
   vertex 0.0131652 -0.00711645 0
   vertex 0.0136679 -0.0080788 0
  endloop
 endfacet
 facet normal 0 0 1
  outer loop
   vertex 0.0131652 -0.00711645 0
   vertex 0.0127082 -0.00793132 0
   vertex 0.0136679 -0.0080788 0
  endloop
 endfacet
 facet normal 0 0 1
  outer loop
   vertex 0.0145541 -0.00632684 0
   vertex 0.0135894 -0.00626266 0
   vertex 0.0141307 -0.00722329 0
  endloop
 endfacet
 facet normal 0 0 1
  outer loop
   vertex 0.0135894 -0.00626266 0
   vertex 0.0131652 -0.00711645 0
   vertex 0.0141307 -0.00722329 0
  endloop
 endfacet
 facet normal 0 0 1
  outer loop
   vertex 0.0149451 -0.00537142 0
   vertex 0.0139806 -0.00536626 0
   vertex 0.0145541 -0.00632684 0
  endloop
 endfacet
 facet normal 0 0 1
  outer loop
   vertex 0.0139806 -0.00536626 0
   vertex 0.0135894 -0.00626266 0
   vertex 0.0145541 -0.00632684 0
  endloop
 endfacet
 facet normal 0 0 1
  outer loop
   vertex 0.0153637 -0.00425209 0
   vertex 0.0143439 -0.00442104 0
   vertex 0.0149451 -0.00537142 0
  endloop
 endfacet
 facet normal 0 0 1
  outer loop
   vertex 0.0149451 -0.00537142 0
   vertex 0.0143439 -0.00442104 0
   vertex 0.0139806 -0.00536626 0
  endloop
 endfacet
 facet normal 0 0 1
  outer loop
   vertex 0.0146312 -0.00344676 0
   vertex 0.0143439 -0.00442104 0
   vertex 0.0153637 -0.00425209 0
  endloop
 endfacet
 facet normal 0 0 1
  outer loop
   vertex 0.0158913 -0.00117147 0
   vertex 0.0149779 -0.00158547 0
   vertex 0.0157796 -0.00209584 0
  endloop
 endfacet
 facet normal 0 0 1
  outer loop
   vertex 0.0157796 -0.00209584 0
   vertex 0.0148355 -0.00249923 0
   vertex 0.0156073 -0.00308326 0
  endloop
 endfacet
 facet normal 0 0 1
  outer loop
   vertex 0.0148355 -0.00249923 0
   vertex 0.0146312 -0.00344676 0
   vertex 0.0156073 -0.00308326 0
  endloop
 endfacet
 facet normal 0 0 1
  outer loop
   vertex 0.0127254 0.00962952 0
   vertex 0.0123363 0.00868088 0
   vertex 0.0133708 0.00874743 0
  endloop
 endfacet
 facet normal 0 0 1
  outer loop
   vertex 0.0133708 0.00874743 0
   vertex 0.0123363 0.00868088 0
   vertex 0.0128298 0.00785405 0
  endloop
 endfacet
 facet normal -0 0 1
  outer loop
   vertex 0.0118018 0.00941987 0
   vertex 0.0123363 0.00868088 0
   vertex 0.0127254 0.00962952 0
  endloop
 endfacet
 facet normal 0 0 1
  outer loop
   vertex 0.0157846 0.00229573 0
   vertex 0.0150175 0.00178897 0
   vertex 0.0158839 0.00137387 0
  endloop
 endfacet
 facet normal 0 0 1
  outer loop
   vertex 0.0150175 0.00178897 0
   vertex 0.0150436 0.000936132 0
   vertex 0.0158839 0.00137387 0
  endloop
 endfacet
 facet normal 0 0 1
  outer loop
   vertex 0.0156021 0.00322447 0
   vertex 0.0148793 0.00266502 0
   vertex 0.0157846 0.00229573 0
  endloop
 endfacet
 facet normal 0 0 1
  outer loop
   vertex 0.0157846 0.00229573 0
   vertex 0.0148793 0.00266502 0
   vertex 0.0150175 0.00178897 0
  endloop
 endfacet
 facet normal 0 0 1
  outer loop
   vertex 0.014618 0.00351004 0
   vertex 0.0148793 0.00266502 0
   vertex 0.0156021 0.00322447 0
  endloop
 endfacet
 facet normal 0 0 1
  outer loop
   vertex 0.00510389 0.0150426 0
   vertex 0.00436906 0.0143149 0
   vertex 0.00533884 0.0140464 0
  endloop
 endfacet
 facet normal -0 0 1
  outer loop
   vertex -0.0158248 0.00149516 0
   vertex -0.0149809 0.00100411 0
   vertex -0.0148876 0.00199355 0
  endloop
 endfacet
 facet normal 0 0 1
  outer loop
   vertex -0.012246 -0.00866619 0
   vertex -0.0127035 -0.00793707 0
   vertex -0.0132124 -0.00885049 0
  endloop
 endfacet
 facet normal 0 0 1
  outer loop
   vertex 0.0149779 -0.00158547 0
   vertex 0.0148355 -0.00249923 0
   vertex 0.0157796 -0.00209584 0
  endloop
 endfacet
 facet normal 0 0 1
  outer loop
   vertex 0.0158913 -0.00117147 0
   vertex 0.0150478 -0.000702829 0
   vertex 0.0149779 -0.00158547 0
  endloop
 endfacet
 facet normal 0 0 1
  outer loop
   vertex 0.0159397 -0.000318846 0
   vertex 0.0150478 -0.000702829 0
   vertex 0.0158913 -0.00117147 0
  endloop
 endfacet
 facet normal 0 0 1
  outer loop
   vertex 0.0150436 0.000936132 0
   vertex 0.0150674 9.05016e-05 0
   vertex 0.0159373 0.00047118 0
  endloop
 endfacet
 facet normal -0 0 1
  outer loop
   vertex 0.0150674 9.05016e-05 0
   vertex 0.0159397 -0.000318846 0
   vertex 0.0159373 0.00047118 0
  endloop
 endfacet
 facet normal 0 0 1
  outer loop
   vertex 0.00436906 0.0143149 0
   vertex 0.0045625 0.0133469 0
   vertex 0.00533884 0.0140464 0
  endloop
 endfacet
 facet normal 0 0 1
  outer loop
   vertex 0.0143322 0.00437458 0
   vertex 0.0136259 0.00368777 0
   vertex 0.014618 0.00351004 0
  endloop
 endfacet
 facet normal 0 0 1
  outer loop
   vertex 0.0132639 0.0069836 0
   vertex 0.0126361 0.00621348 0
   vertex 0.0136563 0.00612403 0
  endloop
 endfacet
 facet normal 0 0 1
  outer loop
   vertex 0.0128298 0.00785405 0
   vertex 0.0122486 0.00703392 0
   vertex 0.0132639 0.0069836 0
  endloop
 endfacet
 facet normal 0 0 1
  outer loop
   vertex 0.0122486 0.00703392 0
   vertex 0.0126361 0.00621348 0
   vertex 0.0132639 0.0069836 0
  endloop
 endfacet
 facet normal 0 0 1
  outer loop
   vertex 0.0150175 0.00178897 0
   vertex 0.0141595 0.00137223 0
   vertex 0.0150436 0.000936132 0
  endloop
 endfacet
 facet normal 0 0 1
  outer loop
   vertex 0.0100525 0.0112447 0
   vertex 0.00974639 0.0103819 0
   vertex 0.0106746 0.0106842 0
  endloop
 endfacet
 facet normal 0 0 1
  outer loop
   vertex 0.0112483 0.0100699 0
   vertex 0.0108672 0.00921009 0
   vertex 0.0118018 0.00941987 0
  endloop
 endfacet
 facet normal 0 0 1
  outer loop
   vertex 0.00872505 0.0122677 0
   vertex 0.00847522 0.0113808 0
   vertex 0.00941115 0.0117758 0
  endloop
 endfacet
 facet normal 0 0 1
  outer loop
   vertex 0.0079878 0.0127522 0
   vertex 0.00779295 0.0118514 0
   vertex 0.00872505 0.0122677 0
  endloop
 endfacet
 facet normal -0 0 1
  outer loop
   vertex 0.00779295 0.0118514 0
   vertex 0.00847522 0.0113808 0
   vertex 0.00872505 0.0122677 0
  endloop
 endfacet
 facet normal 0 0 1
  outer loop
   vertex 0.00718612 0.0132247 0
   vertex 0.00707271 0.0123115 0
   vertex 0.0079878 0.0127522 0
  endloop
 endfacet
 facet normal -0 0 1
  outer loop
   vertex 0.00707271 0.0123115 0
   vertex 0.00779295 0.0118514 0
   vertex 0.0079878 0.0127522 0
  endloop
 endfacet
 facet normal -0 0 1
  outer loop
   vertex -0.0085998 0.012187 0
   vertex -0.00773097 0.0116452 0
   vertex -0.0078098 0.0126826 0
  endloop
 endfacet
 facet normal 0 0 1
  outer loop
   vertex 0.000551637 0.0148718 0
   vertex 0.000907158 0.0139273 0
   vertex 0.00151705 0.0148056 0
  endloop
 endfacet
 facet normal 0 0 1
  outer loop
   vertex -0.00471847 -0.0141438 0
   vertex -0.00490529 -0.0131337 0
   vertex -0.00563387 -0.0138457 0
  endloop
 endfacet
 facet normal 0 0 1
  outer loop
   vertex -0.0149809 0.00100411 0
   vertex -0.0140517 0.00141019 0
   vertex -0.0148876 0.00199355 0
  endloop
 endfacet
 facet normal 0 0 1
  outer loop
   vertex 0.00151705 0.0148056 0
   vertex 0.00184198 0.0138455 0
   vertex 0.00247058 0.0146931 0
  endloop
 endfacet
 facet normal -0 0 1
  outer loop
   vertex 0.000907158 0.0139273 0
   vertex 0.00184198 0.0138455 0
   vertex 0.00151705 0.0148056 0
  endloop
 endfacet
 facet normal 0 0 1
  outer loop
   vertex 0.0034187 0.0145294 0
   vertex 0.00366608 0.0135546 0
   vertex 0.00436906 0.0143149 0
  endloop
 endfacet
 facet normal -0 0 1
  outer loop
   vertex 0.00366608 0.0135546 0
   vertex 0.0045625 0.0133469 0
   vertex 0.00436906 0.0143149 0
  endloop
 endfacet
 facet normal 0 0 1
  outer loop
   vertex -0.000426357 0.0148924 0
   vertex -4.07032e-05 0.0139701 0
   vertex 0.000551637 0.0148718 0
  endloop
 endfacet
 facet normal -0 0 1
  outer loop
   vertex -4.07032e-05 0.0139701 0
   vertex 0.000907158 0.0139273 0
   vertex 0.000551637 0.0148718 0
  endloop
 endfacet
 facet normal -0 0 1
  outer loop
   vertex -0.00141744 0.0148775 0
   vertex -0.00100444 0.0139724 0
   vertex -0.000426357 0.0148924 0
  endloop
 endfacet
 facet normal -0 0 1
  outer loop
   vertex -0.00100444 0.0139724 0
   vertex -4.07032e-05 0.0139701 0
   vertex -0.000426357 0.0148924 0
  endloop
 endfacet
 facet normal 0 0 1
  outer loop
   vertex -0.0141676 0.00490811 0
   vertex -0.0132147 0.00496416 0
   vertex -0.0138386 0.00579655 0
  endloop
 endfacet
 facet normal -0 0 1
  outer loop
   vertex -0.0078098 0.0126826 0
   vertex -0.00696405 0.0121041 0
   vertex -0.0069974 0.0131425 0
  endloop
 endfacet
 facet normal 0 -0 1
  outer loop
   vertex -0.00773097 0.0116452 0
   vertex -0.00696405 0.0121041 0
   vertex -0.0078098 0.0126826 0
  endloop
 endfacet
 facet normal 0 -0 1
  outer loop
   vertex -0.0117876 -0.00934374 0
   vertex -0.0112333 -0.00850792 0
   vertex -0.012246 -0.00866619 0
  endloop
 endfacet
 facet normal -0 0 1
  outer loop
   vertex -0.0069974 0.0131425 0
   vertex -0.00615857 0.0125416 0
   vertex -0.00615312 0.0135684 0
  endloop
 endfacet
 facet normal 0 -0 1
  outer loop
   vertex -0.00696405 0.0121041 0
   vertex -0.00615857 0.0125416 0
   vertex -0.0069974 0.0131425 0
  endloop
 endfacet
 facet normal -0 0 1
  outer loop
   vertex -0.0130372 0.00747995 0
   vertex -0.0121031 0.00737803 0
   vertex -0.0125624 0.00827698 0
  endloop
 endfacet
 facet normal -0 0 1
  outer loop
   vertex -0.00935308 0.011655 0
   vertex -0.00847039 0.0111597 0
   vertex -0.0085998 0.012187 0
  endloop
 endfacet
 facet normal 0 -0 1
  outer loop
   vertex -0.00847039 0.0111597 0
   vertex -0.00773097 0.0116452 0
   vertex -0.0085998 0.012187 0
  endloop
 endfacet
 facet normal -0 0 1
  outer loop
   vertex -0.0100808 0.0110838 0
   vertex -0.00919038 0.0106321 0
   vertex -0.00935308 0.011655 0
  endloop
 endfacet
 facet normal 0 -0 1
  outer loop
   vertex -0.00919038 0.0106321 0
   vertex -0.00847039 0.0111597 0
   vertex -0.00935308 0.011655 0
  endloop
 endfacet
 facet normal -0 0 1
  outer loop
   vertex -0.0138386 0.00579655 0
   vertex -0.012896 0.00579567 0
   vertex -0.0134673 0.0066512 0
  endloop
 endfacet
 facet normal 0 -0 1
  outer loop
   vertex -0.0132147 0.00496416 0
   vertex -0.012896 0.00579567 0
   vertex -0.0138386 0.00579655 0
  endloop
 endfacet
 facet normal -0 0 1
  outer loop
   vertex -0.00615312 0.0135684 0
   vertex -0.00533145 0.0129391 0
   vertex -0.00527855 0.0139539 0
  endloop
 endfacet
 facet normal 0 0 1
  outer loop
   vertex -0.00615857 0.0125416 0
   vertex -0.00533145 0.0129391 0
   vertex -0.00615312 0.0135684 0
  endloop
 endfacet
 facet normal -0 0 1
  outer loop
   vertex -0.0134673 0.0066512 0
   vertex -0.0125303 0.00660205 0
   vertex -0.0130372 0.00747995 0
  endloop
 endfacet
 facet normal 0 0 1
  outer loop
   vertex -0.0130372 0.00747995 0
   vertex -0.0125303 0.00660205 0
   vertex -0.0121031 0.00737803 0
  endloop
 endfacet
 facet normal 0 -0 1
  outer loop
   vertex -0.012896 0.00579567 0
   vertex -0.0125303 0.00660205 0
   vertex -0.0134673 0.0066512 0
  endloop
 endfacet
 facet normal 0 -0 1
  outer loop
   vertex -0.0149685 -0.000816791 0
   vertex -0.0141041 -0.000361642 0
   vertex -0.015017 6.86321e-05 0
  endloop
 endfacet
 facet normal 0 0 1
  outer loop
   vertex -0.0144567 0.00398169 0
   vertex -0.0134981 0.00410441 0
   vertex -0.0141676 0.00490811 0
  endloop
 endfacet
 facet normal 0 -0 1
  outer loop
   vertex -0.0134981 0.00410441 0
   vertex -0.0132147 0.00496416 0
   vertex -0.0141676 0.00490811 0
  endloop
 endfacet
 facet normal 0 -0 1
  outer loop
   vertex -0.011327 -0.00998694 0
   vertex -0.0107931 -0.00917219 0
   vertex -0.0117876 -0.00934374 0
  endloop
 endfacet
 facet normal 0 0 1
  outer loop
   vertex -0.0107931 -0.00917219 0
   vertex -0.0112333 -0.00850792 0
   vertex -0.0117876 -0.00934374 0
  endloop
 endfacet
 facet normal 0 -0 1
  outer loop
   vertex -0.0147082 -0.00263541 0
   vertex -0.0139029 -0.00210641 0
   vertex -0.0148622 -0.00172862 0
  endloop
 endfacet
 facet normal 0 0 1
  outer loop
   vertex 0.00247058 0.0146931 0
   vertex 0.00276166 0.0137224 0
   vertex 0.0034187 0.0145294 0
  endloop
 endfacet
 facet normal 0 0 1
  outer loop
   vertex 0.0034187 0.0145294 0
   vertex 0.00276166 0.0137224 0
   vertex 0.00366608 0.0135546 0
  endloop
 endfacet
 facet normal -0 0 1
  outer loop
   vertex 0.00184198 0.0138455 0
   vertex 0.00276166 0.0137224 0
   vertex 0.00247058 0.0146931 0
  endloop
 endfacet
 facet normal 0 -0 1
  outer loop
   vertex -0.012246 -0.00866619 0
   vertex -0.0116906 -0.00781807 0
   vertex -0.0127035 -0.00793707 0
  endloop
 endfacet
 facet normal 0 0 1
  outer loop
   vertex -0.0112333 -0.00850792 0
   vertex -0.0116906 -0.00781807 0
   vertex -0.012246 -0.00866619 0
  endloop
 endfacet
 facet normal 0 -0 1
  outer loop
   vertex -0.0148622 -0.00172862 0
   vertex -0.0140321 -0.00123623 0
   vertex -0.0149685 -0.000816791 0
  endloop
 endfacet
 facet normal -0 0 1
  outer loop
   vertex -0.0149685 -0.000816791 0
   vertex -0.0140321 -0.00123623 0
   vertex -0.0141041 -0.000361642 0
  endloop
 endfacet
 facet normal 0 0 1
  outer loop
   vertex -0.0139029 -0.00210641 0
   vertex -0.0140321 -0.00123623 0
   vertex -0.0148622 -0.00172862 0
  endloop
 endfacet
 facet normal 0 0 1
  outer loop
   vertex -0.015017 6.86321e-05 0
   vertex -0.0141094 0.00051338 0
   vertex -0.0149809 0.00100411 0
  endloop
 endfacet
 facet normal 0 -0 1
  outer loop
   vertex -0.0141094 0.00051338 0
   vertex -0.0140517 0.00141019 0
   vertex -0.0149809 0.00100411 0
  endloop
 endfacet
 facet normal 0 -0 1
  outer loop
   vertex -0.0145034 -0.003537 0
   vertex -0.0137184 -0.0029676 0
   vertex -0.0147082 -0.00263541 0
  endloop
 endfacet
 facet normal 0 0 1
  outer loop
   vertex -0.0137184 -0.0029676 0
   vertex -0.0139029 -0.00210641 0
   vertex -0.0147082 -0.00263541 0
  endloop
 endfacet
 facet normal 0 -0 1
  outer loop
   vertex -0.0142491 -0.00443689 0
   vertex -0.0134897 -0.0038166 0
   vertex -0.0145034 -0.003537 0
  endloop
 endfacet
 facet normal 0 0 1
  outer loop
   vertex -0.0134897 -0.0038166 0
   vertex -0.0137184 -0.0029676 0
   vertex -0.0145034 -0.003537 0
  endloop
 endfacet
 facet normal 0 -0 1
  outer loop
   vertex -0.0139466 -0.00534258 0
   vertex -0.0132198 -0.00466897 0
   vertex -0.0142491 -0.00443689 0
  endloop
 endfacet
 facet normal 0 0 1
  outer loop
   vertex -0.0132198 -0.00466897 0
   vertex -0.0134897 -0.0038166 0
   vertex -0.0142491 -0.00443689 0
  endloop
 endfacet
 facet normal 0 0 1
  outer loop
   vertex -0.00189626 -0.0147713 0
   vertex -0.00217305 -0.0138079 0
   vertex -0.00285615 -0.0146146 0
  endloop
 endfacet
 facet normal 0 -0 1
  outer loop
   vertex -0.0107811 -0.0105838 0
   vertex -0.0104691 -0.00982129 0
   vertex -0.011327 -0.00998694 0
  endloop
 endfacet
 facet normal 0 0 1
  outer loop
   vertex -0.0104691 -0.00982129 0
   vertex -0.0107931 -0.00917219 0
   vertex -0.011327 -0.00998694 0
  endloop
 endfacet
 facet normal 0 0 1
  outer loop
   vertex 0.0106746 0.0106842 0
   vertex 0.0103261 0.00982316 0
   vertex 0.0112483 0.0100699 0
  endloop
 endfacet
 facet normal 0 0 1
  outer loop
   vertex 0.0112483 0.0100699 0
   vertex 0.0103261 0.00982316 0
   vertex 0.0108672 0.00921009 0
  endloop
 endfacet
 facet normal -0 0 1
  outer loop
   vertex 0.00974639 0.0103819 0
   vertex 0.0103261 0.00982316 0
   vertex 0.0106746 0.0106842 0
  endloop
 endfacet
 facet normal 0 -0 1
  outer loop
   vertex -0.0127035 -0.00793707 0
   vertex -0.012139 -0.00709327 0
   vertex -0.0131739 -0.00713463 0
  endloop
 endfacet
 facet normal 0 0 1
  outer loop
   vertex -0.0116906 -0.00781807 0
   vertex -0.012139 -0.00709327 0
   vertex -0.0127035 -0.00793707 0
  endloop
 endfacet
 facet normal 0 0 1
  outer loop
   vertex 0.0149779 -0.00158547 0
   vertex 0.0140856 -0.00193376 0
   vertex 0.0148355 -0.00249923 0
  endloop
 endfacet
 facet normal 0 -0 1
  outer loop
   vertex -0.0101503 -0.011096 0
   vertex -0.00981674 -0.0102073 0
   vertex -0.0107811 -0.0105838 0
  endloop
 endfacet
 facet normal 0 0 1
  outer loop
   vertex -0.00981674 -0.0102073 0
   vertex -0.0104691 -0.00982129 0
   vertex -0.0107811 -0.0105838 0
  endloop
 endfacet
 facet normal 0 -0 1
  outer loop
   vertex -0.00948749 -0.0116416 0
   vertex -0.00915929 -0.0107255 0
   vertex -0.0101503 -0.011096 0
  endloop
 endfacet
 facet normal 0 0 1
  outer loop
   vertex -0.00915929 -0.0107255 0
   vertex -0.00981674 -0.0102073 0
   vertex -0.0101503 -0.011096 0
  endloop
 endfacet
 facet normal 0 -0 1
  outer loop
   vertex -0.00878349 -0.0122257 0
   vertex -0.00848136 -0.0112853 0
   vertex -0.00948749 -0.0116416 0
  endloop
 endfacet
 facet normal 0 0 1
  outer loop
   vertex -0.00848136 -0.0112853 0
   vertex -0.00915929 -0.0107255 0
   vertex -0.00948749 -0.0116416 0
  endloop
 endfacet
 facet normal 0 0 1
  outer loop
   vertex 0.00669879 -0.0133055 0
   vertex 0.00594847 -0.0126434 0
   vertex 0.00583268 -0.0137016 0
  endloop
 endfacet
 facet normal 0 0 1
  outer loop
   vertex -0.00285615 -0.0146146 0
   vertex -0.003084 -0.0136353 0
   vertex -0.00378881 -0.0144053 0
  endloop
 endfacet
 facet normal 0 0 1
  outer loop
   vertex -0.00217305 -0.0138079 0
   vertex -0.003084 -0.0136353 0
   vertex -0.00285615 -0.0146146 0
  endloop
 endfacet
 facet normal 0 0 1
  outer loop
   vertex 0.00941115 0.0117758 0
   vertex 0.00912695 0.0108962 0
   vertex 0.0100525 0.0112447 0
  endloop
 endfacet
 facet normal 0 0 1
  outer loop
   vertex 0.0100525 0.0112447 0
   vertex 0.00912695 0.0108962 0
   vertex 0.00974639 0.0103819 0
  endloop
 endfacet
 facet normal -0 0 1
  outer loop
   vertex 0.00847522 0.0113808 0
   vertex 0.00912695 0.0108962 0
   vertex 0.00941115 0.0117758 0
  endloop
 endfacet
 facet normal 0 0 1
  outer loop
   vertex -0.00378881 -0.0144053 0
   vertex -0.00398925 -0.0134095 0
   vertex -0.00471847 -0.0141438 0
  endloop
 endfacet
 facet normal 0 -0 1
  outer loop
   vertex -0.00471847 -0.0141438 0
   vertex -0.00398925 -0.0134095 0
   vertex -0.00490529 -0.0131337 0
  endloop
 endfacet
 facet normal 0 0 1
  outer loop
   vertex -0.003084 -0.0136353 0
   vertex -0.00398925 -0.0134095 0
   vertex -0.00378881 -0.0144053 0
  endloop
 endfacet
 facet normal 0 0 1
  outer loop
   vertex 0.00405888 -0.0143399 0
   vertex 0.00339789 -0.0135789 0
   vertex 0.00313756 -0.0145781 0
  endloop
 endfacet
 facet normal 0 0 1
  outer loop
   vertex -0.000909594 -0.0148764 0
   vertex -0.00124012 -0.0139286 0
   vertex -0.00189626 -0.0147713 0
  endloop
 endfacet
 facet normal 0 0 1
  outer loop
   vertex -0.00124012 -0.0139286 0
   vertex -0.00217305 -0.0138079 0
   vertex -0.00189626 -0.0147713 0
  endloop
 endfacet
 facet normal 0 0 1
  outer loop
   vertex 0.0131652 -0.00711645 0
   vertex 0.0122007 -0.00702247 0
   vertex 0.0127082 -0.00793132 0
  endloop
 endfacet
 facet normal 0 0 1
  outer loop
   vertex 0.00583268 -0.0137016 0
   vertex 0.00511647 -0.0130051 0
   vertex 0.00495856 -0.0140466 0
  endloop
 endfacet
 facet normal 0 0 1
  outer loop
   vertex 0.00594847 -0.0126434 0
   vertex 0.00511647 -0.0130051 0
   vertex 0.00583268 -0.0137016 0
  endloop
 endfacet
 facet normal 0 0 1
  outer loop
   vertex 0.0136563 0.00612403 0
   vertex 0.0129915 0.00538905 0
   vertex 0.0140104 0.00525642 0
  endloop
 endfacet
 facet normal 0 0 1
  outer loop
   vertex 0.0126361 0.00621348 0
   vertex 0.0129915 0.00538905 0
   vertex 0.0136563 0.00612403 0
  endloop
 endfacet
 facet normal 0 0 1
  outer loop
   vertex 0.00495856 -0.0140466 0
   vertex 0.00426859 -0.0133198 0
   vertex 0.00405888 -0.0143399 0
  endloop
 endfacet
 facet normal 0 -0 1
  outer loop
   vertex 0.00405888 -0.0143399 0
   vertex 0.00426859 -0.0133198 0
   vertex 0.00339789 -0.0135789 0
  endloop
 endfacet
 facet normal 0 0 1
  outer loop
   vertex 0.00511647 -0.0130051 0
   vertex 0.00426859 -0.0133198 0
   vertex 0.00495856 -0.0140466 0
  endloop
 endfacet
 facet normal 0 0 1
  outer loop
   vertex 0.011739 -0.0094414 0
   vertex 0.0108221 -0.00925917 0
   vertex 0.0112572 -0.0101389 0
  endloop
 endfacet
 facet normal 0 0 1
  outer loop
   vertex 0.00756071 -0.0128612 0
   vertex 0.0067711 -0.0122365 0
   vertex 0.00669879 -0.0133055 0
  endloop
 endfacet
 facet normal 0 0 1
  outer loop
   vertex 0.0067711 -0.0122365 0
   vertex 0.00594847 -0.0126434 0
   vertex 0.00669879 -0.0133055 0
  endloop
 endfacet
 facet normal 0 0 1
  outer loop
   vertex 0.00843079 -0.0123786 0
   vertex 0.00757994 -0.0117935 0
   vertex 0.00756071 -0.0128612 0
  endloop
 endfacet
 facet normal 0 0 1
  outer loop
   vertex 0.00757994 -0.0117935 0
   vertex 0.0067711 -0.0122365 0
   vertex 0.00756071 -0.0128612 0
  endloop
 endfacet
 facet normal 0 0 1
  outer loop
   vertex 0.0127082 -0.00793132 0
   vertex 0.0117514 -0.00779739 0
   vertex 0.012231 -0.00870464 0
  endloop
 endfacet
 facet normal 0 0 1
  outer loop
   vertex 0.0122007 -0.00702247 0
   vertex 0.0117514 -0.00779739 0
   vertex 0.0127082 -0.00793132 0
  endloop
 endfacet
 facet normal 0 0 1
  outer loop
   vertex 0.0140104 0.00525642 0
   vertex 0.0133243 0.0045355 0
   vertex 0.0143322 0.00437458 0
  endloop
 endfacet
 facet normal 0 0 1
  outer loop
   vertex 0.0143322 0.00437458 0
   vertex 0.0133243 0.0045355 0
   vertex 0.0136259 0.00368777 0
  endloop
 endfacet
 facet normal 0 0 1
  outer loop
   vertex 0.0129915 0.00538905 0
   vertex 0.0133243 0.0045355 0
   vertex 0.0140104 0.00525642 0
  endloop
 endfacet
 facet normal 0 0 1
  outer loop
   vertex 0.012231 -0.00870464 0
   vertex 0.0112854 -0.00854437 0
   vertex 0.011739 -0.0094414 0
  endloop
 endfacet
 facet normal 0 0 1
  outer loop
   vertex 0.011739 -0.0094414 0
   vertex 0.0112854 -0.00854437 0
   vertex 0.0108221 -0.00925917 0
  endloop
 endfacet
 facet normal 0 0 1
  outer loop
   vertex 0.0117514 -0.00779739 0
   vertex 0.0112854 -0.00854437 0
   vertex 0.012231 -0.00870464 0
  endloop
 endfacet
 facet normal 0 0 1
  outer loop
   vertex 0.0135894 -0.00626266 0
   vertex 0.0126203 -0.0062191 0
   vertex 0.0131652 -0.00711645 0
  endloop
 endfacet
 facet normal 0 0 1
  outer loop
   vertex 0.0126203 -0.0062191 0
   vertex 0.0122007 -0.00702247 0
   vertex 0.0131652 -0.00711645 0
  endloop
 endfacet
 facet normal 0 0 1
  outer loop
   vertex 0.0139806 -0.00536626 0
   vertex 0.0130094 -0.00537798 0
   vertex 0.0135894 -0.00626266 0
  endloop
 endfacet
 facet normal 0 0 1
  outer loop
   vertex 0.0130094 -0.00537798 0
   vertex 0.0126203 -0.0062191 0
   vertex 0.0135894 -0.00626266 0
  endloop
 endfacet
 facet normal 0 0 1
  outer loop
   vertex 0.0148355 -0.00249923 0
   vertex 0.0138792 -0.00277039 0
   vertex 0.0146312 -0.00344676 0
  endloop
 endfacet
 facet normal 0 0 1
  outer loop
   vertex 0.0140856 -0.00193376 0
   vertex 0.0138792 -0.00277039 0
   vertex 0.0148355 -0.00249923 0
  endloop
 endfacet
 facet normal 0 0 1
  outer loop
   vertex 0.0136259 0.00368777 0
   vertex 0.0139125 0.00285957 0
   vertex 0.014618 0.00351004 0
  endloop
 endfacet
 facet normal -0 0 1
  outer loop
   vertex 0.0139125 0.00285957 0
   vertex 0.0148793 0.00266502 0
   vertex 0.014618 0.00351004 0
  endloop
 endfacet
 facet normal 0 0 1
  outer loop
   vertex 0.0106588 -0.0107532 0
   vertex 0.00979792 -0.0103235 0
   vertex 0.00999082 -0.0112858 0
  endloop
 endfacet
 facet normal 0 0 1
  outer loop
   vertex 0.0128298 0.00785405 0
   vertex 0.0118277 0.00781901 0
   vertex 0.0122486 0.00703392 0
  endloop
 endfacet
 facet normal 0 0 1
  outer loop
   vertex 0.0123363 0.00868088 0
   vertex 0.0118277 0.00781901 0
   vertex 0.0128298 0.00785405 0
  endloop
 endfacet
 facet normal 0 0 1
  outer loop
   vertex -0.012139 -0.00709327 0
   vertex -0.0125525 -0.00632513 0
   vertex -0.0131739 -0.00713463 0
  endloop
 endfacet
 facet normal 0 0 1
  outer loop
   vertex -0.0125525 -0.00632513 0
   vertex -0.0135968 -0.00626136 0
   vertex -0.0131739 -0.00713463 0
  endloop
 endfacet
 facet normal 0 0 1
  outer loop
   vertex 0.00718612 0.0132247 0
   vertex 0.00628959 0.0127388 0
   vertex 0.00707271 0.0123115 0
  endloop
 endfacet
 facet normal 0 0 1
  outer loop
   vertex 0.00629926 0.0136787 0
   vertex 0.00628959 0.0127388 0
   vertex 0.00718612 0.0132247 0
  endloop
 endfacet
 facet normal 0 0 1
  outer loop
   vertex 0.00533884 0.0140464 0
   vertex 0.00544128 0.0130878 0
   vertex 0.00629926 0.0136787 0
  endloop
 endfacet
 facet normal 0 0 1
  outer loop
   vertex 0.00629926 0.0136787 0
   vertex 0.00544128 0.0130878 0
   vertex 0.00628959 0.0127388 0
  endloop
 endfacet
 facet normal -0 0 1
  outer loop
   vertex 0.0045625 0.0133469 0
   vertex 0.00544128 0.0130878 0
   vertex 0.00533884 0.0140464 0
  endloop
 endfacet
 facet normal 0 0 1
  outer loop
   vertex -0.00490529 -0.0131337 0
   vertex -0.00583512 -0.012824 0
   vertex -0.00563387 -0.0138457 0
  endloop
 endfacet
 facet normal 0 0 1
  outer loop
   vertex -0.00583512 -0.012824 0
   vertex -0.00653702 -0.0135342 0
   vertex -0.00563387 -0.0138457 0
  endloop
 endfacet
 facet normal 0 -0 1
  outer loop
   vertex -0.0140517 0.00141019 0
   vertex -0.0139308 0.00231605 0
   vertex -0.0148876 0.00199355 0
  endloop
 endfacet
 facet normal 0 0 1
  outer loop
   vertex -0.0139308 0.00231605 0
   vertex -0.0147137 0.00300255 0
   vertex -0.0148876 0.00199355 0
  endloop
 endfacet
 facet normal 0 0 1
  outer loop
   vertex -0.00533145 0.0129391 0
   vertex -0.00447362 0.0132964 0
   vertex -0.00527855 0.0139539 0
  endloop
 endfacet
 facet normal 0 -0 1
  outer loop
   vertex -0.00447362 0.0132964 0
   vertex -0.00437589 0.0143074 0
   vertex -0.00527855 0.0139539 0
  endloop
 endfacet
 facet normal 0 0 1
  outer loop
   vertex -0.00141744 0.0148775 0
   vertex -0.00196328 0.0139543 0
   vertex -0.00100444 0.0139724 0
  endloop
 endfacet
 facet normal -0 0 1
  outer loop
   vertex -0.0024212 0.0148486 0
   vertex -0.00196328 0.0139543 0
   vertex -0.00141744 0.0148775 0
  endloop
 endfacet
 facet normal 0 -0 1
  outer loop
   vertex -0.0121031 0.00737803 0
   vertex -0.0116283 0.00811325 0
   vertex -0.0125624 0.00827698 0
  endloop
 endfacet
 facet normal 0 0 1
  outer loop
   vertex -0.0116283 0.00811325 0
   vertex -0.0120347 0.00903977 0
   vertex -0.0125624 0.00827698 0
  endloop
 endfacet
 facet normal -0 0 1
  outer loop
   vertex -0.00343798 0.0146556 0
   vertex -0.00281767 0.014012 0
   vertex -0.0024212 0.0148486 0
  endloop
 endfacet
 facet normal -0 0 1
  outer loop
   vertex -0.00281767 0.014012 0
   vertex -0.00196328 0.0139543 0
   vertex -0.0024212 0.0148486 0
  endloop
 endfacet
 facet normal -0 0 1
  outer loop
   vertex -0.00437589 0.0143074 0
   vertex -0.00359828 0.0136376 0
   vertex -0.00343798 0.0146556 0
  endloop
 endfacet
 facet normal 0 0 1
  outer loop
   vertex -0.00343798 0.0146556 0
   vertex -0.00359828 0.0136376 0
   vertex -0.00281767 0.014012 0
  endloop
 endfacet
 facet normal 0 0 1
  outer loop
   vertex -0.00447362 0.0132964 0
   vertex -0.00359828 0.0136376 0
   vertex -0.00437589 0.0143074 0
  endloop
 endfacet
 facet normal -0 0 1
  outer loop
   vertex -0.015017 6.86321e-05 0
   vertex -0.0141041 -0.000361642 0
   vertex -0.0141094 0.00051338 0
  endloop
 endfacet
 facet normal 0 0 1
  outer loop
   vertex -0.0100808 0.0110838 0
   vertex -0.00987678 0.0100685 0
   vertex -0.00919038 0.0106321 0
  endloop
 endfacet
 facet normal -0 0 1
  outer loop
   vertex -0.0107956 0.010477 0
   vertex -0.00987678 0.0100685 0
   vertex -0.0100808 0.0110838 0
  endloop
 endfacet
 facet normal 0 0 1
  outer loop
   vertex 0.0141595 0.00137223 0
   vertex 0.0141654 0.000537908 0
   vertex 0.0150436 0.000936132 0
  endloop
 endfacet
 facet normal -0 0 1
  outer loop
   vertex 0.0141654 0.000537908 0
   vertex 0.0150674 9.05016e-05 0
   vertex 0.0150436 0.000936132 0
  endloop
 endfacet
 facet normal -0 0 1
  outer loop
   vertex -0.0114506 0.00978776 0
   vertex -0.0105098 0.00947134 0
   vertex -0.0107956 0.010477 0
  endloop
 endfacet
 facet normal 0 -0 1
  outer loop
   vertex -0.0105098 0.00947134 0
   vertex -0.00987678 0.0100685 0
   vertex -0.0107956 0.010477 0
  endloop
 endfacet
 facet normal -0 0 1
  outer loop
   vertex -0.0120347 0.00903977 0
   vertex -0.0110949 0.00881245 0
   vertex -0.0114506 0.00978776 0
  endloop
 endfacet
 facet normal 0 0 1
  outer loop
   vertex -0.0114506 0.00978776 0
   vertex -0.0110949 0.00881245 0
   vertex -0.0105098 0.00947134 0
  endloop
 endfacet
 facet normal 0 -0 1
  outer loop
   vertex -0.0116283 0.00811325 0
   vertex -0.0110949 0.00881245 0
   vertex -0.0120347 0.00903977 0
  endloop
 endfacet
 facet normal 0 0 1
  outer loop
   vertex -0.0147137 0.00300255 0
   vertex -0.0137419 0.00321984 0
   vertex -0.0144567 0.00398169 0
  endloop
 endfacet
 facet normal -0 0 1
  outer loop
   vertex -0.0144567 0.00398169 0
   vertex -0.0137419 0.00321984 0
   vertex -0.0134981 0.00410441 0
  endloop
 endfacet
 facet normal 0 -0 1
  outer loop
   vertex -0.0139308 0.00231605 0
   vertex -0.0137419 0.00321984 0
   vertex -0.0147137 0.00300255 0
  endloop
 endfacet
 facet normal 0 -0 1
  outer loop
   vertex -0.0135968 -0.00626136 0
   vertex -0.0129094 -0.0055155 0
   vertex -0.0139466 -0.00534258 0
  endloop
 endfacet
 facet normal -0 0 1
  outer loop
   vertex -0.0139466 -0.00534258 0
   vertex -0.0129094 -0.0055155 0
   vertex -0.0132198 -0.00466897 0
  endloop
 endfacet
 facet normal 0 0 1
  outer loop
   vertex -0.0125525 -0.00632513 0
   vertex -0.0129094 -0.0055155 0
   vertex -0.0135968 -0.00626136 0
  endloop
 endfacet
 facet normal 0 0 1
  outer loop
   vertex 0.0149779 -0.00158547 0
   vertex 0.0141842 -0.00108549 0
   vertex 0.0140856 -0.00193376 0
  endloop
 endfacet
 facet normal 0 0 1
  outer loop
   vertex 0.0150478 -0.000702829 0
   vertex 0.0141842 -0.00108549 0
   vertex 0.0149779 -0.00158547 0
  endloop
 endfacet
 facet normal 0 0 1
  outer loop
   vertex -0.00878349 -0.0122257 0
   vertex -0.00774474 -0.0118665 0
   vertex -0.00848136 -0.0112853 0
  endloop
 endfacet
 facet normal 0 -0 1
  outer loop
   vertex -0.00803253 -0.0127877 0
   vertex -0.00774474 -0.0118665 0
   vertex -0.00878349 -0.0122257 0
  endloop
 endfacet
 facet normal 0 0 1
  outer loop
   vertex 0.00339789 -0.0135789 0
   vertex 0.00251037 -0.0137821 0
   vertex 0.00313756 -0.0145781 0
  endloop
 endfacet
 facet normal 0 0 1
  outer loop
   vertex 0.00251037 -0.0137821 0
   vertex 0.00218134 -0.0147614 0
   vertex 0.00313756 -0.0145781 0
  endloop
 endfacet
 facet normal 0 -0 1
  outer loop
   vertex -0.00737528 -0.0133316 0
   vertex -0.00688598 -0.0124957 0
   vertex -0.00803253 -0.0127877 0
  endloop
 endfacet
 facet normal 0 0 1
  outer loop
   vertex -0.00688598 -0.0124957 0
   vertex -0.00774474 -0.0118665 0
   vertex -0.00803253 -0.0127877 0
  endloop
 endfacet
 facet normal 0 0 1
  outer loop
   vertex -0.00653702 -0.0135342 0
   vertex -0.00688598 -0.0124957 0
   vertex -0.00737528 -0.0133316 0
  endloop
 endfacet
 facet normal 0 -0 1
  outer loop
   vertex -0.000909594 -0.0148764 0
   vertex -0.000296411 -0.0139965 0
   vertex -0.00124012 -0.0139286 0
  endloop
 endfacet
 facet normal 0 0 1
  outer loop
   vertex 0.000119509 -0.0149342 0
   vertex -0.000296411 -0.0139965 0
   vertex -0.000909594 -0.0148764 0
  endloop
 endfacet
 facet normal 0 0 1
  outer loop
   vertex 0.00116679 -0.0148947 0
   vertex 0.00065194 -0.0139999 0
   vertex 0.000119509 -0.0149342 0
  endloop
 endfacet
 facet normal 0 0 1
  outer loop
   vertex 0.00065194 -0.0139999 0
   vertex -0.000296411 -0.0139965 0
   vertex 0.000119509 -0.0149342 0
  endloop
 endfacet
 facet normal 0 0 1
  outer loop
   vertex 0.00218134 -0.0147614 0
   vertex 0.00159207 -0.0139256 0
   vertex 0.00116679 -0.0148947 0
  endloop
 endfacet
 facet normal 0 -0 1
  outer loop
   vertex 0.00116679 -0.0148947 0
   vertex 0.00159207 -0.0139256 0
   vertex 0.00065194 -0.0139999 0
  endloop
 endfacet
 facet normal 0 0 1
  outer loop
   vertex 0.00251037 -0.0137821 0
   vertex 0.00159207 -0.0139256 0
   vertex 0.00218134 -0.0147614 0
  endloop
 endfacet
 facet normal 0 0 1
  outer loop
   vertex 0.00843079 -0.0123786 0
   vertex 0.00836168 -0.0113148 0
   vertex 0.00757994 -0.0117935 0
  endloop
 endfacet
 facet normal 0 0 1
  outer loop
   vertex 0.00925116 -0.0118362 0
   vertex 0.00836168 -0.0113148 0
   vertex 0.00843079 -0.0123786 0
  endloop
 endfacet
 facet normal 0 0 1
  outer loop
   vertex 0.00999082 -0.0112858 0
   vertex 0.00910117 -0.0108176 0
   vertex 0.00925116 -0.0118362 0
  endloop
 endfacet
 facet normal 0 0 1
  outer loop
   vertex 0.00925116 -0.0118362 0
   vertex 0.00910117 -0.0108176 0
   vertex 0.00836168 -0.0113148 0
  endloop
 endfacet
 facet normal 0 0 1
  outer loop
   vertex 0.00979792 -0.0103235 0
   vertex 0.00910117 -0.0108176 0
   vertex 0.00999082 -0.0112858 0
  endloop
 endfacet
 facet normal 0 0 1
  outer loop
   vertex 0.0159397 -0.000318846 0
   vertex 0.0150674 9.05016e-05 0
   vertex 0.0150478 -0.000702829 0
  endloop
 endfacet
 facet normal 0 0 1
  outer loop
   vertex 0.0112572 -0.0101389 0
   vertex 0.0104585 -0.00993681 0
   vertex 0.0106588 -0.0107532 0
  endloop
 endfacet
 facet normal 0 0 1
  outer loop
   vertex 0.0106588 -0.0107532 0
   vertex 0.0104585 -0.00993681 0
   vertex 0.00979792 -0.0103235 0
  endloop
 endfacet
 facet normal 0 0 1
  outer loop
   vertex 0.0108221 -0.00925917 0
   vertex 0.0104585 -0.00993681 0
   vertex 0.0112572 -0.0101389 0
  endloop
 endfacet
 facet normal 0 0 1
  outer loop
   vertex 0.0139806 -0.00536626 0
   vertex 0.0133546 -0.00451085 0
   vertex 0.0130094 -0.00537798 0
  endloop
 endfacet
 facet normal 0 0 1
  outer loop
   vertex 0.0143439 -0.00442104 0
   vertex 0.0133546 -0.00451085 0
   vertex 0.0139806 -0.00536626 0
  endloop
 endfacet
 facet normal 0 0 1
  outer loop
   vertex 0.0146312 -0.00344676 0
   vertex 0.0136442 -0.0036313 0
   vertex 0.0143439 -0.00442104 0
  endloop
 endfacet
 facet normal 0 0 1
  outer loop
   vertex 0.0143439 -0.00442104 0
   vertex 0.0136442 -0.0036313 0
   vertex 0.0133546 -0.00451085 0
  endloop
 endfacet
 facet normal 0 0 1
  outer loop
   vertex 0.0138792 -0.00277039 0
   vertex 0.0136442 -0.0036313 0
   vertex 0.0146312 -0.00344676 0
  endloop
 endfacet
 facet normal 0 0 1
  outer loop
   vertex 0.0148793 0.00266502 0
   vertex 0.0142388 0.00213889 0
   vertex 0.0150175 0.00178897 0
  endloop
 endfacet
 facet normal 0 0 1
  outer loop
   vertex 0.0150175 0.00178897 0
   vertex 0.0142388 0.00213889 0
   vertex 0.0141595 0.00137223 0
  endloop
 endfacet
 facet normal 0 0 1
  outer loop
   vertex 0.0139125 0.00285957 0
   vertex 0.0142388 0.00213889 0
   vertex 0.0148793 0.00266502 0
  endloop
 endfacet
 facet normal 0 0 1
  outer loop
   vertex 0.0118018 0.00941987 0
   vertex 0.0113655 0.00855049 0
   vertex 0.0123363 0.00868088 0
  endloop
 endfacet
 facet normal 0 0 1
  outer loop
   vertex 0.0123363 0.00868088 0
   vertex 0.0113655 0.00855049 0
   vertex 0.0118277 0.00781901 0
  endloop
 endfacet
 facet normal -0 0 1
  outer loop
   vertex 0.0108672 0.00921009 0
   vertex 0.0113655 0.00855049 0
   vertex 0.0118018 0.00941987 0
  endloop
 endfacet
 facet normal 0 0 1
  outer loop
   vertex 0.0122486 0.00703392 0
   vertex 0.0116454 0.00624015 0
   vertex 0.0126361 0.00621348 0
  endloop
 endfacet
 facet normal 0 0 1
  outer loop
   vertex -0.00100444 0.0139724 0
   vertex -0.000587707 0.013083 0
   vertex -4.07032e-05 0.0139701 0
  endloop
 endfacet
 facet normal 0 0 1
  outer loop
   vertex 0.00779295 0.0118514 0
   vertex 0.00758668 0.0109431 0
   vertex 0.00847522 0.0113808 0
  endloop
 endfacet
 facet normal -0 0 1
  outer loop
   vertex -0.00919038 0.0106321 0
   vertex -0.00830499 0.0101861 0
   vertex -0.00847039 0.0111597 0
  endloop
 endfacet
 facet normal 0 0 1
  outer loop
   vertex 0.00366608 0.0135546 0
   vertex 0.00387615 0.0125939 0
   vertex 0.0045625 0.0133469 0
  endloop
 endfacet
 facet normal 0 -0 1
  outer loop
   vertex -0.0112333 -0.00850792 0
   vertex -0.0106732 -0.00770056 0
   vertex -0.0116906 -0.00781807 0
  endloop
 endfacet
 facet normal 0 -0 1
  outer loop
   vertex -0.0107931 -0.00917219 0
   vertex -0.0101894 -0.00840767 0
   vertex -0.0112333 -0.00850792 0
  endloop
 endfacet
 facet normal 0 0 1
  outer loop
   vertex -0.0101894 -0.00840767 0
   vertex -0.0106732 -0.00770056 0
   vertex -0.0112333 -0.00850792 0
  endloop
 endfacet
 facet normal 0 0 1
  outer loop
   vertex -0.0141094 0.00051338 0
   vertex -0.0132107 0.000892312 0
   vertex -0.0140517 0.00141019 0
  endloop
 endfacet
 facet normal -0 0 1
  outer loop
   vertex -0.00847039 0.0111597 0
   vertex -0.0075962 0.0106538 0
   vertex -0.00773097 0.0116452 0
  endloop
 endfacet
 facet normal 0 -0 1
  outer loop
   vertex -0.00830499 0.0101861 0
   vertex -0.0075962 0.0106538 0
   vertex -0.00847039 0.0111597 0
  endloop
 endfacet
 facet normal 0 0 1
  outer loop
   vertex -0.0132147 0.00496416 0
   vertex -0.0122671 0.00500476 0
   vertex -0.012896 0.00579567 0
  endloop
 endfacet
 facet normal -0 0 1
  outer loop
   vertex -0.00615857 0.0125416 0
   vertex -0.00533685 0.0119481 0
   vertex -0.00533145 0.0129391 0
  endloop
 endfacet
 facet normal 0 0 1
  outer loop
   vertex -0.0134981 0.00410441 0
   vertex -0.0125383 0.00420686 0
   vertex -0.0132147 0.00496416 0
  endloop
 endfacet
 facet normal 0 -0 1
  outer loop
   vertex -0.0125383 0.00420686 0
   vertex -0.0122671 0.00500476 0
   vertex -0.0132147 0.00496416 0
  endloop
 endfacet
 facet normal 0 -0 1
  outer loop
   vertex -0.0134897 -0.0038166 0
   vertex -0.012739 -0.00320737 0
   vertex -0.0137184 -0.0029676 0
  endloop
 endfacet
 facet normal 0 -0 1
  outer loop
   vertex -0.0141041 -0.000361642 0
   vertex -0.0132371 6.00316e-05 0
   vertex -0.0141094 0.00051338 0
  endloop
 endfacet
 facet normal 0 -0 1
  outer loop
   vertex -0.0132371 6.00316e-05 0
   vertex -0.0132107 0.000892312 0
   vertex -0.0141094 0.00051338 0
  endloop
 endfacet
 facet normal 0 0 1
  outer loop
   vertex -0.00217305 -0.0138079 0
   vertex -0.00244289 -0.0128565 0
   vertex -0.003084 -0.0136353 0
  endloop
 endfacet
 facet normal 0 -0 1
  outer loop
   vertex -0.00915929 -0.0107255 0
   vertex -0.00889097 -0.00977035 0
   vertex -0.00981674 -0.0102073 0
  endloop
 endfacet
 facet normal 0 -0 1
  outer loop
   vertex -0.0132198 -0.00466897 0
   vertex -0.0124939 -0.00400351 0
   vertex -0.0134897 -0.0038166 0
  endloop
 endfacet
 facet normal 0 0 1
  outer loop
   vertex -0.0124939 -0.00400351 0
   vertex -0.012739 -0.00320737 0
   vertex -0.0134897 -0.0038166 0
  endloop
 endfacet
 facet normal 0 -0 1
  outer loop
   vertex -0.0104691 -0.00982129 0
   vertex -0.00968586 -0.00919441 0
   vertex -0.0107931 -0.00917219 0
  endloop
 endfacet
 facet normal 0 0 1
  outer loop
   vertex -0.00968586 -0.00919441 0
   vertex -0.0101894 -0.00840767 0
   vertex -0.0107931 -0.00917219 0
  endloop
 endfacet
 facet normal 0 -0 1
  outer loop
   vertex -0.00848136 -0.0112853 0
   vertex -0.00820244 -0.0103424 0
   vertex -0.00915929 -0.0107255 0
  endloop
 endfacet
 facet normal 0 0 1
  outer loop
   vertex -0.00820244 -0.0103424 0
   vertex -0.00889097 -0.00977035 0
   vertex -0.00915929 -0.0107255 0
  endloop
 endfacet
 facet normal 0 -0 1
  outer loop
   vertex -0.00653702 -0.0135342 0
   vertex -0.00583512 -0.012824 0
   vertex -0.00688598 -0.0124957 0
  endloop
 endfacet
 facet normal 0 -0 1
  outer loop
   vertex -0.00981674 -0.0102073 0
   vertex -0.00968586 -0.00919441 0
   vertex -0.0104691 -0.00982129 0
  endloop
 endfacet
 facet normal 0 0 1
  outer loop
   vertex 0.00757994 -0.0117935 0
   vertex 0.00677099 -0.0111981 0
   vertex 0.0067711 -0.0122365 0
  endloop
 endfacet
 facet normal 0 0 1
  outer loop
   vertex 0.00594847 -0.0126434 0
   vertex 0.00521628 -0.0119825 0
   vertex 0.00511647 -0.0130051 0
  endloop
 endfacet
 facet normal 0 0 1
  outer loop
   vertex -0.00124012 -0.0139286 0
   vertex -0.00156437 -0.0129908 0
   vertex -0.00217305 -0.0138079 0
  endloop
 endfacet
 facet normal 0 0 1
  outer loop
   vertex -0.00156437 -0.0129908 0
   vertex -0.00244289 -0.0128565 0
   vertex -0.00217305 -0.0138079 0
  endloop
 endfacet
 facet normal 0 0 1
  outer loop
   vertex 0.0130094 -0.00537798 0
   vertex 0.0120384 -0.00538927 0
   vertex 0.0126203 -0.0062191 0
  endloop
 endfacet
 facet normal 0 0 1
  outer loop
   vertex 0.0126361 0.00621348 0
   vertex 0.0120005 0.00544671 0
   vertex 0.0129915 0.00538905 0
  endloop
 endfacet
 facet normal 0 0 1
  outer loop
   vertex 0.0116454 0.00624015 0
   vertex 0.0120005 0.00544671 0
   vertex 0.0126361 0.00621348 0
  endloop
 endfacet
 facet normal 0 0 1
  outer loop
   vertex 0.0126203 -0.0062191 0
   vertex 0.0116487 -0.00617775 0
   vertex 0.0122007 -0.00702247 0
  endloop
 endfacet
 facet normal 0 0 1
  outer loop
   vertex 0.0120384 -0.00538927 0
   vertex 0.0116487 -0.00617775 0
   vertex 0.0126203 -0.0062191 0
  endloop
 endfacet
 facet normal 0 0 1
  outer loop
   vertex 0.0067711 -0.0122365 0
   vertex 0.00600143 -0.01161 0
   vertex 0.00594847 -0.0126434 0
  endloop
 endfacet
 facet normal 0 -0 1
  outer loop
   vertex 0.00594847 -0.0126434 0
   vertex 0.00600143 -0.01161 0
   vertex 0.00521628 -0.0119825 0
  endloop
 endfacet
 facet normal 0 0 1
  outer loop
   vertex 0.00677099 -0.0111981 0
   vertex 0.00600143 -0.01161 0
   vertex 0.0067711 -0.0122365 0
  endloop
 endfacet
 facet normal 0 0 1
  outer loop
   vertex 0.0122007 -0.00702247 0
   vertex 0.011229 -0.00693982 0
   vertex 0.0117514 -0.00779739 0
  endloop
 endfacet
 facet normal 0 0 1
  outer loop
   vertex 0.0116487 -0.00617775 0
   vertex 0.011229 -0.00693982 0
   vertex 0.0122007 -0.00702247 0
  endloop
 endfacet
 facet normal 0 0 1
  outer loop
   vertex 0.0140856 -0.00193376 0
   vertex 0.0131312 -0.00212645 0
   vertex 0.0138792 -0.00277039 0
  endloop
 endfacet
 facet normal 0 0 1
  outer loop
   vertex -4.07032e-05 0.0139701 0
   vertex 0.000344103 0.0130543 0
   vertex 0.000907158 0.0139273 0
  endloop
 endfacet
 facet normal -0 0 1
  outer loop
   vertex -0.000587707 0.013083 0
   vertex 0.000344103 0.0130543 0
   vertex -4.07032e-05 0.0139701 0
  endloop
 endfacet
 facet normal 0 -0 1
  outer loop
   vertex -0.0137184 -0.0029676 0
   vertex -0.0129563 -0.00240926 0
   vertex -0.0139029 -0.00210641 0
  endloop
 endfacet
 facet normal 0 0 1
  outer loop
   vertex -0.012739 -0.00320737 0
   vertex -0.0129563 -0.00240926 0
   vertex -0.0137184 -0.0029676 0
  endloop
 endfacet
 facet normal 0 0 1
  outer loop
   vertex 0.00707271 0.0123115 0
   vertex 0.00693001 0.0113903 0
   vertex 0.00779295 0.0118514 0
  endloop
 endfacet
 facet normal -0 0 1
  outer loop
   vertex 0.00693001 0.0113903 0
   vertex 0.00758668 0.0109431 0
   vertex 0.00779295 0.0118514 0
  endloop
 endfacet
 facet normal 0 0 1
  outer loop
   vertex 0.0150674 9.05016e-05 0
   vertex 0.0141843 -0.000272699 0
   vertex 0.0150478 -0.000702829 0
  endloop
 endfacet
 facet normal 0 0 1
  outer loop
   vertex 0.0150478 -0.000702829 0
   vertex 0.0141843 -0.000272699 0
   vertex 0.0141842 -0.00108549 0
  endloop
 endfacet
 facet normal 0 0 1
  outer loop
   vertex 0.0141654 0.000537908 0
   vertex 0.0141843 -0.000272699 0
   vertex 0.0150674 9.05016e-05 0
  endloop
 endfacet
 facet normal 0 -0 1
  outer loop
   vertex -0.0116906 -0.00781807 0
   vertex -0.0111278 -0.00700622 0
   vertex -0.012139 -0.00709327 0
  endloop
 endfacet
 facet normal 0 0 1
  outer loop
   vertex -0.0106732 -0.00770056 0
   vertex -0.0111278 -0.00700622 0
   vertex -0.0116906 -0.00781807 0
  endloop
 endfacet
 facet normal 0 0 1
  outer loop
   vertex 0.000907158 0.0139273 0
   vertex 0.00125976 0.0129905 0
   vertex 0.00184198 0.0138455 0
  endloop
 endfacet
 facet normal -0 0 1
  outer loop
   vertex 0.000344103 0.0130543 0
   vertex 0.00125976 0.0129905 0
   vertex 0.000907158 0.0139273 0
  endloop
 endfacet
 facet normal -0 0 1
  outer loop
   vertex -0.00773097 0.0116452 0
   vertex -0.00687262 0.011099 0
   vertex -0.00696405 0.0121041 0
  endloop
 endfacet
 facet normal 0 -0 1
  outer loop
   vertex -0.0075962 0.0106538 0
   vertex -0.00687262 0.011099 0
   vertex -0.00773097 0.0116452 0
  endloop
 endfacet
 facet normal -0 0 1
  outer loop
   vertex -0.00696405 0.0121041 0
   vertex -0.00611842 0.0115344 0
   vertex -0.00615857 0.0125416 0
  endloop
 endfacet
 facet normal 0 0 1
  outer loop
   vertex -0.00615857 0.0125416 0
   vertex -0.00611842 0.0115344 0
   vertex -0.00533685 0.0119481 0
  endloop
 endfacet
 facet normal 0 -0 1
  outer loop
   vertex -0.00687262 0.011099 0
   vertex -0.00611842 0.0115344 0
   vertex -0.00696405 0.0121041 0
  endloop
 endfacet
 facet normal 0 0 1
  outer loop
   vertex 0.00426859 -0.0133198 0
   vertex 0.00360499 -0.0125902 0
   vertex 0.00339789 -0.0135789 0
  endloop
 endfacet
 facet normal 0 0 1
  outer loop
   vertex -0.0129563 -0.00240926 0
   vertex -0.0131193 -0.00158982 0
   vertex -0.0139029 -0.00210641 0
  endloop
 endfacet
 facet normal 0 0 1
  outer loop
   vertex -0.0131193 -0.00158982 0
   vertex -0.0140321 -0.00123623 0
   vertex -0.0139029 -0.00210641 0
  endloop
 endfacet
 facet normal 0 0 1
  outer loop
   vertex 0.0108672 0.00921009 0
   vertex 0.0104501 0.0083801 0
   vertex 0.0113655 0.00855049 0
  endloop
 endfacet
 facet normal 0 0 1
  outer loop
   vertex 0.0118277 0.00781901 0
   vertex 0.0112709 0.00699959 0
   vertex 0.0122486 0.00703392 0
  endloop
 endfacet
 facet normal -0 0 1
  outer loop
   vertex 0.0112709 0.00699959 0
   vertex 0.0116454 0.00624015 0
   vertex 0.0122486 0.00703392 0
  endloop
 endfacet
 facet normal 0 0 1
  outer loop
   vertex -0.003084 -0.0136353 0
   vertex -0.00330746 -0.0126675 0
   vertex -0.00398925 -0.0134095 0
  endloop
 endfacet
 facet normal 0 0 1
  outer loop
   vertex -0.00244289 -0.0128565 0
   vertex -0.00330746 -0.0126675 0
   vertex -0.003084 -0.0136353 0
  endloop
 endfacet
 facet normal 0 -0 1
  outer loop
   vertex -0.012139 -0.00709327 0
   vertex -0.0115478 -0.00630337 0
   vertex -0.0125525 -0.00632513 0
  endloop
 endfacet
 facet normal 0 0 1
  outer loop
   vertex -0.0111278 -0.00700622 0
   vertex -0.0115478 -0.00630337 0
   vertex -0.012139 -0.00709327 0
  endloop
 endfacet
 facet normal -0 0 1
  outer loop
   vertex 0.00758668 0.0109431 0
   vertex 0.00822943 0.010492 0
   vertex 0.00847522 0.0113808 0
  endloop
 endfacet
 facet normal 0 0 1
  outer loop
   vertex 0.00822943 0.010492 0
   vertex 0.00912695 0.0108962 0
   vertex 0.00847522 0.0113808 0
  endloop
 endfacet
 facet normal 0 0 1
  outer loop
   vertex -0.00490529 -0.0131337 0
   vertex -0.00506074 -0.0121392 0
   vertex -0.00583512 -0.012824 0
  endloop
 endfacet
 facet normal 0 0 1
  outer loop
   vertex 0.0131312 -0.00212645 0
   vertex 0.0129079 -0.00292587 0
   vertex 0.0138792 -0.00277039 0
  endloop
 endfacet
 facet normal -0 0 1
  outer loop
   vertex 0.0129079 -0.00292587 0
   vertex 0.0136442 -0.0036313 0
   vertex 0.0138792 -0.00277039 0
  endloop
 endfacet
 facet normal 0 0 1
  outer loop
   vertex -0.00398925 -0.0134095 0
   vertex -0.00418156 -0.0124227 0
   vertex -0.00490529 -0.0131337 0
  endloop
 endfacet
 facet normal 0 -0 1
  outer loop
   vertex -0.00490529 -0.0131337 0
   vertex -0.00418156 -0.0124227 0
   vertex -0.00506074 -0.0121392 0
  endloop
 endfacet
 facet normal 0 0 1
  outer loop
   vertex -0.00330746 -0.0126675 0
   vertex -0.00418156 -0.0124227 0
   vertex -0.00398925 -0.0134095 0
  endloop
 endfacet
 facet normal 0 -0 1
  outer loop
   vertex -0.0122671 0.00500476 0
   vertex -0.0119629 0.00578389 0
   vertex -0.012896 0.00579567 0
  endloop
 endfacet
 facet normal 0 0 1
  outer loop
   vertex -0.0119629 0.00578389 0
   vertex -0.0125303 0.00660205 0
   vertex -0.012896 0.00579567 0
  endloop
 endfacet
 facet normal 0 0 1
  outer loop
   vertex 0.0045625 0.0133469 0
   vertex 0.00470475 0.0124005 0
   vertex 0.00544128 0.0130878 0
  endloop
 endfacet
 facet normal -0 0 1
  outer loop
   vertex 0.00387615 0.0125939 0
   vertex 0.00470475 0.0124005 0
   vertex 0.0045625 0.0133469 0
  endloop
 endfacet
 facet normal -0 0 1
  outer loop
   vertex 0.00125976 0.0129905 0
   vertex 0.00215711 0.0128935 0
   vertex 0.00184198 0.0138455 0
  endloop
 endfacet
 facet normal 0 -0 1
  outer loop
   vertex 0.00215711 0.0128935 0
   vertex 0.00276166 0.0137224 0
   vertex 0.00184198 0.0138455 0
  endloop
 endfacet
 facet normal 0 0 1
  outer loop
   vertex -0.0140517 0.00141019 0
   vertex -0.0131222 0.00173135 0
   vertex -0.0139308 0.00231605 0
  endloop
 endfacet
 facet normal 0 -0 1
  outer loop
   vertex -0.0132107 0.000892312 0
   vertex -0.0131222 0.00173135 0
   vertex -0.0140517 0.00141019 0
  endloop
 endfacet
 facet normal -0 0 1
  outer loop
   vertex -0.00533145 0.0129391 0
   vertex -0.0045182 0.0123213 0
   vertex -0.00447362 0.0132964 0
  endloop
 endfacet
 facet normal 0 0 1
  outer loop
   vertex -0.00533685 0.0119481 0
   vertex -0.0045182 0.0123213 0
   vertex -0.00533145 0.0129391 0
  endloop
 endfacet
 facet normal -0 0 1
  outer loop
   vertex -0.00359828 0.0136376 0
   vertex -0.00264134 0.0130353 0
   vertex -0.00281767 0.014012 0
  endloop
 endfacet
 facet normal -0 0 1
  outer loop
   vertex -0.0121031 0.00737803 0
   vertex -0.0111795 0.0072509 0
   vertex -0.0116283 0.00811325 0
  endloop
 endfacet
 facet normal 0 0 1
  outer loop
   vertex -0.0137419 0.00321984 0
   vertex -0.012776 0.0033929 0
   vertex -0.0134981 0.00410441 0
  endloop
 endfacet
 facet normal 0 -0 1
  outer loop
   vertex -0.012776 0.0033929 0
   vertex -0.0125383 0.00420686 0
   vertex -0.0134981 0.00410441 0
  endloop
 endfacet
 facet normal -0 0 1
  outer loop
   vertex -0.0132198 -0.00466897 0
   vertex -0.0122295 -0.00479403 0
   vertex -0.0124939 -0.00400351 0
  endloop
 endfacet
 facet normal 0 -0 1
  outer loop
   vertex -0.0129094 -0.0055155 0
   vertex -0.0122295 -0.00479403 0
   vertex -0.0132198 -0.00466897 0
  endloop
 endfacet
 facet normal -0 0 1
  outer loop
   vertex -0.0125303 0.00660205 0
   vertex -0.0116033 0.00653586 0
   vertex -0.0121031 0.00737803 0
  endloop
 endfacet
 facet normal 0 0 1
  outer loop
   vertex -0.0121031 0.00737803 0
   vertex -0.0116033 0.00653586 0
   vertex -0.0111795 0.0072509 0
  endloop
 endfacet
 facet normal 0 -0 1
  outer loop
   vertex -0.0119629 0.00578389 0
   vertex -0.0116033 0.00653586 0
   vertex -0.0125303 0.00660205 0
  endloop
 endfacet
 facet normal -0 0 1
  outer loop
   vertex -0.0110949 0.00881245 0
   vertex -0.0101669 0.00854604 0
   vertex -0.0105098 0.00947134 0
  endloop
 endfacet
 facet normal -0 0 1
  outer loop
   vertex -0.00196328 0.0139543 0
   vertex -0.00156175 0.0130653 0
   vertex -0.00100444 0.0139724 0
  endloop
 endfacet
 facet normal 0 0 1
  outer loop
   vertex -0.00156175 0.0130653 0
   vertex -0.000587707 0.013083 0
   vertex -0.00100444 0.0139724 0
  endloop
 endfacet
 facet normal 0 0 1
  outer loop
   vertex 0.0141595 0.00137223 0
   vertex 0.0132743 0.0010084 0
   vertex 0.0141654 0.000537908 0
  endloop
 endfacet
 facet normal 0 -0 1
  outer loop
   vertex -0.00264134 0.0130353 0
   vertex -0.00196328 0.0139543 0
   vertex -0.00281767 0.014012 0
  endloop
 endfacet
 facet normal 0 0 1
  outer loop
   vertex -0.00583512 -0.012824 0
   vertex -0.0059519 -0.0118326 0
   vertex -0.00688598 -0.0124957 0
  endloop
 endfacet
 facet normal 0 0 1
  outer loop
   vertex -0.0059519 -0.0118326 0
   vertex -0.00679494 -0.0114591 0
   vertex -0.00688598 -0.0124957 0
  endloop
 endfacet
 facet normal 0 0 1
  outer loop
   vertex -0.00679494 -0.0114591 0
   vertex -0.00774474 -0.0118665 0
   vertex -0.00688598 -0.0124957 0
  endloop
 endfacet
 facet normal 0 0 1
  outer loop
   vertex 0.0103261 0.00982316 0
   vertex 0.00996747 0.00899088 0
   vertex 0.0108672 0.00921009 0
  endloop
 endfacet
 facet normal -0 0 1
  outer loop
   vertex 0.00996747 0.00899088 0
   vertex 0.0104501 0.0083801 0
   vertex 0.0108672 0.00921009 0
  endloop
 endfacet
 facet normal 0 0 1
  outer loop
   vertex 0.00276166 0.0137224 0
   vertex 0.00302538 0.0127588 0
   vertex 0.00366608 0.0135546 0
  endloop
 endfacet
 facet normal 0 0 1
  outer loop
   vertex 0.00366608 0.0135546 0
   vertex 0.00302538 0.0127588 0
   vertex 0.00387615 0.0125939 0
  endloop
 endfacet
 facet normal -0 0 1
  outer loop
   vertex 0.00215711 0.0128935 0
   vertex 0.00302538 0.0127588 0
   vertex 0.00276166 0.0137224 0
  endloop
 endfacet
 facet normal 0 0 1
  outer loop
   vertex -0.00889097 -0.00977035 0
   vertex -0.00968586 -0.00919441 0
   vertex -0.00981674 -0.0102073 0
  endloop
 endfacet
 facet normal 0 0 1
  outer loop
   vertex 0.011229 -0.00693982 0
   vertex 0.0107829 -0.00769005 0
   vertex 0.0117514 -0.00779739 0
  endloop
 endfacet
 facet normal 0 0 1
  outer loop
   vertex 0.0107829 -0.00769005 0
   vertex 0.0112854 -0.00854437 0
   vertex 0.0117514 -0.00779739 0
  endloop
 endfacet
 facet normal 0 0 1
  outer loop
   vertex 0.00912695 0.0108962 0
   vertex 0.00885071 0.0100336 0
   vertex 0.00974639 0.0103819 0
  endloop
 endfacet
 facet normal -0 0 1
  outer loop
   vertex 0.00822943 0.010492 0
   vertex 0.00885071 0.0100336 0
   vertex 0.00912695 0.0108962 0
  endloop
 endfacet
 facet normal 0 0 1
  outer loop
   vertex 0.0133243 0.0045355 0
   vertex 0.0126457 0.00380247 0
   vertex 0.0136259 0.00368777 0
  endloop
 endfacet
 facet normal 0 0 1
  outer loop
   vertex 0.00628959 0.0127388 0
   vertex 0.00626262 0.0118306 0
   vertex 0.00707271 0.0123115 0
  endloop
 endfacet
 facet normal -0 0 1
  outer loop
   vertex 0.00626262 0.0118306 0
   vertex 0.00693001 0.0113903 0
   vertex 0.00707271 0.0123115 0
  endloop
 endfacet
 facet normal 0 0 1
  outer loop
   vertex 0.00974639 0.0103819 0
   vertex 0.0094337 0.00953746 0
   vertex 0.0103261 0.00982316 0
  endloop
 endfacet
 facet normal 0 0 1
  outer loop
   vertex 0.0103261 0.00982316 0
   vertex 0.0094337 0.00953746 0
   vertex 0.00996747 0.00899088 0
  endloop
 endfacet
 facet normal -0 0 1
  outer loop
   vertex 0.00885071 0.0100336 0
   vertex 0.0094337 0.00953746 0
   vertex 0.00974639 0.0103819 0
  endloop
 endfacet
 facet normal 0 -0 1
  outer loop
   vertex -0.00124012 -0.0139286 0
   vertex -0.000683918 -0.0130725 0
   vertex -0.00156437 -0.0129908 0
  endloop
 endfacet
 facet normal 0 0 1
  outer loop
   vertex -0.000296411 -0.0139965 0
   vertex -0.000683918 -0.0130725 0
   vertex -0.00124012 -0.0139286 0
  endloop
 endfacet
 facet normal 0 0 1
  outer loop
   vertex 0.00757994 -0.0117935 0
   vertex 0.00752183 -0.0107617 0
   vertex 0.00677099 -0.0111981 0
  endloop
 endfacet
 facet normal 0 0 1
  outer loop
   vertex 0.0112854 -0.00854437 0
   vertex 0.0103197 -0.00844286 0
   vertex 0.0108221 -0.00925917 0
  endloop
 endfacet
 facet normal 0 0 1
  outer loop
   vertex 0.0107829 -0.00769005 0
   vertex 0.0103197 -0.00844286 0
   vertex 0.0112854 -0.00854437 0
  endloop
 endfacet
 facet normal 0 0 1
  outer loop
   vertex 0.00339789 -0.0135789 0
   vertex 0.00277694 -0.012813 0
   vertex 0.00251037 -0.0137821 0
  endloop
 endfacet
 facet normal 0 0 1
  outer loop
   vertex 0.00360499 -0.0125902 0
   vertex 0.00277694 -0.012813 0
   vertex 0.00339789 -0.0135789 0
  endloop
 endfacet
 facet normal 0 0 1
  outer loop
   vertex 0.00521628 -0.0119825 0
   vertex 0.00441763 -0.012313 0
   vertex 0.00511647 -0.0130051 0
  endloop
 endfacet
 facet normal 0 0 1
  outer loop
   vertex 0.00441763 -0.012313 0
   vertex 0.00426859 -0.0133198 0
   vertex 0.00511647 -0.0130051 0
  endloop
 endfacet
 facet normal 0 0 1
  outer loop
   vertex 0.00836168 -0.0113148 0
   vertex 0.00752183 -0.0107617 0
   vertex 0.00757994 -0.0117935 0
  endloop
 endfacet
 facet normal 0 0 1
  outer loop
   vertex 0.00159207 -0.0139256 0
   vertex 0.00106529 -0.013073 0
   vertex 0.00065194 -0.0139999 0
  endloop
 endfacet
 facet normal 0 0 1
  outer loop
   vertex 0.0130094 -0.00537798 0
   vertex 0.0123815 -0.00457763 0
   vertex 0.0120384 -0.00538927 0
  endloop
 endfacet
 facet normal 0 0 1
  outer loop
   vertex 0.0133546 -0.00451085 0
   vertex 0.0123815 -0.00457763 0
   vertex 0.0130094 -0.00537798 0
  endloop
 endfacet
 facet normal 0 0 1
  outer loop
   vertex 0.00065194 -0.0139999 0
   vertex 0.000196996 -0.0131017 0
   vertex -0.000296411 -0.0139965 0
  endloop
 endfacet
 facet normal 0 -0 1
  outer loop
   vertex -0.000296411 -0.0139965 0
   vertex 0.000196996 -0.0131017 0
   vertex -0.000683918 -0.0130725 0
  endloop
 endfacet
 facet normal 0 0 1
  outer loop
   vertex 0.00106529 -0.013073 0
   vertex 0.000196996 -0.0131017 0
   vertex 0.00065194 -0.0139999 0
  endloop
 endfacet
 facet normal 0 0 1
  outer loop
   vertex 0.00979792 -0.0103235 0
   vertex 0.00899313 -0.00981703 0
   vertex 0.00910117 -0.0108176 0
  endloop
 endfacet
 facet normal 0 0 1
  outer loop
   vertex 0.0140856 -0.00193376 0
   vertex 0.0134106 -0.00142552 0
   vertex 0.0131312 -0.00212645 0
  endloop
 endfacet
 facet normal 0 0 1
  outer loop
   vertex 0.0141842 -0.00108549 0
   vertex 0.0134106 -0.00142552 0
   vertex 0.0140856 -0.00193376 0
  endloop
 endfacet
 facet normal 0 0 1
  outer loop
   vertex 0.0129915 0.00538905 0
   vertex 0.0123329 0.00463708 0
   vertex 0.0133243 0.0045355 0
  endloop
 endfacet
 facet normal 0 0 1
  outer loop
   vertex 0.0133243 0.0045355 0
   vertex 0.0123329 0.00463708 0
   vertex 0.0126457 0.00380247 0
  endloop
 endfacet
 facet normal 0 0 1
  outer loop
   vertex 0.0120005 0.00544671 0
   vertex 0.0123329 0.00463708 0
   vertex 0.0129915 0.00538905 0
  endloop
 endfacet
 facet normal 0 0 1
  outer loop
   vertex 0.0108221 -0.00925917 0
   vertex 0.00979404 -0.00926758 0
   vertex 0.0104585 -0.00993681 0
  endloop
 endfacet
 facet normal 0 0 1
  outer loop
   vertex 0.0103197 -0.00844286 0
   vertex 0.00979404 -0.00926758 0
   vertex 0.0108221 -0.00925917 0
  endloop
 endfacet
 facet normal 0 -0 1
  outer loop
   vertex -0.0101669 0.00854604 0
   vertex -0.00959871 0.0091292 0
   vertex -0.0105098 0.00947134 0
  endloop
 endfacet
 facet normal 0 0 1
  outer loop
   vertex -0.00959871 0.0091292 0
   vertex -0.00987678 0.0100685 0
   vertex -0.0105098 0.00947134 0
  endloop
 endfacet
 facet normal 0 -0 1
  outer loop
   vertex -0.0140321 -0.00123623 0
   vertex -0.0132114 -0.000762798 0
   vertex -0.0141041 -0.000361642 0
  endloop
 endfacet
 facet normal -0 0 1
  outer loop
   vertex -0.0141041 -0.000361642 0
   vertex -0.0132114 -0.000762798 0
   vertex -0.0132371 6.00316e-05 0
  endloop
 endfacet
 facet normal 0 0 1
  outer loop
   vertex -0.0131193 -0.00158982 0
   vertex -0.0132114 -0.000762798 0
   vertex -0.0140321 -0.00123623 0
  endloop
 endfacet
 facet normal 0 -0 1
  outer loop
   vertex -0.00774474 -0.0118665 0
   vertex -0.00754702 -0.0109247 0
   vertex -0.00848136 -0.0112853 0
  endloop
 endfacet
 facet normal 0 0 1
  outer loop
   vertex -0.00679494 -0.0114591 0
   vertex -0.00754702 -0.0109247 0
   vertex -0.00774474 -0.0118665 0
  endloop
 endfacet
 facet normal 0 0 1
  outer loop
   vertex 0.0104585 -0.00993681 0
   vertex 0.00979404 -0.00926758 0
   vertex 0.00979792 -0.0103235 0
  endloop
 endfacet
 facet normal 0 0 1
  outer loop
   vertex 0.0136259 0.00368777 0
   vertex 0.0129519 0.00294254 0
   vertex 0.0139125 0.00285957 0
  endloop
 endfacet
 facet normal 0 0 1
  outer loop
   vertex 0.0126457 0.00380247 0
   vertex 0.0129519 0.00294254 0
   vertex 0.0136259 0.00368777 0
  endloop
 endfacet
 facet normal 0 0 1
  outer loop
   vertex 0.0142388 0.00213889 0
   vertex 0.0132943 0.00199504 0
   vertex 0.0141595 0.00137223 0
  endloop
 endfacet
 facet normal 0 0 1
  outer loop
   vertex 0.0132943 0.00199504 0
   vertex 0.0132743 0.0010084 0
   vertex 0.0141595 0.00137223 0
  endloop
 endfacet
 facet normal -0 0 1
  outer loop
   vertex -0.00987678 0.0100685 0
   vertex -0.00897989 0.00967445 0
   vertex -0.00919038 0.0106321 0
  endloop
 endfacet
 facet normal 0 0 1
  outer loop
   vertex -0.00919038 0.0106321 0
   vertex -0.00897989 0.00967445 0
   vertex -0.00830499 0.0101861 0
  endloop
 endfacet
 facet normal 0 -0 1
  outer loop
   vertex -0.00959871 0.0091292 0
   vertex -0.00897989 0.00967445 0
   vertex -0.00987678 0.0100685 0
  endloop
 endfacet
 facet normal 0 0 1
  outer loop
   vertex -0.00754702 -0.0109247 0
   vertex -0.00820244 -0.0103424 0
   vertex -0.00848136 -0.0112853 0
  endloop
 endfacet
 facet normal 0 0 1
  outer loop
   vertex 0.00979404 -0.00926758 0
   vertex 0.00899313 -0.00981703 0
   vertex 0.00979792 -0.0103235 0
  endloop
 endfacet
 facet normal 0 0 1
  outer loop
   vertex 0.0139125 0.00285957 0
   vertex 0.0132943 0.00199504 0
   vertex 0.0142388 0.00213889 0
  endloop
 endfacet
 facet normal 0 0 1
  outer loop
   vertex -0.0110949 0.00881245 0
   vertex -0.0107002 0.00791803 0
   vertex -0.0101669 0.00854604 0
  endloop
 endfacet
 facet normal -0 0 1
  outer loop
   vertex -0.0116283 0.00811325 0
   vertex -0.0107002 0.00791803 0
   vertex -0.0110949 0.00881245 0
  endloop
 endfacet
 facet normal 0 -0 1
  outer loop
   vertex -0.00889097 -0.00977035 0
   vertex -0.00855343 -0.00884843 0
   vertex -0.00968586 -0.00919441 0
  endloop
 endfacet
 facet normal 0 0 1
  outer loop
   vertex 0.00544128 0.0130878 0
   vertex 0.00550513 0.0121818 0
   vertex 0.00628959 0.0127388 0
  endloop
 endfacet
 facet normal 0 0 1
  outer loop
   vertex 0.00628959 0.0127388 0
   vertex 0.00550513 0.0121818 0
   vertex 0.00626262 0.0118306 0
  endloop
 endfacet
 facet normal -0 0 1
  outer loop
   vertex 0.00470475 0.0124005 0
   vertex 0.00550513 0.0121818 0
   vertex 0.00544128 0.0130878 0
  endloop
 endfacet
 facet normal 0 0 1
  outer loop
   vertex -0.00359828 0.0136376 0
   vertex -0.0036378 0.0126545 0
   vertex -0.00264134 0.0130353 0
  endloop
 endfacet
 facet normal -0 0 1
  outer loop
   vertex -0.00447362 0.0132964 0
   vertex -0.0036378 0.0126545 0
   vertex -0.00359828 0.0136376 0
  endloop
 endfacet
 facet normal 0 0 1
  outer loop
   vertex 0.0113655 0.00855049 0
   vertex 0.0108785 0.00771875 0
   vertex 0.0118277 0.00781901 0
  endloop
 endfacet
 facet normal 0 0 1
  outer loop
   vertex 0.0118277 0.00781901 0
   vertex 0.0108785 0.00771875 0
   vertex 0.0112709 0.00699959 0
  endloop
 endfacet
 facet normal -0 0 1
  outer loop
   vertex 0.0104501 0.0083801 0
   vertex 0.0108785 0.00771875 0
   vertex 0.0113655 0.00855049 0
  endloop
 endfacet
 facet normal 0 -0 1
  outer loop
   vertex -0.0101894 -0.00840767 0
   vertex -0.00968187 -0.00754899 0
   vertex -0.0106732 -0.00770056 0
  endloop
 endfacet
 facet normal 0 -0 1
  outer loop
   vertex -0.0111795 0.0072509 0
   vertex -0.0107002 0.00791803 0
   vertex -0.0116283 0.00811325 0
  endloop
 endfacet
 facet normal 0 0 1
  outer loop
   vertex 0.0116454 0.00624015 0
   vertex 0.0110266 0.0054668 0
   vertex 0.0120005 0.00544671 0
  endloop
 endfacet
 facet normal 0 0 1
  outer loop
   vertex 0.00693001 0.0113903 0
   vertex 0.00673245 0.0104692 0
   vertex 0.00758668 0.0109431 0
  endloop
 endfacet
 facet normal 0 0 1
  outer loop
   vertex -0.00264134 0.0130353 0
   vertex -0.00156175 0.0130653 0
   vertex -0.00196328 0.0139543 0
  endloop
 endfacet
 facet normal 0 -0 1
  outer loop
   vertex -0.00583512 -0.012824 0
   vertex -0.00506074 -0.0121392 0
   vertex -0.0059519 -0.0118326 0
  endloop
 endfacet
 facet normal 0 0 1
  outer loop
   vertex -0.0139308 0.00231605 0
   vertex -0.0129746 0.00256616 0
   vertex -0.0137419 0.00321984 0
  endloop
 endfacet
 facet normal -0 0 1
  outer loop
   vertex -0.0137419 0.00321984 0
   vertex -0.0129746 0.00256616 0
   vertex -0.012776 0.0033929 0
  endloop
 endfacet
 facet normal 0 -0 1
  outer loop
   vertex -0.0131222 0.00173135 0
   vertex -0.0129746 0.00256616 0
   vertex -0.0139308 0.00231605 0
  endloop
 endfacet
 facet normal 0 0 1
  outer loop
   vertex -0.0125383 0.00420686 0
   vertex -0.0115791 0.00427623 0
   vertex -0.0122671 0.00500476 0
  endloop
 endfacet
 facet normal 0 -0 1
  outer loop
   vertex -0.0125525 -0.00632513 0
   vertex -0.0119153 -0.00556924 0
   vertex -0.0129094 -0.0055155 0
  endloop
 endfacet
 facet normal 0 0 1
  outer loop
   vertex -0.0115478 -0.00630337 0
   vertex -0.0119153 -0.00556924 0
   vertex -0.0125525 -0.00632513 0
  endloop
 endfacet
 facet normal 0 -0 1
  outer loop
   vertex -0.00968586 -0.00919441 0
   vertex -0.00916533 -0.00823016 0
   vertex -0.0101894 -0.00840767 0
  endloop
 endfacet
 facet normal 0 0 1
  outer loop
   vertex -0.00916533 -0.00823016 0
   vertex -0.00968187 -0.00754899 0
   vertex -0.0101894 -0.00840767 0
  endloop
 endfacet
 facet normal 0 0 1
  outer loop
   vertex -0.0132371 6.00316e-05 0
   vertex -0.0123716 0.000419692 0
   vertex -0.0132107 0.000892312 0
  endloop
 endfacet
 facet normal 0 -0 1
  outer loop
   vertex -0.0124939 -0.00400351 0
   vertex -0.0117605 -0.00335736 0
   vertex -0.012739 -0.00320737 0
  endloop
 endfacet
 facet normal 0 0 1
  outer loop
   vertex 0.0103197 -0.00844286 0
   vertex 0.00941119 -0.00828717 0
   vertex 0.00979404 -0.00926758 0
  endloop
 endfacet
 facet normal 0 -0 1
  outer loop
   vertex -0.0106732 -0.00770056 0
   vertex -0.0101459 -0.00686674 0
   vertex -0.0111278 -0.00700622 0
  endloop
 endfacet
 facet normal 0 0 1
  outer loop
   vertex -0.00968187 -0.00754899 0
   vertex -0.0101459 -0.00686674 0
   vertex -0.0106732 -0.00770056 0
  endloop
 endfacet
 facet normal 0 0 1
  outer loop
   vertex 0.00979404 -0.00926758 0
   vertex 0.00882832 -0.00890129 0
   vertex 0.00899313 -0.00981703 0
  endloop
 endfacet
 facet normal 0 0 1
  outer loop
   vertex 0.00941119 -0.00828717 0
   vertex 0.00882832 -0.00890129 0
   vertex 0.00979404 -0.00926758 0
  endloop
 endfacet
 facet normal 0 0 1
  outer loop
   vertex 0.00899313 -0.00981703 0
   vertex 0.00825719 -0.0102979 0
   vertex 0.00910117 -0.0108176 0
  endloop
 endfacet
 facet normal 0 0 1
  outer loop
   vertex 0.00825719 -0.0102979 0
   vertex 0.00836168 -0.0113148 0
   vertex 0.00910117 -0.0108176 0
  endloop
 endfacet
 facet normal 0 0 1
  outer loop
   vertex 0.0116487 -0.00617775 0
   vertex 0.010675 -0.00612686 0
   vertex 0.011229 -0.00693982 0
  endloop
 endfacet
 facet normal 0 -0 1
  outer loop
   vertex -0.00754702 -0.0109247 0
   vertex -0.00724502 -0.00999771 0
   vertex -0.00820244 -0.0103424 0
  endloop
 endfacet
 facet normal 0 0 1
  outer loop
   vertex 0.00752183 -0.0107617 0
   vertex 0.00671315 -0.010191 0
   vertex 0.00677099 -0.0111981 0
  endloop
 endfacet
 facet normal 0 -0 1
  outer loop
   vertex 0.00426859 -0.0133198 0
   vertex 0.00441763 -0.012313 0
   vertex 0.00360499 -0.0125902 0
  endloop
 endfacet
 facet normal 0 0 1
  outer loop
   vertex -0.00156437 -0.0129908 0
   vertex -0.00187021 -0.0120658 0
   vertex -0.00244289 -0.0128565 0
  endloop
 endfacet
 facet normal 0 0 1
  outer loop
   vertex 0.00251037 -0.0137821 0
   vertex 0.00193061 -0.012975 0
   vertex 0.00159207 -0.0139256 0
  endloop
 endfacet
 facet normal 0 -0 1
  outer loop
   vertex 0.00159207 -0.0139256 0
   vertex 0.00193061 -0.012975 0
   vertex 0.00106529 -0.013073 0
  endloop
 endfacet
 facet normal 0 0 1
  outer loop
   vertex 0.00277694 -0.012813 0
   vertex 0.00193061 -0.012975 0
   vertex 0.00251037 -0.0137821 0
  endloop
 endfacet
 facet normal 0 0 1
  outer loop
   vertex 0.0120384 -0.00538927 0
   vertex 0.0110683 -0.00538472 0
   vertex 0.0116487 -0.00617775 0
  endloop
 endfacet
 facet normal 0 0 1
  outer loop
   vertex 0.0110683 -0.00538472 0
   vertex 0.010675 -0.00612686 0
   vertex 0.0116487 -0.00617775 0
  endloop
 endfacet
 facet normal 0 0 1
  outer loop
   vertex 0.00836168 -0.0113148 0
   vertex 0.00825719 -0.0102979 0
   vertex 0.00752183 -0.0107617 0
  endloop
 endfacet
 facet normal -0 0 1
  outer loop
   vertex -0.00830499 0.0101861 0
   vertex -0.00743376 0.00970079 0
   vertex -0.0075962 0.0106538 0
  endloop
 endfacet
 facet normal 0 0 1
  outer loop
   vertex -0.000587707 0.013083 0
   vertex -0.000172205 0.0121908 0
   vertex 0.000344103 0.0130543 0
  endloop
 endfacet
 facet normal 0 -0 1
  outer loop
   vertex -0.00820244 -0.0103424 0
   vertex -0.0078814 -0.00942129 0
   vertex -0.00889097 -0.00977035 0
  endloop
 endfacet
 facet normal 0 0 1
  outer loop
   vertex -0.00889097 -0.00977035 0
   vertex -0.0078814 -0.00942129 0
   vertex -0.00855343 -0.00884843 0
  endloop
 endfacet
 facet normal 0 0 1
  outer loop
   vertex -0.00724502 -0.00999771 0
   vertex -0.0078814 -0.00942129 0
   vertex -0.00820244 -0.0103424 0
  endloop
 endfacet
 facet normal 0 0 1
  outer loop
   vertex 0.0136442 -0.0036313 0
   vertex 0.0126694 -0.00374954 0
   vertex 0.0133546 -0.00451085 0
  endloop
 endfacet
 facet normal 0 0 1
  outer loop
   vertex 0.0133546 -0.00451085 0
   vertex 0.0126694 -0.00374954 0
   vertex 0.0123815 -0.00457763 0
  endloop
 endfacet
 facet normal 0 0 1
  outer loop
   vertex 0.0129079 -0.00292587 0
   vertex 0.0126694 -0.00374954 0
   vertex 0.0136442 -0.0036313 0
  endloop
 endfacet
 facet normal 0 -0 1
  outer loop
   vertex -0.012739 -0.00320737 0
   vertex -0.0120028 -0.00261486 0
   vertex -0.0129563 -0.00240926 0
  endloop
 endfacet
 facet normal 0 0 1
  outer loop
   vertex -0.0117605 -0.00335736 0
   vertex -0.0120028 -0.00261486 0
   vertex -0.012739 -0.00320737 0
  endloop
 endfacet
 facet normal 0 0 1
  outer loop
   vertex 0.0132743 0.0010084 0
   vertex 0.0132704 0.000136521 0
   vertex 0.0141654 0.000537908 0
  endloop
 endfacet
 facet normal -0 0 1
  outer loop
   vertex 0.0132704 0.000136521 0
   vertex 0.0141843 -0.000272699 0
   vertex 0.0141654 0.000537908 0
  endloop
 endfacet
 facet normal 0 0 1
  outer loop
   vertex 0.000344103 0.0130543 0
   vertex 0.000714096 0.0121376 0
   vertex 0.00125976 0.0129905 0
  endloop
 endfacet
 facet normal -0 0 1
  outer loop
   vertex -0.000172205 0.0121908 0
   vertex 0.000714096 0.0121376 0
   vertex 0.000344103 0.0130543 0
  endloop
 endfacet
 facet normal -0 0 1
  outer loop
   vertex -0.0075962 0.0106538 0
   vertex -0.00673495 0.010124 0
   vertex -0.00687262 0.011099 0
  endloop
 endfacet
 facet normal 0 -0 1
  outer loop
   vertex -0.00743376 0.00970079 0
   vertex -0.00673495 0.010124 0
   vertex -0.0075962 0.0106538 0
  endloop
 endfacet
 facet normal 0 0 1
  outer loop
   vertex -0.00506074 -0.0121392 0
   vertex -0.00516663 -0.0111543 0
   vertex -0.0059519 -0.0118326 0
  endloop
 endfacet
 facet normal 0 0 1
  outer loop
   vertex 0.0110266 0.0054668 0
   vertex 0.0113578 0.00468972 0
   vertex 0.0120005 0.00544671 0
  endloop
 endfacet
 facet normal -0 0 1
  outer loop
   vertex 0.0113578 0.00468972 0
   vertex 0.0123329 0.00463708 0
   vertex 0.0120005 0.00544671 0
  endloop
 endfacet
 facet normal 0 0 1
  outer loop
   vertex 0.00302538 0.0127588 0
   vertex 0.00326393 0.0117988 0
   vertex 0.00387615 0.0125939 0
  endloop
 endfacet
 facet normal 0 0 1
  outer loop
   vertex 0.0112709 0.00699959 0
   vertex 0.0106783 0.00621151 0
   vertex 0.0116454 0.00624015 0
  endloop
 endfacet
 facet normal -0 0 1
  outer loop
   vertex 0.0106783 0.00621151 0
   vertex 0.0110266 0.0054668 0
   vertex 0.0116454 0.00624015 0
  endloop
 endfacet
 facet normal 0 0 1
  outer loop
   vertex -0.00244289 -0.0128565 0
   vertex -0.00269261 -0.0119179 0
   vertex -0.00330746 -0.0126675 0
  endloop
 endfacet
 facet normal 0 0 1
  outer loop
   vertex -0.00187021 -0.0120658 0
   vertex -0.00269261 -0.0119179 0
   vertex -0.00244289 -0.0128565 0
  endloop
 endfacet
 facet normal 0 -0 1
  outer loop
   vertex -0.0111278 -0.00700622 0
   vertex -0.0105706 -0.00619891 0
   vertex -0.0115478 -0.00630337 0
  endloop
 endfacet
 facet normal 0 0 1
  outer loop
   vertex -0.0101459 -0.00686674 0
   vertex -0.0105706 -0.00619891 0
   vertex -0.0111278 -0.00700622 0
  endloop
 endfacet
 facet normal 0 0 1
  outer loop
   vertex 0.00758668 0.0109431 0
   vertex 0.00736465 0.010033 0
   vertex 0.00822943 0.010492 0
  endloop
 endfacet
 facet normal -0 0 1
  outer loop
   vertex 0.00673245 0.0104692 0
   vertex 0.00736465 0.010033 0
   vertex 0.00758668 0.0109431 0
  endloop
 endfacet
 facet normal 0 0 1
  outer loop
   vertex -0.0122671 0.00500476 0
   vertex -0.0113273 0.00502218 0
   vertex -0.0119629 0.00578389 0
  endloop
 endfacet
 facet normal 0 -0 1
  outer loop
   vertex -0.0115791 0.00427623 0
   vertex -0.0113273 0.00502218 0
   vertex -0.0122671 0.00500476 0
  endloop
 endfacet
 facet normal 0 0 1
  outer loop
   vertex -0.0120028 -0.00261486 0
   vertex -0.0122319 -0.00187936 0
   vertex -0.0129563 -0.00240926 0
  endloop
 endfacet
 facet normal 0 0 1
  outer loop
   vertex -0.0122319 -0.00187936 0
   vertex -0.0131193 -0.00158982 0
   vertex -0.0129563 -0.00240926 0
  endloop
 endfacet
 facet normal 0 0 1
  outer loop
   vertex 0.00387615 0.0125939 0
   vertex 0.00407228 0.0116442 0
   vertex 0.00470475 0.0124005 0
  endloop
 endfacet
 facet normal -0 0 1
  outer loop
   vertex 0.00326393 0.0117988 0
   vertex 0.00407228 0.0116442 0
   vertex 0.00387615 0.0125939 0
  endloop
 endfacet
 facet normal 0 0 1
  outer loop
   vertex 0.00125976 0.0129905 0
   vertex 0.0015955 0.0120532 0
   vertex 0.00215711 0.0128935 0
  endloop
 endfacet
 facet normal -0 0 1
  outer loop
   vertex 0.000714096 0.0121376 0
   vertex 0.0015955 0.0120532 0
   vertex 0.00125976 0.0129905 0
  endloop
 endfacet
 facet normal 0 0 1
  outer loop
   vertex 0.0103197 -0.00844286 0
   vertex 0.00982649 -0.00756714 0
   vertex 0.00941119 -0.00828717 0
  endloop
 endfacet
 facet normal 0 0 1
  outer loop
   vertex 0.0107829 -0.00769005 0
   vertex 0.00982649 -0.00756714 0
   vertex 0.0103197 -0.00844286 0
  endloop
 endfacet
 facet normal 0 0 1
  outer loop
   vertex -0.0132107 0.000892312 0
   vertex -0.0123179 0.00120488 0
   vertex -0.0131222 0.00173135 0
  endloop
 endfacet
 facet normal 0 -0 1
  outer loop
   vertex -0.0123716 0.000419692 0
   vertex -0.0123179 0.00120488 0
   vertex -0.0132107 0.000892312 0
  endloop
 endfacet
 facet normal 0 0 1
  outer loop
   vertex 0.0131312 -0.00212645 0
   vertex 0.0121691 -0.00221463 0
   vertex 0.0129079 -0.00292587 0
  endloop
 endfacet
 facet normal -0 0 1
  outer loop
   vertex -0.00533685 0.0119481 0
   vertex -0.0045522 0.0113704 0
   vertex -0.0045182 0.0123213 0
  endloop
 endfacet
 facet normal 0 0 1
  outer loop
   vertex 0.0104501 0.0083801 0
   vertex 0.00999712 0.00758514 0
   vertex 0.0108785 0.00771875 0
  endloop
 endfacet
 facet normal 0 0 1
  outer loop
   vertex 0.00693001 0.0113903 0
   vertex 0.00610983 0.0109066 0
   vertex 0.00673245 0.0104692 0
  endloop
 endfacet
 facet normal 0 0 1
  outer loop
   vertex 0.00626262 0.0118306 0
   vertex 0.00610983 0.0109066 0
   vertex 0.00693001 0.0113903 0
  endloop
 endfacet
 facet normal -0 0 1
  outer loop
   vertex -0.0111795 0.0072509 0
   vertex -0.0102676 0.00709452 0
   vertex -0.0107002 0.00791803 0
  endloop
 endfacet
 facet normal 0 0 1
  outer loop
   vertex -0.012776 0.0033929 0
   vertex -0.0118082 0.00352004 0
   vertex -0.0125383 0.00420686 0
  endloop
 endfacet
 facet normal 0 -0 1
  outer loop
   vertex -0.0118082 0.00352004 0
   vertex -0.0115791 0.00427623 0
   vertex -0.0125383 0.00420686 0
  endloop
 endfacet
 facet normal -0 0 1
  outer loop
   vertex -0.0129094 -0.0055155 0
   vertex -0.0119153 -0.00556924 0
   vertex -0.0122295 -0.00479403 0
  endloop
 endfacet
 facet normal -0 0 1
  outer loop
   vertex -0.00611842 0.0115344 0
   vertex -0.00528865 0.0109611 0
   vertex -0.00533685 0.0119481 0
  endloop
 endfacet
 facet normal 0 -0 1
  outer loop
   vertex -0.00528865 0.0109611 0
   vertex -0.0045522 0.0113704 0
   vertex -0.00533685 0.0119481 0
  endloop
 endfacet
 facet normal -0 0 1
  outer loop
   vertex -0.00156175 0.0130653 0
   vertex -0.00106399 0.0122254 0
   vertex -0.000587707 0.013083 0
  endloop
 endfacet
 facet normal -0 0 1
  outer loop
   vertex -0.00106399 0.0122254 0
   vertex -0.000172205 0.0121908 0
   vertex -0.000587707 0.013083 0
  endloop
 endfacet
 facet normal -0 0 1
  outer loop
   vertex -0.00897989 0.00967445 0
   vertex -0.0081101 0.00928786 0
   vertex -0.00830499 0.0101861 0
  endloop
 endfacet
 facet normal 0 -0 1
  outer loop
   vertex -0.0081101 0.00928786 0
   vertex -0.00743376 0.00970079 0
   vertex -0.00830499 0.0101861 0
  endloop
 endfacet
 facet normal -0 0 1
  outer loop
   vertex -0.00264134 0.0130353 0
   vertex -0.0019954 0.0121616 0
   vertex -0.00156175 0.0130653 0
  endloop
 endfacet
 facet normal -0 0 1
  outer loop
   vertex -0.0124939 -0.00400351 0
   vertex -0.0115235 -0.00409926 0
   vertex -0.0117605 -0.00335736 0
  endloop
 endfacet
 facet normal 0 -0 1
  outer loop
   vertex -0.0122295 -0.00479403 0
   vertex -0.0115235 -0.00409926 0
   vertex -0.0124939 -0.00400351 0
  endloop
 endfacet
 facet normal 0 0 1
  outer loop
   vertex 0.0132943 0.00199504 0
   vertex 0.0124027 0.00139214 0
   vertex 0.0132743 0.0010084 0
  endloop
 endfacet
 facet normal 0 0 1
  outer loop
   vertex -0.00855343 -0.00884843 0
   vertex -0.00916533 -0.00823016 0
   vertex -0.00968586 -0.00919441 0
  endloop
 endfacet
 facet normal -0 0 1
  outer loop
   vertex -0.0036378 0.0126545 0
   vertex -0.00288089 0.0119455 0
   vertex -0.00264134 0.0130353 0
  endloop
 endfacet
 facet normal 0 0 1
  outer loop
   vertex -0.00288089 0.0119455 0
   vertex -0.0019954 0.0121616 0
   vertex -0.00264134 0.0130353 0
  endloop
 endfacet
 facet normal 0 0 1
  outer loop
   vertex 0.0139125 0.00285957 0
   vertex 0.0129519 0.00294254 0
   vertex 0.0132943 0.00199504 0
  endloop
 endfacet
 facet normal -0 0 1
  outer loop
   vertex -0.0132371 6.00316e-05 0
   vertex -0.0123691 -0.000347067 0
   vertex -0.0123716 0.000419692 0
  endloop
 endfacet
 facet normal 0 -0 1
  outer loop
   vertex -0.0132114 -0.000762798 0
   vertex -0.0123691 -0.000347067 0
   vertex -0.0132371 6.00316e-05 0
  endloop
 endfacet
 facet normal 0 -0 1
  outer loop
   vertex -0.00679494 -0.0114591 0
   vertex -0.00673324 -0.0105924 0
   vertex -0.00754702 -0.0109247 0
  endloop
 endfacet
 facet normal 0 0 1
  outer loop
   vertex -0.00673324 -0.0105924 0
   vertex -0.00724502 -0.00999771 0
   vertex -0.00754702 -0.0109247 0
  endloop
 endfacet
 facet normal 0 0 1
  outer loop
   vertex 0.00600143 -0.01161 0
   vertex 0.00526121 -0.0109767 0
   vertex 0.00521628 -0.0119825 0
  endloop
 endfacet
 facet normal 0 0 1
  outer loop
   vertex 0.011229 -0.00693982 0
   vertex 0.0102501 -0.00685047 0
   vertex 0.0107829 -0.00769005 0
  endloop
 endfacet
 facet normal 0 0 1
  outer loop
   vertex 0.0107829 -0.00769005 0
   vertex 0.0102501 -0.00685047 0
   vertex 0.00982649 -0.00756714 0
  endloop
 endfacet
 facet normal 0 0 1
  outer loop
   vertex 0.010675 -0.00612686 0
   vertex 0.0102501 -0.00685047 0
   vertex 0.011229 -0.00693982 0
  endloop
 endfacet
 facet normal 0 0 1
  outer loop
   vertex 0.00882832 -0.00890129 0
   vertex 0.00812302 -0.00933931 0
   vertex 0.00899313 -0.00981703 0
  endloop
 endfacet
 facet normal 0 0 1
  outer loop
   vertex 0.00812302 -0.00933931 0
   vertex 0.00825719 -0.0102979 0
   vertex 0.00899313 -0.00981703 0
  endloop
 endfacet
 facet normal 0 0 1
  outer loop
   vertex -0.00516663 -0.0111543 0
   vertex -0.00597444 -0.0108425 0
   vertex -0.0059519 -0.0118326 0
  endloop
 endfacet
 facet normal 0 0 1
  outer loop
   vertex -0.00597444 -0.0108425 0
   vertex -0.00679494 -0.0114591 0
   vertex -0.0059519 -0.0118326 0
  endloop
 endfacet
 facet normal 0 0 1
  outer loop
   vertex 0.00822943 0.010492 0
   vertex 0.0079817 0.00960822 0
   vertex 0.00885071 0.0100336 0
  endloop
 endfacet
 facet normal -0 0 1
  outer loop
   vertex 0.00736465 0.010033 0
   vertex 0.0079817 0.00960822 0
   vertex 0.00822943 0.010492 0
  endloop
 endfacet
 facet normal 0 0 1
  outer loop
   vertex 0.0124027 0.00139214 0
   vertex 0.0123743 0.000523949 0
   vertex 0.0132743 0.0010084 0
  endloop
 endfacet
 facet normal -0 0 1
  outer loop
   vertex 0.0123743 0.000523949 0
   vertex 0.0132704 0.000136521 0
   vertex 0.0132743 0.0010084 0
  endloop
 endfacet
 facet normal 0 0 1
  outer loop
   vertex 0.00885071 0.0100336 0
   vertex 0.0085785 0.0092032 0
   vertex 0.0094337 0.00953746 0
  endloop
 endfacet
 facet normal -0 0 1
  outer loop
   vertex 0.0079817 0.00960822 0
   vertex 0.0085785 0.0092032 0
   vertex 0.00885071 0.0100336 0
  endloop
 endfacet
 facet normal 0 0 1
  outer loop
   vertex 0.00825719 -0.0102979 0
   vertex 0.00742059 -0.00976795 0
   vertex 0.00752183 -0.0107617 0
  endloop
 endfacet
 facet normal 0 0 1
  outer loop
   vertex 0.00752183 -0.0107617 0
   vertex 0.00742059 -0.00976795 0
   vertex 0.00671315 -0.010191 0
  endloop
 endfacet
 facet normal 0 0 1
  outer loop
   vertex 0.00812302 -0.00933931 0
   vertex 0.00742059 -0.00976795 0
   vertex 0.00825719 -0.0102979 0
  endloop
 endfacet
 facet normal 0 0 1
  outer loop
   vertex -0.000683918 -0.0130725 0
   vertex -0.00104626 -0.0121565 0
   vertex -0.00156437 -0.0129908 0
  endloop
 endfacet
 facet normal 0 0 1
  outer loop
   vertex -0.00104626 -0.0121565 0
   vertex -0.00187021 -0.0120658 0
   vertex -0.00156437 -0.0129908 0
  endloop
 endfacet
 facet normal 0 0 1
  outer loop
   vertex 0.00360499 -0.0125902 0
   vertex 0.00298192 -0.0118513 0
   vertex 0.00277694 -0.012813 0
  endloop
 endfacet
 facet normal 0 0 1
  outer loop
   vertex 0.00521628 -0.0119825 0
   vertex 0.00450924 -0.0113183 0
   vertex 0.00441763 -0.012313 0
  endloop
 endfacet
 facet normal 0 0 1
  outer loop
   vertex 0.00526121 -0.0109767 0
   vertex 0.00450924 -0.0113183 0
   vertex 0.00521628 -0.0119825 0
  endloop
 endfacet
 facet normal 0 0 1
  outer loop
   vertex 0.0120384 -0.00538927 0
   vertex 0.0114206 -0.00463029 0
   vertex 0.0110683 -0.00538472 0
  endloop
 endfacet
 facet normal 0 0 1
  outer loop
   vertex 0.0123815 -0.00457763 0
   vertex 0.0114206 -0.00463029 0
   vertex 0.0120384 -0.00538927 0
  endloop
 endfacet
 facet normal 0 0 1
  outer loop
   vertex 0.00441763 -0.012313 0
   vertex 0.00375067 -0.0116101 0
   vertex 0.00360499 -0.0125902 0
  endloop
 endfacet
 facet normal 0 -0 1
  outer loop
   vertex 0.00360499 -0.0125902 0
   vertex 0.00375067 -0.0116101 0
   vertex 0.00298192 -0.0118513 0
  endloop
 endfacet
 facet normal 0 0 1
  outer loop
   vertex 0.00450924 -0.0113183 0
   vertex 0.00375067 -0.0116101 0
   vertex 0.00441763 -0.012313 0
  endloop
 endfacet
 facet normal 0 0 1
  outer loop
   vertex 0.00193061 -0.012975 0
   vertex 0.00139837 -0.0121613 0
   vertex 0.00106529 -0.013073 0
  endloop
 endfacet
 facet normal 0 0 1
  outer loop
   vertex -0.0045182 0.0123213 0
   vertex -0.0036378 0.0126545 0
   vertex -0.00447362 0.0132964 0
  endloop
 endfacet
 facet normal -0 0 1
  outer loop
   vertex -0.0116033 0.00653586 0
   vertex -0.0106961 0.00644647 0
   vertex -0.0111795 0.0072509 0
  endloop
 endfacet
 facet normal 0 -0 1
  outer loop
   vertex -0.0106961 0.00644647 0
   vertex -0.0102676 0.00709452 0
   vertex -0.0111795 0.0072509 0
  endloop
 endfacet
 facet normal 0 0 1
  outer loop
   vertex 0.00106529 -0.013073 0
   vertex 0.000591541 -0.0122135 0
   vertex 0.000196996 -0.0131017 0
  endloop
 endfacet
 facet normal 0 0 1
  outer loop
   vertex 0.00139837 -0.0121613 0
   vertex 0.000591541 -0.0122135 0
   vertex 0.00106529 -0.013073 0
  endloop
 endfacet
 facet normal 0 0 1
  outer loop
   vertex 0.0141842 -0.00108549 0
   vertex 0.0132902 -0.000684806 0
   vertex 0.0134106 -0.00142552 0
  endloop
 endfacet
 facet normal 0 0 1
  outer loop
   vertex 0.0141843 -0.000272699 0
   vertex 0.0132902 -0.000684806 0
   vertex 0.0141842 -0.00108549 0
  endloop
 endfacet
 facet normal 0 0 1
  outer loop
   vertex 0.00677099 -0.0111981 0
   vertex 0.00599436 -0.0105984 0
   vertex 0.00600143 -0.01161 0
  endloop
 endfacet
 facet normal 0 0 1
  outer loop
   vertex 0.00600143 -0.01161 0
   vertex 0.00599436 -0.0105984 0
   vertex 0.00526121 -0.0109767 0
  endloop
 endfacet
 facet normal 0 0 1
  outer loop
   vertex 0.00671315 -0.010191 0
   vertex 0.00599436 -0.0105984 0
   vertex 0.00677099 -0.0111981 0
  endloop
 endfacet
 facet normal 0 0 1
  outer loop
   vertex 0.00996747 0.00899088 0
   vertex 0.00957895 0.00819898 0
   vertex 0.0104501 0.0083801 0
  endloop
 endfacet
 facet normal -0 0 1
  outer loop
   vertex 0.00957895 0.00819898 0
   vertex 0.00999712 0.00758514 0
   vertex 0.0104501 0.0083801 0
  endloop
 endfacet
 facet normal 0 0 1
  outer loop
   vertex 0.0134106 -0.00142552 0
   vertex 0.0124355 -0.00130905 0
   vertex 0.0131312 -0.00212645 0
  endloop
 endfacet
 facet normal 0 0 1
  outer loop
   vertex 0.0124355 -0.00130905 0
   vertex 0.0121691 -0.00221463 0
   vertex 0.0131312 -0.00212645 0
  endloop
 endfacet
 facet normal 0 0 1
  outer loop
   vertex 0.0123329 0.00463708 0
   vertex 0.011669 0.00388878 0
   vertex 0.0126457 0.00380247 0
  endloop
 endfacet
 facet normal 0 0 1
  outer loop
   vertex 0.0113578 0.00468972 0
   vertex 0.011669 0.00388878 0
   vertex 0.0123329 0.00463708 0
  endloop
 endfacet
 facet normal -0 0 1
  outer loop
   vertex -0.0101669 0.00854604 0
   vertex -0.00925511 0.00825035 0
   vertex -0.00959871 0.0091292 0
  endloop
 endfacet
 facet normal 0 0 1
  outer loop
   vertex -0.00418156 -0.0124227 0
   vertex -0.00433423 -0.0114372 0
   vertex -0.00506074 -0.0121392 0
  endloop
 endfacet
 facet normal 0 0 1
  outer loop
   vertex -0.00433423 -0.0114372 0
   vertex -0.00516663 -0.0111543 0
   vertex -0.00506074 -0.0121392 0
  endloop
 endfacet
 facet normal 0 0 1
  outer loop
   vertex 0.0126457 0.00380247 0
   vertex 0.0119637 0.00307685 0
   vertex 0.0129519 0.00294254 0
  endloop
 endfacet
 facet normal 0 0 1
  outer loop
   vertex 0.011669 0.00388878 0
   vertex 0.0119637 0.00307685 0
   vertex 0.0126457 0.00380247 0
  endloop
 endfacet
 facet normal -0 0 1
  outer loop
   vertex -0.0107002 0.00791803 0
   vertex -0.00977708 0.00768864 0
   vertex -0.0101669 0.00854604 0
  endloop
 endfacet
 facet normal 0 0 1
  outer loop
   vertex -0.0101669 0.00854604 0
   vertex -0.00977708 0.00768864 0
   vertex -0.00925511 0.00825035 0
  endloop
 endfacet
 facet normal 0 -0 1
  outer loop
   vertex -0.0102676 0.00709452 0
   vertex -0.00977708 0.00768864 0
   vertex -0.0107002 0.00791803 0
  endloop
 endfacet
 facet normal -0 0 1
  outer loop
   vertex -0.00687262 0.011099 0
   vertex -0.0060207 0.0105451 0
   vertex -0.00611842 0.0115344 0
  endloop
 endfacet
 facet normal 0 0 1
  outer loop
   vertex -0.00611842 0.0115344 0
   vertex -0.0060207 0.0105451 0
   vertex -0.00528865 0.0109611 0
  endloop
 endfacet
 facet normal 0 -0 1
  outer loop
   vertex -0.00673495 0.010124 0
   vertex -0.0060207 0.0105451 0
   vertex -0.00687262 0.011099 0
  endloop
 endfacet
 facet normal 0 -0 1
  outer loop
   vertex -0.00968187 -0.00754899 0
   vertex -0.00920791 -0.00668171 0
   vertex -0.0101459 -0.00686674 0
  endloop
 endfacet
 facet normal 0 0 1
  outer loop
   vertex -0.00330746 -0.0126675 0
   vertex -0.00351165 -0.011703 0
   vertex -0.00418156 -0.0124227 0
  endloop
 endfacet
 facet normal 0 -0 1
  outer loop
   vertex -0.00418156 -0.0124227 0
   vertex -0.00351165 -0.011703 0
   vertex -0.00433423 -0.0114372 0
  endloop
 endfacet
 facet normal 0 0 1
  outer loop
   vertex -0.00269261 -0.0119179 0
   vertex -0.00351165 -0.011703 0
   vertex -0.00330746 -0.0126675 0
  endloop
 endfacet
 facet normal 0 0 1
  outer loop
   vertex -0.0045522 0.0113704 0
   vertex -0.00374323 0.011697 0
   vertex -0.0045182 0.0123213 0
  endloop
 endfacet
 facet normal 0 -0 1
  outer loop
   vertex -0.00374323 0.011697 0
   vertex -0.0036378 0.0126545 0
   vertex -0.0045182 0.0123213 0
  endloop
 endfacet
 facet normal 0 -0 1
  outer loop
   vertex -0.00916533 -0.00823016 0
   vertex -0.00872828 -0.00734679 0
   vertex -0.00968187 -0.00754899 0
  endloop
 endfacet
 facet normal 0 0 1
  outer loop
   vertex -0.00872828 -0.00734679 0
   vertex -0.00920791 -0.00668171 0
   vertex -0.00968187 -0.00754899 0
  endloop
 endfacet
 facet normal -0 0 1
  outer loop
   vertex -0.0119629 0.00578389 0
   vertex -0.0110449 0.00574998 0
   vertex -0.0116033 0.00653586 0
  endloop
 endfacet
 facet normal 0 0 1
  outer loop
   vertex -0.0116033 0.00653586 0
   vertex -0.0110449 0.00574998 0
   vertex -0.0106961 0.00644647 0
  endloop
 endfacet
 facet normal 0 -0 1
  outer loop
   vertex -0.0113273 0.00502218 0
   vertex -0.0110449 0.00574998 0
   vertex -0.0119629 0.00578389 0
  endloop
 endfacet
 facet normal 0 0 1
  outer loop
   vertex 0.0108785 0.00771875 0
   vertex 0.0103265 0.00691949 0
   vertex 0.0112709 0.00699959 0
  endloop
 endfacet
 facet normal 0 0 1
  outer loop
   vertex 0.0112709 0.00699959 0
   vertex 0.0103265 0.00691949 0
   vertex 0.0106783 0.00621151 0
  endloop
 endfacet
 facet normal -0 0 1
  outer loop
   vertex 0.00999712 0.00758514 0
   vertex 0.0103265 0.00691949 0
   vertex 0.0108785 0.00771875 0
  endloop
 endfacet
 facet normal 0 -0 1
  outer loop
   vertex -0.00925511 0.00825035 0
   vertex -0.00872753 0.00878796 0
   vertex -0.00959871 0.0091292 0
  endloop
 endfacet
 facet normal 0 0 1
  outer loop
   vertex -0.00872753 0.00878796 0
   vertex -0.00897989 0.00967445 0
   vertex -0.00959871 0.0091292 0
  endloop
 endfacet
 facet normal 0 0 1
  outer loop
   vertex 0.0129519 0.00294254 0
   vertex 0.012262 0.00226001 0
   vertex 0.0132943 0.00199504 0
  endloop
 endfacet
 facet normal 0 0 1
  outer loop
   vertex 0.0132943 0.00199504 0
   vertex 0.012262 0.00226001 0
   vertex 0.0124027 0.00139214 0
  endloop
 endfacet
 facet normal 0 0 1
  outer loop
   vertex 0.0119637 0.00307685 0
   vertex 0.012262 0.00226001 0
   vertex 0.0129519 0.00294254 0
  endloop
 endfacet
 facet normal 0 -0 1
  outer loop
   vertex -0.00855343 -0.00884843 0
   vertex -0.00816262 -0.00795999 0
   vertex -0.00916533 -0.00823016 0
  endloop
 endfacet
 facet normal 0 0 1
  outer loop
   vertex -0.00816262 -0.00795999 0
   vertex -0.00872828 -0.00734679 0
   vertex -0.00916533 -0.00823016 0
  endloop
 endfacet
 facet normal 0 -0 1
  outer loop
   vertex -0.0115478 -0.00630337 0
   vertex -0.0109717 -0.00554769 0
   vertex -0.0119153 -0.00556924 0
  endloop
 endfacet
 facet normal 0 0 1
  outer loop
   vertex -0.0105706 -0.00619891 0
   vertex -0.0109717 -0.00554769 0
   vertex -0.0115478 -0.00630337 0
  endloop
 endfacet
 facet normal 0 0 1
  outer loop
   vertex 0.00215711 0.0128935 0
   vertex 0.00244006 0.0119373 0
   vertex 0.00302538 0.0127588 0
  endloop
 endfacet
 facet normal 0 0 1
  outer loop
   vertex 0.00302538 0.0127588 0
   vertex 0.00244006 0.0119373 0
   vertex 0.00326393 0.0117988 0
  endloop
 endfacet
 facet normal -0 0 1
  outer loop
   vertex 0.0015955 0.0120532 0
   vertex 0.00244006 0.0119373 0
   vertex 0.00215711 0.0128935 0
  endloop
 endfacet
 facet normal 0 0 1
  outer loop
   vertex 0.0132704 0.000136521 0
   vertex 0.0132902 -0.000684806 0
   vertex 0.0141843 -0.000272699 0
  endloop
 endfacet
 facet normal 0 0 1
  outer loop
   vertex 0.00941119 -0.00828717 0
   vertex 0.00861376 -0.00810367 0
   vertex 0.00882832 -0.00890129 0
  endloop
 endfacet
 facet normal 0 -0 1
  outer loop
   vertex 0.00193061 -0.012975 0
   vertex 0.00219789 -0.0120383 0
   vertex 0.00139837 -0.0121613 0
  endloop
 endfacet
 facet normal 0 0 1
  outer loop
   vertex 0.00277694 -0.012813 0
   vertex 0.00219789 -0.0120383 0
   vertex 0.00193061 -0.012975 0
  endloop
 endfacet
 facet normal 0 -0 1
  outer loop
   vertex -0.0117605 -0.00335736 0
   vertex -0.0110365 -0.00272819 0
   vertex -0.0120028 -0.00261486 0
  endloop
 endfacet
 facet normal 0 0 1
  outer loop
   vertex 0.00298192 -0.0118513 0
   vertex 0.00219789 -0.0120383 0
   vertex 0.00277694 -0.012813 0
  endloop
 endfacet
 facet normal 0 0 1
  outer loop
   vertex 0.000196996 -0.0131017 0
   vertex -0.000225334 -0.0122088 0
   vertex -0.000683918 -0.0130725 0
  endloop
 endfacet
 facet normal 0 -0 1
  outer loop
   vertex -0.000683918 -0.0130725 0
   vertex -0.000225334 -0.0122088 0
   vertex -0.00104626 -0.0121565 0
  endloop
 endfacet
 facet normal 0 0 1
  outer loop
   vertex 0.000591541 -0.0122135 0
   vertex -0.000225334 -0.0122088 0
   vertex 0.000196996 -0.0131017 0
  endloop
 endfacet
 facet normal 0 0 1
  outer loop
   vertex -0.0019954 0.0121616 0
   vertex -0.00106399 0.0122254 0
   vertex -0.00156175 0.0130653 0
  endloop
 endfacet
 facet normal 0 -0 1
  outer loop
   vertex -0.0119153 -0.00556924 0
   vertex -0.0112984 -0.00483474 0
   vertex -0.0122295 -0.00479403 0
  endloop
 endfacet
 facet normal -0 0 1
  outer loop
   vertex -0.0122295 -0.00479403 0
   vertex -0.0112984 -0.00483474 0
   vertex -0.0115235 -0.00409926 0
  endloop
 endfacet
 facet normal 0 0 1
  outer loop
   vertex -0.0109717 -0.00554769 0
   vertex -0.0112984 -0.00483474 0
   vertex -0.0119153 -0.00556924 0
  endloop
 endfacet
 facet normal 0 -0 1
  outer loop
   vertex -0.0131193 -0.00158982 0
   vertex -0.0123529 -0.00110269 0
   vertex -0.0132114 -0.000762798 0
  endloop
 endfacet
 facet normal -0 0 1
  outer loop
   vertex -0.0132114 -0.000762798 0
   vertex -0.0123529 -0.00110269 0
   vertex -0.0123691 -0.000347067 0
  endloop
 endfacet
 facet normal 0 0 1
  outer loop
   vertex -0.0122319 -0.00187936 0
   vertex -0.0123529 -0.00110269 0
   vertex -0.0131193 -0.00158982 0
  endloop
 endfacet
 facet normal 0 0 1
  outer loop
   vertex -0.000172205 0.0121908 0
   vertex 0.000185766 0.0112929 0
   vertex 0.000714096 0.0121376 0
  endloop
 endfacet
 facet normal 0 0 1
  outer loop
   vertex 0.0110683 -0.00538472 0
   vertex 0.0101116 -0.00534725 0
   vertex 0.010675 -0.00612686 0
  endloop
 endfacet
 facet normal 0 0 1
  outer loop
   vertex 0.0121691 -0.00221463 0
   vertex 0.0119577 -0.00304688 0
   vertex 0.0129079 -0.00292587 0
  endloop
 endfacet
 facet normal -0 0 1
  outer loop
   vertex 0.0119577 -0.00304688 0
   vertex 0.0126694 -0.00374954 0
   vertex 0.0129079 -0.00292587 0
  endloop
 endfacet
 facet normal -0 0 1
  outer loop
   vertex -0.00743376 0.00970079 0
   vertex -0.00659747 0.00915836 0
   vertex -0.00673495 0.010124 0
  endloop
 endfacet
 facet normal 0 0 1
  outer loop
   vertex 0.0106783 0.00621151 0
   vertex 0.0100651 0.00545988 0
   vertex 0.0110266 0.0054668 0
  endloop
 endfacet
 facet normal 0 0 1
  outer loop
   vertex -0.00187021 -0.0120658 0
   vertex -0.00213828 -0.0111697 0
   vertex -0.00269261 -0.0119179 0
  endloop
 endfacet
 facet normal 0 -0 1
  outer loop
   vertex -0.0101459 -0.00686674 0
   vertex -0.00962249 -0.00601186 0
   vertex -0.0105706 -0.00619891 0
  endloop
 endfacet
 facet normal 0 0 1
  outer loop
   vertex -0.00920791 -0.00668171 0
   vertex -0.00962249 -0.00601186 0
   vertex -0.0101459 -0.00686674 0
  endloop
 endfacet
 facet normal 0 0 1
  outer loop
   vertex 0.00673245 0.0104692 0
   vertex 0.00652423 0.009556 0
   vertex 0.00736465 0.010033 0
  endloop
 endfacet
 facet normal 0 0 1
  outer loop
   vertex -0.0115791 0.00427623 0
   vertex -0.0106253 0.00431458 0
   vertex -0.0113273 0.00502218 0
  endloop
 endfacet
 facet normal 0 -0 1
  outer loop
   vertex -0.0120028 -0.00261486 0
   vertex -0.0112942 -0.00202293 0
   vertex -0.0122319 -0.00187936 0
  endloop
 endfacet
 facet normal 0 0 1
  outer loop
   vertex -0.0110365 -0.00272819 0
   vertex -0.0112942 -0.00202293 0
   vertex -0.0120028 -0.00261486 0
  endloop
 endfacet
 facet normal 0 0 1
  outer loop
   vertex 0.00326393 0.0117988 0
   vertex 0.00349731 0.0108471 0
   vertex 0.00407228 0.0116442 0
  endloop
 endfacet
 facet normal 0 -0 1
  outer loop
   vertex -0.00659747 0.00915836 0
   vertex -0.00589233 0.00957197 0
   vertex -0.00673495 0.010124 0
  endloop
 endfacet
 facet normal 0 0 1
  outer loop
   vertex -0.00589233 0.00957197 0
   vertex -0.0060207 0.0105451 0
   vertex -0.00673495 0.010124 0
  endloop
 endfacet
 facet normal 0 0 1
  outer loop
   vertex 0.000714096 0.0121376 0
   vertex 0.00105067 0.0112184 0
   vertex 0.0015955 0.0120532 0
  endloop
 endfacet
 facet normal -0 0 1
  outer loop
   vertex 0.000185766 0.0112929 0
   vertex 0.00105067 0.0112184 0
   vertex 0.000714096 0.0121376 0
  endloop
 endfacet
 facet normal 0 0 1
  outer loop
   vertex 0.00882832 -0.00890129 0
   vertex 0.00797259 -0.00842991 0
   vertex 0.00812302 -0.00933931 0
  endloop
 endfacet
 facet normal 0 0 1
  outer loop
   vertex 0.00861376 -0.00810367 0
   vertex 0.00797259 -0.00842991 0
   vertex 0.00882832 -0.00890129 0
  endloop
 endfacet
 facet normal 0 0 1
  outer loop
   vertex 0.00550513 0.0121818 0
   vertex 0.0055705 0.0113717 0
   vertex 0.00626262 0.0118306 0
  endloop
 endfacet
 facet normal -0 0 1
  outer loop
   vertex 0.0055705 0.0113717 0
   vertex 0.00610983 0.0109066 0
   vertex 0.00626262 0.0118306 0
  endloop
 endfacet
 facet normal 0 0 1
  outer loop
   vertex -0.0123716 0.000419692 0
   vertex -0.0115331 0.000711734 0
   vertex -0.0123179 0.00120488 0
  endloop
 endfacet
 facet normal -0 0 1
  outer loop
   vertex -0.00977708 0.00768864 0
   vertex -0.00885355 0.00742727 0
   vertex -0.00925511 0.00825035 0
  endloop
 endfacet
 facet normal 0 -0 1
  outer loop
   vertex -0.00872753 0.00878796 0
   vertex -0.0081101 0.00928786 0
   vertex -0.00897989 0.00967445 0
  endloop
 endfacet
 facet normal 0 0 1
  outer loop
   vertex 0.00610983 0.0109066 0
   vertex 0.00586645 0.0100041 0
   vertex 0.00673245 0.0104692 0
  endloop
 endfacet
 facet normal -0 0 1
  outer loop
   vertex 0.00586645 0.0100041 0
   vertex 0.00652423 0.009556 0
   vertex 0.00673245 0.0104692 0
  endloop
 endfacet
 facet normal -0 0 1
  outer loop
   vertex -0.0019954 0.0121616 0
   vertex -0.00145531 0.0114466 0
   vertex -0.00106399 0.0122254 0
  endloop
 endfacet
 facet normal 0 0 1
  outer loop
   vertex -0.0118082 0.00352004 0
   vertex -0.0108396 0.0035993 0
   vertex -0.0115791 0.00427623 0
  endloop
 endfacet
 facet normal 0 -0 1
  outer loop
   vertex -0.0108396 0.0035993 0
   vertex -0.0106253 0.00431458 0
   vertex -0.0115791 0.00427623 0
  endloop
 endfacet
 facet normal 0 0 1
  outer loop
   vertex -0.00374323 0.011697 0
   vertex -0.00288089 0.0119455 0
   vertex -0.0036378 0.0126545 0
  endloop
 endfacet
 facet normal 0 -0 1
  outer loop
   vertex -0.0115235 -0.00409926 0
   vertex -0.0107802 -0.00344352 0
   vertex -0.0117605 -0.00335736 0
  endloop
 endfacet
 facet normal 0 0 1
  outer loop
   vertex -0.0107802 -0.00344352 0
   vertex -0.0110365 -0.00272819 0
   vertex -0.0117605 -0.00335736 0
  endloop
 endfacet
 facet normal 0 0 1
  outer loop
   vertex -0.00855343 -0.00884843 0
   vertex -0.00752402 -0.00852732 0
   vertex -0.00816262 -0.00795999 0
  endloop
 endfacet
 facet normal 0 -0 1
  outer loop
   vertex -0.0078814 -0.00942129 0
   vertex -0.00752402 -0.00852732 0
   vertex -0.00855343 -0.00884843 0
  endloop
 endfacet
 facet normal 0 0 1
  outer loop
   vertex -0.0131222 0.00173135 0
   vertex -0.0121924 0.00198741 0
   vertex -0.0129746 0.00256616 0
  endloop
 endfacet
 facet normal 0 -0 1
  outer loop
   vertex -0.0123179 0.00120488 0
   vertex -0.0121924 0.00198741 0
   vertex -0.0131222 0.00173135 0
  endloop
 endfacet
 facet normal -0 0 1
  outer loop
   vertex -0.00528865 0.0109611 0
   vertex -0.00445383 0.0103999 0
   vertex -0.0045522 0.0113704 0
  endloop
 endfacet
 facet normal 0 0 1
  outer loop
   vertex 0.010675 -0.00612686 0
   vertex 0.00970403 -0.00605208 0
   vertex 0.0102501 -0.00685047 0
  endloop
 endfacet
 facet normal 0 0 1
  outer loop
   vertex 0.0101116 -0.00534725 0
   vertex 0.00970403 -0.00605208 0
   vertex 0.010675 -0.00612686 0
  endloop
 endfacet
 facet normal 0 0 1
  outer loop
   vertex 0.00470475 0.0124005 0
   vertex 0.00485147 0.0114749 0
   vertex 0.00550513 0.0121818 0
  endloop
 endfacet
 facet normal 0 0 1
  outer loop
   vertex 0.00550513 0.0121818 0
   vertex 0.00485147 0.0114749 0
   vertex 0.0055705 0.0113717 0
  endloop
 endfacet
 facet normal -0 0 1
  outer loop
   vertex 0.00407228 0.0116442 0
   vertex 0.00485147 0.0114749 0
   vertex 0.00470475 0.0124005 0
  endloop
 endfacet
 facet normal -0 0 1
  outer loop
   vertex -0.00288089 0.0119455 0
   vertex -0.00220908 0.0111545 0
   vertex -0.0019954 0.0121616 0
  endloop
 endfacet
 facet normal 0 0 1
  outer loop
   vertex -0.00220908 0.0111545 0
   vertex -0.00145531 0.0114466 0
   vertex -0.0019954 0.0121616 0
  endloop
 endfacet
 facet normal 0 0 1
  outer loop
   vertex -0.000172205 0.0121908 0
   vertex -0.000670185 0.0113352 0
   vertex 0.000185766 0.0112929 0
  endloop
 endfacet
 facet normal 0 0 1
  outer loop
   vertex -0.00106399 0.0122254 0
   vertex -0.000670185 0.0113352 0
   vertex -0.000172205 0.0121908 0
  endloop
 endfacet
 facet normal 0 0 1
  outer loop
   vertex -0.00679494 -0.0114591 0
   vertex -0.00597444 -0.0108425 0
   vertex -0.00673324 -0.0105924 0
  endloop
 endfacet
 facet normal 0 0 1
  outer loop
   vertex 0.00941119 -0.00828717 0
   vertex 0.00888655 -0.00742262 0
   vertex 0.00861376 -0.00810367 0
  endloop
 endfacet
 facet normal 0 0 1
  outer loop
   vertex 0.00982649 -0.00756714 0
   vertex 0.00888655 -0.00742262 0
   vertex 0.00941119 -0.00828717 0
  endloop
 endfacet
 facet normal 0 0 1
  outer loop
   vertex -0.00516663 -0.0111543 0
   vertex -0.00527778 -0.0101866 0
   vertex -0.00597444 -0.0108425 0
  endloop
 endfacet
 facet normal 0 0 1
  outer loop
   vertex 0.00736465 0.010033 0
   vertex 0.00715151 0.00911534 0
   vertex 0.0079817 0.00960822 0
  endloop
 endfacet
 facet normal -0 0 1
  outer loop
   vertex 0.00652423 0.009556 0
   vertex 0.00715151 0.00911534 0
   vertex 0.00736465 0.010033 0
  endloop
 endfacet
 facet normal 0 0 1
  outer loop
   vertex 0.0124027 0.00139214 0
   vertex 0.0114878 0.000933685 0
   vertex 0.0123743 0.000523949 0
  endloop
 endfacet
 facet normal 0 0 1
  outer loop
   vertex 0.0123743 0.000523949 0
   vertex 0.0123684 -0.000357162 0
   vertex 0.0132704 0.000136521 0
  endloop
 endfacet
 facet normal -0 0 1
  outer loop
   vertex 0.0123684 -0.000357162 0
   vertex 0.0132902 -0.000684806 0
   vertex 0.0132704 0.000136521 0
  endloop
 endfacet
 facet normal 0 0 1
  outer loop
   vertex 0.00219789 -0.0120383 0
   vertex 0.00166786 -0.0112662 0
   vertex 0.00139837 -0.0121613 0
  endloop
 endfacet
 facet normal 0 0 1
  outer loop
   vertex 0.0079817 0.00960822 0
   vertex 0.00775185 0.0087122 0
   vertex 0.0085785 0.0092032 0
  endloop
 endfacet
 facet normal -0 0 1
  outer loop
   vertex 0.00715151 0.00911534 0
   vertex 0.00775185 0.0087122 0
   vertex 0.0079817 0.00960822 0
  endloop
 endfacet
 facet normal 0 -0 1
  outer loop
   vertex -0.00445383 0.0103999 0
   vertex -0.00384608 0.0108516 0
   vertex -0.0045522 0.0113704 0
  endloop
 endfacet
 facet normal 0 -0 1
  outer loop
   vertex -0.00384608 0.0108516 0
   vertex -0.00374323 0.011697 0
   vertex -0.0045522 0.0113704 0
  endloop
 endfacet
 facet normal 0 0 1
  outer loop
   vertex 0.00526121 -0.0109767 0
   vertex 0.00455919 -0.0103321 0
   vertex 0.00450924 -0.0113183 0
  endloop
 endfacet
 facet normal 0 0 1
  outer loop
   vertex 0.0126694 -0.00374954 0
   vertex 0.0117185 -0.0038502 0
   vertex 0.0123815 -0.00457763 0
  endloop
 endfacet
 facet normal 0 0 1
  outer loop
   vertex 0.0123815 -0.00457763 0
   vertex 0.0117185 -0.0038502 0
   vertex 0.0114206 -0.00463029 0
  endloop
 endfacet
 facet normal 0 0 1
  outer loop
   vertex 0.0119577 -0.00304688 0
   vertex 0.0117185 -0.0038502 0
   vertex 0.0126694 -0.00374954 0
  endloop
 endfacet
 facet normal 0 0 1
  outer loop
   vertex 0.00957895 0.00819898 0
   vertex 0.00920807 0.00749349 0
   vertex 0.00999712 0.00758514 0
  endloop
 endfacet
 facet normal 0 0 1
  outer loop
   vertex 0.0132902 -0.000684806 0
   vertex 0.0124355 -0.00130905 0
   vertex 0.0134106 -0.00142552 0
  endloop
 endfacet
 facet normal 0 0 1
  outer loop
   vertex 0.00298192 -0.0118513 0
   vertex 0.00240731 -0.0111067 0
   vertex 0.00219789 -0.0120383 0
  endloop
 endfacet
 facet normal 0 0 1
  outer loop
   vertex 0.00240731 -0.0111067 0
   vertex 0.00166786 -0.0112662 0
   vertex 0.00219789 -0.0120383 0
  endloop
 endfacet
 facet normal 0 0 1
  outer loop
   vertex -0.0129746 0.00256616 0
   vertex -0.0120148 0.00275649 0
   vertex -0.012776 0.0033929 0
  endloop
 endfacet
 facet normal 0 -0 1
  outer loop
   vertex -0.0120148 0.00275649 0
   vertex -0.0118082 0.00352004 0
   vertex -0.012776 0.0033929 0
  endloop
 endfacet
 facet normal 0 0 1
  outer loop
   vertex 0.00375067 -0.0116101 0
   vertex 0.00312729 -0.0108922 0
   vertex 0.00298192 -0.0118513 0
  endloop
 endfacet
 facet normal 0 0 1
  outer loop
   vertex 0.00312729 -0.0108922 0
   vertex 0.00240731 -0.0111067 0
   vertex 0.00298192 -0.0118513 0
  endloop
 endfacet
 facet normal 0 0 1
  outer loop
   vertex 0.00999712 0.00758514 0
   vertex 0.00939721 0.00684714 0
   vertex 0.0103265 0.00691949 0
  endloop
 endfacet
 facet normal -0 0 1
  outer loop
   vertex 0.00920807 0.00749349 0
   vertex 0.00939721 0.00684714 0
   vertex 0.00999712 0.00758514 0
  endloop
 endfacet
 facet normal 0 0 1
  outer loop
   vertex 0.00139837 -0.0121613 0
   vertex 0.000915834 -0.0113489 0
   vertex 0.000591541 -0.0122135 0
  endloop
 endfacet
 facet normal 0 0 1
  outer loop
   vertex 0.00166786 -0.0112662 0
   vertex 0.000915834 -0.0113489 0
   vertex 0.00139837 -0.0121613 0
  endloop
 endfacet
 facet normal 0 -0 1
  outer loop
   vertex -0.0123691 -0.000347067 0
   vertex -0.0115064 -1.24966e-05 0
   vertex -0.0123716 0.000419692 0
  endloop
 endfacet
 facet normal 0 0 1
  outer loop
   vertex -0.0115064 -1.24966e-05 0
   vertex -0.0115331 0.000711734 0
   vertex -0.0123716 0.000419692 0
  endloop
 endfacet
 facet normal 0 0 1
  outer loop
   vertex 0.00671315 -0.010191 0
   vertex 0.00594376 -0.00960067 0
   vertex 0.00599436 -0.0105984 0
  endloop
 endfacet
 facet normal 0 -0 1
  outer loop
   vertex -0.00187021 -0.0120658 0
   vertex -0.00137257 -0.0112424 0
   vertex -0.00213828 -0.0111697 0
  endloop
 endfacet
 facet normal 0 0 1
  outer loop
   vertex -0.00104626 -0.0121565 0
   vertex -0.00137257 -0.0112424 0
   vertex -0.00187021 -0.0120658 0
  endloop
 endfacet
 facet normal 0 -0 1
  outer loop
   vertex -0.00724502 -0.00999771 0
   vertex -0.00685882 -0.0091134 0
   vertex -0.0078814 -0.00942129 0
  endloop
 endfacet
 facet normal 0 0 1
  outer loop
   vertex -0.00685882 -0.0091134 0
   vertex -0.00752402 -0.00852732 0
   vertex -0.0078814 -0.00942129 0
  endloop
 endfacet
 facet normal -0 0 1
  outer loop
   vertex -0.0081101 0.00928786 0
   vertex -0.00728306 0.00876515 0
   vertex -0.00743376 0.00970079 0
  endloop
 endfacet
 facet normal 0 -0 1
  outer loop
   vertex -0.00728306 0.00876515 0
   vertex -0.00659747 0.00915836 0
   vertex -0.00743376 0.00970079 0
  endloop
 endfacet
 facet normal 0 0 1
  outer loop
   vertex 0.0113578 0.00468972 0
   vertex 0.0107054 0.00394738 0
   vertex 0.011669 0.00388878 0
  endloop
 endfacet
 facet normal 0 0 1
  outer loop
   vertex 0.0124355 -0.00130905 0
   vertex 0.0113681 -0.001605 0
   vertex 0.0121691 -0.00221463 0
  endloop
 endfacet
 facet normal -0 0 1
  outer loop
   vertex -0.00925511 0.00825035 0
   vertex -0.00834748 0.00794214 0
   vertex -0.00872753 0.00878796 0
  endloop
 endfacet
 facet normal 0 -0 1
  outer loop
   vertex -0.00885355 0.00742727 0
   vertex -0.00834748 0.00794214 0
   vertex -0.00925511 0.00825035 0
  endloop
 endfacet
 facet normal 0 0 1
  outer loop
   vertex 0.0121691 -0.00221463 0
   vertex 0.0112035 -0.00241705 0
   vertex 0.0119577 -0.00304688 0
  endloop
 endfacet
 facet normal 0 0 1
  outer loop
   vertex 0.0113681 -0.001605 0
   vertex 0.0112035 -0.00241705 0
   vertex 0.0121691 -0.00221463 0
  endloop
 endfacet
 facet normal 0 0 1
  outer loop
   vertex -0.00433423 -0.0114372 0
   vertex -0.00444822 -0.0104505 0
   vertex -0.00516663 -0.0111543 0
  endloop
 endfacet
 facet normal 0 0 1
  outer loop
   vertex -0.00444822 -0.0104505 0
   vertex -0.00527778 -0.0101866 0
   vertex -0.00516663 -0.0111543 0
  endloop
 endfacet
 facet normal 0 0 1
  outer loop
   vertex 0.0110683 -0.00538472 0
   vertex 0.0104613 -0.00463686 0
   vertex 0.0101116 -0.00534725 0
  endloop
 endfacet
 facet normal 0 0 1
  outer loop
   vertex 0.0114206 -0.00463029 0
   vertex 0.0104613 -0.00463686 0
   vertex 0.0110683 -0.00538472 0
  endloop
 endfacet
 facet normal -0 0 1
  outer loop
   vertex -0.0106961 0.00644647 0
   vertex -0.00982207 0.00634342 0
   vertex -0.0102676 0.00709452 0
  endloop
 endfacet
 facet normal 0 0 1
  outer loop
   vertex 0.011669 0.00388878 0
   vertex 0.0109831 0.00315957 0
   vertex 0.0119637 0.00307685 0
  endloop
 endfacet
 facet normal 0 0 1
  outer loop
   vertex 0.0107054 0.00394738 0
   vertex 0.0109831 0.00315957 0
   vertex 0.011669 0.00388878 0
  endloop
 endfacet
 facet normal 0 0 1
  outer loop
   vertex 0.00244006 0.0119373 0
   vertex 0.00269607 0.0109777 0
   vertex 0.00326393 0.0117988 0
  endloop
 endfacet
 facet normal -0 0 1
  outer loop
   vertex 0.00269607 0.0109777 0
   vertex 0.00349731 0.0108471 0
   vertex 0.00326393 0.0117988 0
  endloop
 endfacet
 facet normal 0 0 1
  outer loop
   vertex 0.0110266 0.0054668 0
   vertex 0.0103982 0.00471902 0
   vertex 0.0113578 0.00468972 0
  endloop
 endfacet
 facet normal 0 0 1
  outer loop
   vertex 0.0113578 0.00468972 0
   vertex 0.0103982 0.00471902 0
   vertex 0.0107054 0.00394738 0
  endloop
 endfacet
 facet normal -0 0 1
  outer loop
   vertex 0.0100651 0.00545988 0
   vertex 0.0103982 0.00471902 0
   vertex 0.0110266 0.0054668 0
  endloop
 endfacet
 facet normal 0 -0 1
  outer loop
   vertex -0.00673324 -0.0105924 0
   vertex -0.00618279 -0.009806 0
   vertex -0.00724502 -0.00999771 0
  endloop
 endfacet
 facet normal 0 0 1
  outer loop
   vertex -0.00618279 -0.009806 0
   vertex -0.00685882 -0.0091134 0
   vertex -0.00724502 -0.00999771 0
  endloop
 endfacet
 facet normal 0 0 1
  outer loop
   vertex 0.00599436 -0.0105984 0
   vertex 0.00525803 -0.00998247 0
   vertex 0.00526121 -0.0109767 0
  endloop
 endfacet
 facet normal 0 0 1
  outer loop
   vertex 0.00526121 -0.0109767 0
   vertex 0.00525803 -0.00998247 0
   vertex 0.00455919 -0.0103321 0
  endloop
 endfacet
 facet normal 0 0 1
  outer loop
   vertex 0.00594376 -0.00960067 0
   vertex 0.00525803 -0.00998247 0
   vertex 0.00599436 -0.0105984 0
  endloop
 endfacet
 facet normal -0 0 1
  outer loop
   vertex -0.0102676 0.00709452 0
   vertex -0.00936039 0.00690074 0
   vertex -0.00977708 0.00768864 0
  endloop
 endfacet
 facet normal 0 0 1
  outer loop
   vertex -0.00977708 0.00768864 0
   vertex -0.00936039 0.00690074 0
   vertex -0.00885355 0.00742727 0
  endloop
 endfacet
 facet normal 0 -0 1
  outer loop
   vertex -0.00982207 0.00634342 0
   vertex -0.00936039 0.00690074 0
   vertex -0.0102676 0.00709452 0
  endloop
 endfacet
 facet normal 0 0 1
  outer loop
   vertex 0.012262 0.00226001 0
   vertex 0.011587 0.00169179 0
   vertex 0.0124027 0.00139214 0
  endloop
 endfacet
 facet normal 0 0 1
  outer loop
   vertex 0.011587 0.00169179 0
   vertex 0.0114878 0.000933685 0
   vertex 0.0124027 0.00139214 0
  endloop
 endfacet
 facet normal 0 0 1
  outer loop
   vertex 0.0094337 0.00953746 0
   vertex 0.00911597 0.00872123 0
   vertex 0.00996747 0.00899088 0
  endloop
 endfacet
 facet normal 0 0 1
  outer loop
   vertex 0.00996747 0.00899088 0
   vertex 0.00911597 0.00872123 0
   vertex 0.00957895 0.00819898 0
  endloop
 endfacet
 facet normal -0 0 1
  outer loop
   vertex 0.0085785 0.0092032 0
   vertex 0.00911597 0.00872123 0
   vertex 0.0094337 0.00953746 0
  endloop
 endfacet
 facet normal 0 0 1
  outer loop
   vertex 0.00742059 -0.00976795 0
   vertex 0.00662174 -0.00920249 0
   vertex 0.00671315 -0.010191 0
  endloop
 endfacet
 facet normal 0 0 1
  outer loop
   vertex 0.00662174 -0.00920249 0
   vertex 0.00594376 -0.00960067 0
   vertex 0.00671315 -0.010191 0
  endloop
 endfacet
 facet normal 0 0 1
  outer loop
   vertex -0.00213828 -0.0111697 0
   vertex -0.00291408 -0.0109926 0
   vertex -0.00269261 -0.0119179 0
  endloop
 endfacet
 facet normal 0 0 1
  outer loop
   vertex -0.00291408 -0.0109926 0
   vertex -0.00351165 -0.011703 0
   vertex -0.00269261 -0.0119179 0
  endloop
 endfacet
 facet normal -0 0 1
  outer loop
   vertex -0.00145531 0.0114466 0
   vertex -0.000670185 0.0113352 0
   vertex -0.00106399 0.0122254 0
  endloop
 endfacet
 facet normal 0 -0 1
  outer loop
   vertex -0.0106253 0.00431458 0
   vertex -0.0104015 0.00501706 0
   vertex -0.0113273 0.00502218 0
  endloop
 endfacet
 facet normal 0 0 1
  outer loop
   vertex -0.0104015 0.00501706 0
   vertex -0.0110449 0.00574998 0
   vertex -0.0113273 0.00502218 0
  endloop
 endfacet
 facet normal -0 0 1
  outer loop
   vertex -0.00872753 0.00878796 0
   vertex -0.00794692 0.00849303 0
   vertex -0.0081101 0.00928786 0
  endloop
 endfacet
 facet normal 0 0 1
  outer loop
   vertex -0.0081101 0.00928786 0
   vertex -0.00794692 0.00849303 0
   vertex -0.00728306 0.00876515 0
  endloop
 endfacet
 facet normal 0 -0 1
  outer loop
   vertex -0.00834748 0.00794214 0
   vertex -0.00794692 0.00849303 0
   vertex -0.00872753 0.00878796 0
  endloop
 endfacet
 facet normal 0 0 1
  outer loop
   vertex 0.0119637 0.00307685 0
   vertex 0.0112569 0.00238037 0
   vertex 0.012262 0.00226001 0
  endloop
 endfacet
 facet normal 0 0 1
  outer loop
   vertex 0.012262 0.00226001 0
   vertex 0.0112569 0.00238037 0
   vertex 0.011587 0.00169179 0
  endloop
 endfacet
 facet normal 0 0 1
  outer loop
   vertex 0.0109831 0.00315957 0
   vertex 0.0112569 0.00238037 0
   vertex 0.0119637 0.00307685 0
  endloop
 endfacet
 facet normal 0 0 1
  outer loop
   vertex 0.0103265 0.00691949 0
   vertex 0.00972069 0.00616896 0
   vertex 0.0106783 0.00621151 0
  endloop
 endfacet
 facet normal 0 0 1
  outer loop
   vertex 0.0106783 0.00621151 0
   vertex 0.00972069 0.00616896 0
   vertex 0.0100651 0.00545988 0
  endloop
 endfacet
 facet normal -0 0 1
  outer loop
   vertex 0.00939721 0.00684714 0
   vertex 0.00972069 0.00616896 0
   vertex 0.0103265 0.00691949 0
  endloop
 endfacet
 facet normal -0 0 1
  outer loop
   vertex -0.00374323 0.011697 0
   vertex -0.00305459 0.0109393 0
   vertex -0.00288089 0.0119455 0
  endloop
 endfacet
 facet normal 0 0 1
  outer loop
   vertex -0.00288089 0.0119455 0
   vertex -0.00305459 0.0109393 0
   vertex -0.00220908 0.0111545 0
  endloop
 endfacet
 facet normal 0 0 1
  outer loop
   vertex -0.00384608 0.0108516 0
   vertex -0.00305459 0.0109393 0
   vertex -0.00374323 0.011697 0
  endloop
 endfacet
 facet normal 0 0 1
  outer loop
   vertex -0.00528865 0.0109611 0
   vertex -0.00517051 0.00998553 0
   vertex -0.00445383 0.0103999 0
  endloop
 endfacet
 facet normal -0 0 1
  outer loop
   vertex -0.0060207 0.0105451 0
   vertex -0.00517051 0.00998553 0
   vertex -0.00528865 0.0109611 0
  endloop
 endfacet
 facet normal 0 -0 1
  outer loop
   vertex -0.0105706 -0.00619891 0
   vertex -0.010027 -0.00537826 0
   vertex -0.0109717 -0.00554769 0
  endloop
 endfacet
 facet normal 0 0 1
  outer loop
   vertex -0.00962249 -0.00601186 0
   vertex -0.010027 -0.00537826 0
   vertex -0.0105706 -0.00619891 0
  endloop
 endfacet
 facet normal 0 0 1
  outer loop
   vertex 0.0015955 0.0120532 0
   vertex 0.00188841 0.0111055 0
   vertex 0.00244006 0.0119373 0
  endloop
 endfacet
 facet normal 0 0 1
  outer loop
   vertex 0.00244006 0.0119373 0
   vertex 0.00188841 0.0111055 0
   vertex 0.00269607 0.0109777 0
  endloop
 endfacet
 facet normal -0 0 1
  outer loop
   vertex 0.00105067 0.0112184 0
   vertex 0.00188841 0.0111055 0
   vertex 0.0015955 0.0120532 0
  endloop
 endfacet
 facet normal 0 0 1
  outer loop
   vertex 0.00652423 0.009556 0
   vertex 0.00636688 0.00863127 0
   vertex 0.00715151 0.00911534 0
  endloop
 endfacet
 facet normal 0 0 1
  outer loop
   vertex 0.0102501 -0.00685047 0
   vertex 0.00925481 -0.00673414 0
   vertex 0.00982649 -0.00756714 0
  endloop
 endfacet
 facet normal 0 0 1
  outer loop
   vertex 0.00982649 -0.00756714 0
   vertex 0.00925481 -0.00673414 0
   vertex 0.00888655 -0.00742262 0
  endloop
 endfacet
 facet normal 0 0 1
  outer loop
   vertex 0.00970403 -0.00605208 0
   vertex 0.00925481 -0.00673414 0
   vertex 0.0102501 -0.00685047 0
  endloop
 endfacet
 facet normal 0 -0 1
  outer loop
   vertex -0.0115331 0.000711734 0
   vertex -0.011442 0.00145612 0
   vertex -0.0123179 0.00120488 0
  endloop
 endfacet
 facet normal 0 0 1
  outer loop
   vertex -0.011442 0.00145612 0
   vertex -0.0121924 0.00198741 0
   vertex -0.0123179 0.00120488 0
  endloop
 endfacet
 facet normal 0 0 1
  outer loop
   vertex 0.00812302 -0.00933931 0
   vertex 0.00729481 -0.00880361 0
   vertex 0.00742059 -0.00976795 0
  endloop
 endfacet
 facet normal 0 0 1
  outer loop
   vertex 0.00742059 -0.00976795 0
   vertex 0.00729481 -0.00880361 0
   vertex 0.00662174 -0.00920249 0
  endloop
 endfacet
 facet normal 0 0 1
  outer loop
   vertex 0.00797259 -0.00842991 0
   vertex 0.00729481 -0.00880361 0
   vertex 0.00812302 -0.00933931 0
  endloop
 endfacet
 facet normal 0 0 1
  outer loop
   vertex 0.0132902 -0.000684806 0
   vertex 0.0123684 -0.000357162 0
   vertex 0.0124355 -0.00130905 0
  endloop
 endfacet
 facet normal 0 0 1
  outer loop
   vertex 0.00957895 0.00819898 0
   vertex 0.00870508 0.00790756 0
   vertex 0.00920807 0.00749349 0
  endloop
 endfacet
 facet normal 0 0 1
  outer loop
   vertex 0.00911597 0.00872123 0
   vertex 0.00870508 0.00790756 0
   vertex 0.00957895 0.00819898 0
  endloop
 endfacet
 facet normal 0 0 1
  outer loop
   vertex 0.00450924 -0.0113183 0
   vertex 0.00384287 -0.0106373 0
   vertex 0.00375067 -0.0116101 0
  endloop
 endfacet
 facet normal 0 -0 1
  outer loop
   vertex 0.00375067 -0.0116101 0
   vertex 0.00384287 -0.0106373 0
   vertex 0.00312729 -0.0108922 0
  endloop
 endfacet
 facet normal 0 0 1
  outer loop
   vertex 0.00455919 -0.0103321 0
   vertex 0.00384287 -0.0106373 0
   vertex 0.00450924 -0.0113183 0
  endloop
 endfacet
 facet normal 0 -0 1
  outer loop
   vertex -0.00872828 -0.00734679 0
   vertex -0.0083286 -0.00649677 0
   vertex -0.00920791 -0.00668171 0
  endloop
 endfacet
 facet normal 0 0 1
  outer loop
   vertex 0.0114878 0.000933685 0
   vertex 0.0114591 9.19372e-05 0
   vertex 0.0123743 0.000523949 0
  endloop
 endfacet
 facet normal -0 0 1
  outer loop
   vertex 0.0114591 9.19372e-05 0
   vertex 0.0123684 -0.000357162 0
   vertex 0.0123743 0.000523949 0
  endloop
 endfacet
 facet normal 0 0 1
  outer loop
   vertex 0.00240731 -0.0111067 0
   vertex 0.00188291 -0.0103852 0
   vertex 0.00166786 -0.0112662 0
  endloop
 endfacet
 facet normal 0 0 1
  outer loop
   vertex -0.0106961 0.00644647 0
   vertex -0.0101719 0.00569897 0
   vertex -0.00982207 0.00634342 0
  endloop
 endfacet
 facet normal -0 0 1
  outer loop
   vertex -0.0110449 0.00574998 0
   vertex -0.0101719 0.00569897 0
   vertex -0.0106961 0.00644647 0
  endloop
 endfacet
 facet normal 0 0 1
  outer loop
   vertex -0.00597444 -0.0108425 0
   vertex -0.00618279 -0.009806 0
   vertex -0.00673324 -0.0105924 0
  endloop
 endfacet
 facet normal -0 0 1
  outer loop
   vertex 0.00349731 0.0108471 0
   vertex 0.00429968 0.0107236 0
   vertex 0.00407228 0.0116442 0
  endloop
 endfacet
 facet normal 0 -0 1
  outer loop
   vertex 0.00429968 0.0107236 0
   vertex 0.00485147 0.0114749 0
   vertex 0.00407228 0.0116442 0
  endloop
 endfacet
 facet normal 0 0 1
  outer loop
   vertex -0.00527778 -0.0101866 0
   vertex -0.00618279 -0.009806 0
   vertex -0.00597444 -0.0108425 0
  endloop
 endfacet
 facet normal 0 -0 1
  outer loop
   vertex -0.00816262 -0.00795999 0
   vertex -0.00781424 -0.00712167 0
   vertex -0.00872828 -0.00734679 0
  endloop
 endfacet
 facet normal 0 0 1
  outer loop
   vertex -0.00781424 -0.00712167 0
   vertex -0.0083286 -0.00649677 0
   vertex -0.00872828 -0.00734679 0
  endloop
 endfacet
 facet normal 0 0 1
  outer loop
   vertex -0.000225334 -0.0122088 0
   vertex -0.00060869 -0.0113147 0
   vertex -0.00104626 -0.0121565 0
  endloop
 endfacet
 facet normal 0 0 1
  outer loop
   vertex -0.00060869 -0.0113147 0
   vertex -0.00137257 -0.0112424 0
   vertex -0.00104626 -0.0121565 0
  endloop
 endfacet
 facet normal 0 0 1
  outer loop
   vertex -0.00351165 -0.011703 0
   vertex -0.00366383 -0.0107213 0
   vertex -0.00433423 -0.0114372 0
  endloop
 endfacet
 facet normal 0 -0 1
  outer loop
   vertex -0.00433423 -0.0114372 0
   vertex -0.00366383 -0.0107213 0
   vertex -0.00444822 -0.0104505 0
  endloop
 endfacet
 facet normal 0 0 1
  outer loop
   vertex -0.00291408 -0.0109926 0
   vertex -0.00366383 -0.0107213 0
   vertex -0.00351165 -0.011703 0
  endloop
 endfacet
 facet normal 0 0 1
  outer loop
   vertex -0.0106253 0.00431458 0
   vertex -0.00967764 0.00435217 0
   vertex -0.0104015 0.00501706 0
  endloop
 endfacet
 facet normal 0 0 1
  outer loop
   vertex -0.0112942 -0.00202293 0
   vertex -0.0115946 -0.00139819 0
   vertex -0.0122319 -0.00187936 0
  endloop
 endfacet
 facet normal 0 0 1
  outer loop
   vertex -0.0115946 -0.00139819 0
   vertex -0.0123529 -0.00110269 0
   vertex -0.0122319 -0.00187936 0
  endloop
 endfacet
 facet normal 0 0 1
  outer loop
   vertex 0.0103982 0.00471902 0
   vertex 0.00976727 0.00399966 0
   vertex 0.0107054 0.00394738 0
  endloop
 endfacet
 facet normal 0 -0 1
  outer loop
   vertex -0.00589233 0.00957197 0
   vertex -0.00517051 0.00998553 0
   vertex -0.0060207 0.0105451 0
  endloop
 endfacet
 facet normal 0 0 1
  outer loop
   vertex 0.000185766 0.0112929 0
   vertex 0.000511757 0.0104145 0
   vertex 0.00105067 0.0112184 0
  endloop
 endfacet
 facet normal 0 0 1
  outer loop
   vertex 0.00861376 -0.00810367 0
   vertex 0.00798721 -0.00750706 0
   vertex 0.00797259 -0.00842991 0
  endloop
 endfacet
 facet normal -0 0 1
  outer loop
   vertex -0.00936039 0.00690074 0
   vertex -0.00847012 0.00665485 0
   vertex -0.00885355 0.00742727 0
  endloop
 endfacet
 facet normal 0 0 1
  outer loop
   vertex 0.0112035 -0.00241705 0
   vertex 0.0110434 -0.00318914 0
   vertex 0.0119577 -0.00304688 0
  endloop
 endfacet
 facet normal -0 0 1
  outer loop
   vertex 0.0110434 -0.00318914 0
   vertex 0.0117185 -0.0038502 0
   vertex 0.0119577 -0.00304688 0
  endloop
 endfacet
 facet normal 0 -0 1
  outer loop
   vertex -0.0123529 -0.00110269 0
   vertex -0.0115016 -0.000725581 0
   vertex -0.0123691 -0.000347067 0
  endloop
 endfacet
 facet normal -0 0 1
  outer loop
   vertex -0.0123691 -0.000347067 0
   vertex -0.0115016 -0.000725581 0
   vertex -0.0115064 -1.24966e-05 0
  endloop
 endfacet
 facet normal 0 -0 1
  outer loop
   vertex -0.0115946 -0.00139819 0
   vertex -0.0115016 -0.000725581 0
   vertex -0.0123529 -0.00110269 0
  endloop
 endfacet
 facet normal 0 0 1
  outer loop
   vertex 0.00610983 0.0109066 0
   vertex 0.00517789 0.010529 0
   vertex 0.00586645 0.0100041 0
  endloop
 endfacet
 facet normal 0 0 1
  outer loop
   vertex 0.0055705 0.0113717 0
   vertex 0.00517789 0.010529 0
   vertex 0.00610983 0.0109066 0
  endloop
 endfacet
 facet normal 0 0 1
  outer loop
   vertex -0.000670185 0.0113352 0
   vertex -0.000366408 0.010458 0
   vertex 0.000185766 0.0112929 0
  endloop
 endfacet
 facet normal -0 0 1
  outer loop
   vertex -0.000366408 0.010458 0
   vertex 0.000511757 0.0104145 0
   vertex 0.000185766 0.0112929 0
  endloop
 endfacet
 facet normal 0 0 1
  outer loop
   vertex -0.0108396 0.0035993 0
   vertex -0.00987606 0.00365055 0
   vertex -0.0106253 0.00431458 0
  endloop
 endfacet
 facet normal 0 -0 1
  outer loop
   vertex -0.00987606 0.00365055 0
   vertex -0.00967764 0.00435217 0
   vertex -0.0106253 0.00431458 0
  endloop
 endfacet
 facet normal 0 0 1
  outer loop
   vertex 0.0101116 -0.00534725 0
   vertex 0.00920494 -0.0052811 0
   vertex 0.00970403 -0.00605208 0
  endloop
 endfacet
 facet normal -0 0 1
  outer loop
   vertex -0.0115235 -0.00409926 0
   vertex -0.0105694 -0.00415914 0
   vertex -0.0107802 -0.00344352 0
  endloop
 endfacet
 facet normal 0 -0 1
  outer loop
   vertex -0.0112984 -0.00483474 0
   vertex -0.0105694 -0.00415914 0
   vertex -0.0115235 -0.00409926 0
  endloop
 endfacet
 facet normal 0 0 1
  outer loop
   vertex 0.00976727 0.00399966 0
   vertex 0.010033 0.00322532 0
   vertex 0.0107054 0.00394738 0
  endloop
 endfacet
 facet normal -0 0 1
  outer loop
   vertex 0.010033 0.00322532 0
   vertex 0.0109831 0.00315957 0
   vertex 0.0107054 0.00394738 0
  endloop
 endfacet
 facet normal -0 0 1
  outer loop
   vertex -0.00659747 0.00915836 0
   vertex -0.00578369 0.00860865 0
   vertex -0.00589233 0.00957197 0
  endloop
 endfacet
 facet normal 0 -0 1
  outer loop
   vertex -0.0110365 -0.00272819 0
   vertex -0.0103739 -0.00207696 0
   vertex -0.0112942 -0.00202293 0
  endloop
 endfacet
 facet normal 0 0 1
  outer loop
   vertex 0.00586645 0.0100041 0
   vertex 0.00571567 0.0090726 0
   vertex 0.00652423 0.009556 0
  endloop
 endfacet
 facet normal -0 0 1
  outer loop
   vertex 0.00571567 0.0090726 0
   vertex 0.00636688 0.00863127 0
   vertex 0.00652423 0.009556 0
  endloop
 endfacet
 facet normal -0 0 1
  outer loop
   vertex -0.00728306 0.00876515 0
   vertex -0.00651673 0.00817719 0
   vertex -0.00659747 0.00915836 0
  endloop
 endfacet
 facet normal 0 -0 1
  outer loop
   vertex -0.00651673 0.00817719 0
   vertex -0.00578369 0.00860865 0
   vertex -0.00659747 0.00915836 0
  endloop
 endfacet
 facet normal 0 -0 1
  outer loop
   vertex -0.0107802 -0.00344352 0
   vertex -0.010055 -0.00279659 0
   vertex -0.0110365 -0.00272819 0
  endloop
 endfacet
 facet normal 0 0 1
  outer loop
   vertex -0.010055 -0.00279659 0
   vertex -0.0103739 -0.00207696 0
   vertex -0.0110365 -0.00272819 0
  endloop
 endfacet
 facet normal 0 0 1
  outer loop
   vertex -0.00527778 -0.0101866 0
   vertex -0.00534678 -0.00932627 0
   vertex -0.00618279 -0.009806 0
  endloop
 endfacet
 facet normal 0 0 1
  outer loop
   vertex 0.00188291 -0.0103852 0
   vertex 0.00118162 -0.0105113 0
   vertex 0.00166786 -0.0112662 0
  endloop
 endfacet
 facet normal 0 0 1
  outer loop
   vertex 0.00118162 -0.0105113 0
   vertex 0.000915834 -0.0113489 0
   vertex 0.00166786 -0.0112662 0
  endloop
 endfacet
 facet normal 0 0 1
  outer loop
   vertex -0.0115331 0.000711734 0
   vertex -0.0107919 0.000968917 0
   vertex -0.011442 0.00145612 0
  endloop
 endfacet
 facet normal 0 -0 1
  outer loop
   vertex -0.00920791 -0.00668171 0
   vertex -0.00870739 -0.0058093 0
   vertex -0.00962249 -0.00601186 0
  endloop
 endfacet
 facet normal 0 0 1
  outer loop
   vertex -0.0083286 -0.00649677 0
   vertex -0.00870739 -0.0058093 0
   vertex -0.00920791 -0.00668171 0
  endloop
 endfacet
 facet normal 0 0 1
  outer loop
   vertex 0.0104613 -0.00463686 0
   vertex 0.00952062 -0.00457966 0
   vertex 0.0101116 -0.00534725 0
  endloop
 endfacet
 facet normal 0 0 1
  outer loop
   vertex 0.00952062 -0.00457966 0
   vertex 0.00920494 -0.0052811 0
   vertex 0.0101116 -0.00534725 0
  endloop
 endfacet
 facet normal -0 0 1
  outer loop
   vertex -0.00517051 0.00998553 0
   vertex -0.00427463 0.00945745 0
   vertex -0.00445383 0.0103999 0
  endloop
 endfacet
 facet normal 0 0 1
  outer loop
   vertex 0.00870508 0.00790756 0
   vertex 0.00839998 0.00699791 0
   vertex 0.00920807 0.00749349 0
  endloop
 endfacet
 facet normal 0 0 1
  outer loop
   vertex -0.0120148 0.00275649 0
   vertex -0.0110461 0.00287982 0
   vertex -0.0118082 0.00352004 0
  endloop
 endfacet
 facet normal 0 -0 1
  outer loop
   vertex -0.0110461 0.00287982 0
   vertex -0.0108396 0.0035993 0
   vertex -0.0118082 0.00352004 0
  endloop
 endfacet
 facet normal -0 0 1
  outer loop
   vertex 0.00775185 0.0087122 0
   vertex 0.00835905 0.00844723 0
   vertex 0.0085785 0.0092032 0
  endloop
 endfacet
 facet normal 0 0 1
  outer loop
   vertex 0.00835905 0.00844723 0
   vertex 0.00911597 0.00872123 0
   vertex 0.0085785 0.0092032 0
  endloop
 endfacet
 facet normal -0 0 1
  outer loop
   vertex -0.00445383 0.0103999 0
   vertex -0.00342504 0.00994937 0
   vertex -0.00384608 0.0108516 0
  endloop
 endfacet
 facet normal 0 -0 1
  outer loop
   vertex -0.00427463 0.00945745 0
   vertex -0.00342504 0.00994937 0
   vertex -0.00445383 0.0103999 0
  endloop
 endfacet
 facet normal 0 0 1
  outer loop
   vertex 0.00888655 -0.00742262 0
   vertex 0.00798721 -0.00750706 0
   vertex 0.00861376 -0.00810367 0
  endloop
 endfacet
 facet normal -0 0 1
  outer loop
   vertex -0.00982207 0.00634342 0
   vertex -0.00896986 0.00614714 0
   vertex -0.00936039 0.00690074 0
  endloop
 endfacet
 facet normal 0 -0 1
  outer loop
   vertex -0.00896986 0.00614714 0
   vertex -0.00847012 0.00665485 0
   vertex -0.00936039 0.00690074 0
  endloop
 endfacet
 facet normal 0 0 1
  outer loop
   vertex 0.0117185 -0.0038502 0
   vertex 0.0107946 -0.0039409 0
   vertex 0.0114206 -0.00463029 0
  endloop
 endfacet
 facet normal 0 0 1
  outer loop
   vertex 0.0114206 -0.00463029 0
   vertex 0.0107946 -0.0039409 0
   vertex 0.0104613 -0.00463686 0
  endloop
 endfacet
 facet normal 0 0 1
  outer loop
   vertex 0.0110434 -0.00318914 0
   vertex 0.0107946 -0.0039409 0
   vertex 0.0117185 -0.0038502 0
  endloop
 endfacet
 facet normal 0 -0 1
  outer loop
   vertex -0.00752402 -0.00852732 0
   vertex -0.00719194 -0.00763549 0
   vertex -0.00816262 -0.00795999 0
  endloop
 endfacet
 facet normal 0 0 1
  outer loop
   vertex -0.00719194 -0.00763549 0
   vertex -0.00781424 -0.00712167 0
   vertex -0.00816262 -0.00795999 0
  endloop
 endfacet
 facet normal 0 0 1
  outer loop
   vertex 0.00455919 -0.0103321 0
   vertex 0.0038958 -0.00967711 0
   vertex 0.00384287 -0.0106373 0
  endloop
 endfacet
 facet normal -0 0 1
  outer loop
   vertex -0.0129746 0.00256616 0
   vertex -0.0121924 0.00198741 0
   vertex -0.0120148 0.00275649 0
  endloop
 endfacet
 facet normal 0 0 1
  outer loop
   vertex 0.0114878 0.000933685 0
   vertex 0.0105639 0.000588824 0
   vertex 0.0114591 9.19372e-05 0
  endloop
 endfacet
 facet normal 0 0 1
  outer loop
   vertex 0.00715151 0.00911534 0
   vertex 0.00698774 0.00815167 0
   vertex 0.00775185 0.0087122 0
  endloop
 endfacet
 facet normal -0 0 1
  outer loop
   vertex 0.00636688 0.00863127 0
   vertex 0.00698774 0.00815167 0
   vertex 0.00715151 0.00911534 0
  endloop
 endfacet
 facet normal 0 0 1
  outer loop
   vertex 0.000591541 -0.0122135 0
   vertex 0.000158186 -0.0113562 0
   vertex -0.000225334 -0.0122088 0
  endloop
 endfacet
 facet normal 0 -0 1
  outer loop
   vertex -0.000225334 -0.0122088 0
   vertex 0.000158186 -0.0113562 0
   vertex -0.00060869 -0.0113147 0
  endloop
 endfacet
 facet normal 0 0 1
  outer loop
   vertex 0.000915834 -0.0113489 0
   vertex 0.000158186 -0.0113562 0
   vertex 0.000591541 -0.0122135 0
  endloop
 endfacet
 facet normal 0 0 1
  outer loop
   vertex 0.00920807 0.00749349 0
   vertex 0.00839998 0.00699791 0
   vertex 0.00939721 0.00684714 0
  endloop
 endfacet
 facet normal 0 0 1
  outer loop
   vertex -0.00137257 -0.0112424 0
   vertex -0.00168272 -0.0103255 0
   vertex -0.00213828 -0.0111697 0
  endloop
 endfacet
 facet normal 0 0 1
  outer loop
   vertex 0.00525803 -0.00998247 0
   vertex 0.00456461 -0.00935451 0
   vertex 0.00455919 -0.0103321 0
  endloop
 endfacet
 facet normal 0 0 1
  outer loop
   vertex 0.00456461 -0.00935451 0
   vertex 0.0038958 -0.00967711 0
   vertex 0.00455919 -0.0103321 0
  endloop
 endfacet
 facet normal 0 -0 1
  outer loop
   vertex -0.0109717 -0.00554769 0
   vertex -0.0104786 -0.00485785 0
   vertex -0.0112984 -0.00483474 0
  endloop
 endfacet
 facet normal -0 0 1
  outer loop
   vertex -0.0112984 -0.00483474 0
   vertex -0.0104786 -0.00485785 0
   vertex -0.0105694 -0.00415914 0
  endloop
 endfacet
 facet normal 0 0 1
  outer loop
   vertex -0.010027 -0.00537826 0
   vertex -0.0104786 -0.00485785 0
   vertex -0.0109717 -0.00554769 0
  endloop
 endfacet
 facet normal 0 -0 1
  outer loop
   vertex 0.00240731 -0.0111067 0
   vertex 0.0025438 -0.0101637 0
   vertex 0.00188291 -0.0103852 0
  endloop
 endfacet
 facet normal 0 0 1
  outer loop
   vertex 0.00312729 -0.0108922 0
   vertex 0.0025438 -0.0101637 0
   vertex 0.00240731 -0.0111067 0
  endloop
 endfacet
 facet normal -0 0 1
  outer loop
   vertex -0.0101719 0.00569897 0
   vertex -0.00940031 0.00568071 0
   vertex -0.00982207 0.00634342 0
  endloop
 endfacet
 facet normal 0 -0 1
  outer loop
   vertex -0.00940031 0.00568071 0
   vertex -0.00896986 0.00614714 0
   vertex -0.00982207 0.00634342 0
  endloop
 endfacet
 facet normal 0 0 1
  outer loop
   vertex -0.00444822 -0.0104505 0
   vertex -0.0045567 -0.00947981 0
   vertex -0.00527778 -0.0101866 0
  endloop
 endfacet
 facet normal 0 0 1
  outer loop
   vertex -0.0045567 -0.00947981 0
   vertex -0.00534678 -0.00932627 0
   vertex -0.00527778 -0.0101866 0
  endloop
 endfacet
 facet normal 0 -0 1
  outer loop
   vertex -0.0115064 -1.24966e-05 0
   vertex -0.0106619 0.000295595 0
   vertex -0.0115331 0.000711734 0
  endloop
 endfacet
 facet normal 0 0 1
  outer loop
   vertex -0.0106619 0.000295595 0
   vertex -0.0107919 0.000968917 0
   vertex -0.0115331 0.000711734 0
  endloop
 endfacet
 facet normal 0 -0 1
  outer loop
   vertex -0.00685882 -0.0091134 0
   vertex -0.00653763 -0.00817282 0
   vertex -0.00752402 -0.00852732 0
  endloop
 endfacet
 facet normal 0 0 1
  outer loop
   vertex -0.00653763 -0.00817282 0
   vertex -0.00719194 -0.00763549 0
   vertex -0.00752402 -0.00852732 0
  endloop
 endfacet
 facet normal 0 0 1
  outer loop
   vertex 0.0113681 -0.001605 0
   vertex 0.0103973 -0.00188548 0
   vertex 0.0112035 -0.00241705 0
  endloop
 endfacet
 facet normal 0 0 1
  outer loop
   vertex 0.00972069 0.00616896 0
   vertex 0.00910883 0.00545177 0
   vertex 0.0100651 0.00545988 0
  endloop
 endfacet
 facet normal 0 0 1
  outer loop
   vertex 0.00349731 0.0108471 0
   vertex 0.00373139 0.00991369 0
   vertex 0.00429968 0.0107236 0
  endloop
 endfacet
 facet normal 0 0 1
  outer loop
   vertex 0.0100651 0.00545988 0
   vertex 0.0094528 0.00473926 0
   vertex 0.0103982 0.00471902 0
  endloop
 endfacet
 facet normal 0 0 1
  outer loop
   vertex 0.0103982 0.00471902 0
   vertex 0.0094528 0.00473926 0
   vertex 0.00976727 0.00399966 0
  endloop
 endfacet
 facet normal -0 0 1
  outer loop
   vertex 0.00910883 0.00545177 0
   vertex 0.0094528 0.00473926 0
   vertex 0.0100651 0.00545988 0
  endloop
 endfacet
 facet normal 0 0 1
  outer loop
   vertex 0.00594376 -0.00960067 0
   vertex 0.00521541 -0.0089893 0
   vertex 0.00525803 -0.00998247 0
  endloop
 endfacet
 facet normal 0 0 1
  outer loop
   vertex 0.00521541 -0.0089893 0
   vertex 0.00456461 -0.00935451 0
   vertex 0.00525803 -0.00998247 0
  endloop
 endfacet
 facet normal 0 0 1
  outer loop
   vertex 0.011587 0.00169179 0
   vertex 0.0105945 0.0015309 0
   vertex 0.0114878 0.000933685 0
  endloop
 endfacet
 facet normal 0 0 1
  outer loop
   vertex 0.0105945 0.0015309 0
   vertex 0.0105639 0.000588824 0
   vertex 0.0114878 0.000933685 0
  endloop
 endfacet
 facet normal 0 0 1
  outer loop
   vertex 0.00662174 -0.00920249 0
   vertex 0.00586687 -0.00860671 0
   vertex 0.00594376 -0.00960067 0
  endloop
 endfacet
 facet normal 0 0 1
  outer loop
   vertex 0.00586687 -0.00860671 0
   vertex 0.00521541 -0.0089893 0
   vertex 0.00594376 -0.00960067 0
  endloop
 endfacet
 facet normal 0 0 1
  outer loop
   vertex 0.00269607 0.0109777 0
   vertex 0.00293702 0.0100231 0
   vertex 0.00349731 0.0108471 0
  endloop
 endfacet
 facet normal -0 0 1
  outer loop
   vertex 0.00293702 0.0100231 0
   vertex 0.00373139 0.00991369 0
   vertex 0.00349731 0.0108471 0
  endloop
 endfacet
 facet normal 0 -0 1
  outer loop
   vertex -0.00618279 -0.009806 0
   vertex -0.00589361 -0.00875021 0
   vertex -0.00685882 -0.0091134 0
  endloop
 endfacet
 facet normal 0 0 1
  outer loop
   vertex -0.00589361 -0.00875021 0
   vertex -0.00653763 -0.00817282 0
   vertex -0.00685882 -0.0091134 0
  endloop
 endfacet
 facet normal 0 0 1
  outer loop
   vertex -0.00145531 0.0114466 0
   vertex -0.00135231 0.0104619 0
   vertex -0.000670185 0.0113352 0
  endloop
 endfacet
 facet normal -0 0 1
  outer loop
   vertex -0.00135231 0.0104619 0
   vertex -0.000366408 0.010458 0
   vertex -0.000670185 0.0113352 0
  endloop
 endfacet
 facet normal -0 0 1
  outer loop
   vertex -0.00220908 0.0111545 0
   vertex -0.00135231 0.0104619 0
   vertex -0.00145531 0.0114466 0
  endloop
 endfacet
 facet normal 0 0 1
  outer loop
   vertex 0.0123684 -0.000357162 0
   vertex 0.0114496 -0.000765578 0
   vertex 0.0124355 -0.00130905 0
  endloop
 endfacet
 facet normal 0 0 1
  outer loop
   vertex 0.0124355 -0.00130905 0
   vertex 0.0114496 -0.000765578 0
   vertex 0.0113681 -0.001605 0
  endloop
 endfacet
 facet normal 0 0 1
  outer loop
   vertex 0.0114591 9.19372e-05 0
   vertex 0.0114496 -0.000765578 0
   vertex 0.0123684 -0.000357162 0
  endloop
 endfacet
 facet normal 0 0 1
  outer loop
   vertex -0.00213828 -0.0111697 0
   vertex -0.002374 -0.0103631 0
   vertex -0.00291408 -0.0109926 0
  endloop
 endfacet
 facet normal 0 0 1
  outer loop
   vertex -0.00168272 -0.0103255 0
   vertex -0.002374 -0.0103631 0
   vertex -0.00213828 -0.0111697 0
  endloop
 endfacet
 facet normal -0 0 1
  outer loop
   vertex -0.00885355 0.00742727 0
   vertex -0.00790312 0.00714561 0
   vertex -0.00834748 0.00794214 0
  endloop
 endfacet
 facet normal 0 -0 1
  outer loop
   vertex -0.00847012 0.00665485 0
   vertex -0.00790312 0.00714561 0
   vertex -0.00885355 0.00742727 0
  endloop
 endfacet
 facet normal 0 0 1
  outer loop
   vertex 0.0113681 -0.001605 0
   vertex 0.0105119 -0.00109566 0
   vertex 0.0103973 -0.00188548 0
  endloop
 endfacet
 facet normal 0 0 1
  outer loop
   vertex 0.0114496 -0.000765578 0
   vertex 0.0105119 -0.00109566 0
   vertex 0.0113681 -0.001605 0
  endloop
 endfacet
 facet normal -0 0 1
  outer loop
   vertex -0.00589233 0.00957197 0
   vertex -0.00504718 0.00902948 0
   vertex -0.00517051 0.00998553 0
  endloop
 endfacet
 facet normal 0 0 1
  outer loop
   vertex -0.00517051 0.00998553 0
   vertex -0.00504718 0.00902948 0
   vertex -0.00427463 0.00945745 0
  endloop
 endfacet
 facet normal 0 -0 1
  outer loop
   vertex -0.00578369 0.00860865 0
   vertex -0.00504718 0.00902948 0
   vertex -0.00589233 0.00957197 0
  endloop
 endfacet
 facet normal 0 0 1
  outer loop
   vertex 0.00939721 0.00684714 0
   vertex 0.00875558 0.00617658 0
   vertex 0.00972069 0.00616896 0
  endloop
 endfacet
 facet normal 0 0 1
  outer loop
   vertex 0.00875558 0.00617658 0
   vertex 0.00910883 0.00545177 0
   vertex 0.00972069 0.00616896 0
  endloop
 endfacet
 facet normal 0 0 1
  outer loop
   vertex 0.00798721 -0.00750706 0
   vertex 0.00722886 -0.00783874 0
   vertex 0.00797259 -0.00842991 0
  endloop
 endfacet
 facet normal 0 0 1
  outer loop
   vertex 0.00722886 -0.00783874 0
   vertex 0.00729481 -0.00880361 0
   vertex 0.00797259 -0.00842991 0
  endloop
 endfacet
 facet normal -0 0 1
  outer loop
   vertex 0.000511757 0.0104145 0
   vertex 0.00133066 0.0102824 0
   vertex 0.00105067 0.0112184 0
  endloop
 endfacet
 facet normal 0 -0 1
  outer loop
   vertex 0.00133066 0.0102824 0
   vertex 0.00188841 0.0111055 0
   vertex 0.00105067 0.0112184 0
  endloop
 endfacet
 facet normal 0 0 1
  outer loop
   vertex -0.00220908 0.0111545 0
   vertex -0.00237218 0.0101576 0
   vertex -0.00135231 0.0104619 0
  endloop
 endfacet
 facet normal 0 0 1
  outer loop
   vertex 0.00888655 -0.00742262 0
   vertex 0.00812825 -0.00658659 0
   vertex 0.00798721 -0.00750706 0
  endloop
 endfacet
 facet normal 0 -0 1
  outer loop
   vertex -0.00781424 -0.00712167 0
   vertex -0.00754367 -0.00637351 0
   vertex -0.0083286 -0.00649677 0
  endloop
 endfacet
 facet normal 0 0 1
  outer loop
   vertex -0.0103739 -0.00207696 0
   vertex -0.0106772 -0.00127068 0
   vertex -0.0112942 -0.00202293 0
  endloop
 endfacet
 facet normal 0 0 1
  outer loop
   vertex -0.0106772 -0.00127068 0
   vertex -0.0115946 -0.00139819 0
   vertex -0.0112942 -0.00202293 0
  endloop
 endfacet
 facet normal 0 -0 1
  outer loop
   vertex -0.00962249 -0.00601186 0
   vertex -0.00909837 -0.0051095 0
   vertex -0.010027 -0.00537826 0
  endloop
 endfacet
 facet normal 0 0 1
  outer loop
   vertex -0.00870739 -0.0058093 0
   vertex -0.00909837 -0.0051095 0
   vertex -0.00962249 -0.00601186 0
  endloop
 endfacet
 facet normal 0 -0 1
  outer loop
   vertex -0.0104015 0.00501706 0
   vertex -0.0101719 0.00569897 0
   vertex -0.0110449 0.00574998 0
  endloop
 endfacet
 facet normal 0 0 1
  outer loop
   vertex -0.0104015 0.00501706 0
   vertex -0.00949496 0.00503045 0
   vertex -0.0101719 0.00569897 0
  endloop
 endfacet
 facet normal 0 0 1
  outer loop
   vertex -0.0101719 0.00569897 0
   vertex -0.00949496 0.00503045 0
   vertex -0.00940031 0.00568071 0
  endloop
 endfacet
 facet normal 0 -0 1
  outer loop
   vertex -0.00967764 0.00435217 0
   vertex -0.00949496 0.00503045 0
   vertex -0.0104015 0.00501706 0
  endloop
 endfacet
 facet normal 0 0 1
  outer loop
   vertex -0.00534678 -0.00932627 0
   vertex -0.00589361 -0.00875021 0
   vertex -0.00618279 -0.009806 0
  endloop
 endfacet
 facet normal 0 0 1
  outer loop
   vertex 0.00384287 -0.0106373 0
   vertex 0.003215 -0.00993955 0
   vertex 0.00312729 -0.0108922 0
  endloop
 endfacet
 facet normal 0 -0 1
  outer loop
   vertex 0.00312729 -0.0108922 0
   vertex 0.003215 -0.00993955 0
   vertex 0.0025438 -0.0101637 0
  endloop
 endfacet
 facet normal 0 0 1
  outer loop
   vertex 0.0038958 -0.00967711 0
   vertex 0.003215 -0.00993955 0
   vertex 0.00384287 -0.0106373 0
  endloop
 endfacet
 facet normal 0 0 1
  outer loop
   vertex 0.00911597 0.00872123 0
   vertex 0.00835905 0.00844723 0
   vertex 0.00870508 0.00790756 0
  endloop
 endfacet
 facet normal 0 0 1
  outer loop
   vertex -0.0121924 0.00198741 0
   vertex -0.0112491 0.002164 0
   vertex -0.0120148 0.00275649 0
  endloop
 endfacet
 facet normal -0 0 1
  outer loop
   vertex -0.0120148 0.00275649 0
   vertex -0.0112491 0.002164 0
   vertex -0.0110461 0.00287982 0
  endloop
 endfacet
 facet normal 0 -0 1
  outer loop
   vertex -0.011442 0.00145612 0
   vertex -0.0112491 0.002164 0
   vertex -0.0121924 0.00198741 0
  endloop
 endfacet
 facet normal 0 -0 1
  outer loop
   vertex -0.00137257 -0.0112424 0
   vertex -0.000948138 -0.0103936 0
   vertex -0.00168272 -0.0103255 0
  endloop
 endfacet
 facet normal 0 0 1
  outer loop
   vertex -0.00060869 -0.0113147 0
   vertex -0.000948138 -0.0103936 0
   vertex -0.00137257 -0.0112424 0
  endloop
 endfacet
 facet normal 0 -0 1
  outer loop
   vertex -0.0107919 0.000968917 0
   vertex -0.0105166 0.00157477 0
   vertex -0.011442 0.00145612 0
  endloop
 endfacet
 facet normal 0 0 1
  outer loop
   vertex -0.0105166 0.00157477 0
   vertex -0.0112491 0.002164 0
   vertex -0.011442 0.00145612 0
  endloop
 endfacet
 facet normal 0 0 1
  outer loop
   vertex 0.00920494 -0.0052811 0
   vertex 0.00873211 -0.00595241 0
   vertex 0.00970403 -0.00605208 0
  endloop
 endfacet
 facet normal 0 0 1
  outer loop
   vertex 0.00873211 -0.00595241 0
   vertex 0.00925481 -0.00673414 0
   vertex 0.00970403 -0.00605208 0
  endloop
 endfacet
 facet normal 0 0 1
  outer loop
   vertex 0.0103973 -0.00188548 0
   vertex 0.0102597 -0.00263709 0
   vertex 0.0112035 -0.00241705 0
  endloop
 endfacet
 facet normal -0 0 1
  outer loop
   vertex 0.0102597 -0.00263709 0
   vertex 0.0110434 -0.00318914 0
   vertex 0.0112035 -0.00241705 0
  endloop
 endfacet
 facet normal -0 0 1
  outer loop
   vertex 0.00373139 0.00991369 0
   vertex 0.00447622 0.00990296 0
   vertex 0.00429968 0.0107236 0
  endloop
 endfacet
 facet normal -0 0 1
  outer loop
   vertex -0.00896986 0.00614714 0
   vertex -0.00823754 0.00590886 0
   vertex -0.00847012 0.00665485 0
  endloop
 endfacet
 facet normal 0 0 1
  outer loop
   vertex 0.00839998 0.00699791 0
   vertex 0.00875558 0.00617658 0
   vertex 0.00939721 0.00684714 0
  endloop
 endfacet
 facet normal 0 0 1
  outer loop
   vertex 0.0114591 9.19372e-05 0
   vertex 0.0105578 -0.000273543 0
   vertex 0.0114496 -0.000765578 0
  endloop
 endfacet
 facet normal 0 0 1
  outer loop
   vertex 0.0114496 -0.000765578 0
   vertex 0.0105578 -0.000273543 0
   vertex 0.0105119 -0.00109566 0
  endloop
 endfacet
 facet normal 0 0 1
  outer loop
   vertex 0.0105639 0.000588824 0
   vertex 0.0105578 -0.000273543 0
   vertex 0.0114591 9.19372e-05 0
  endloop
 endfacet
 facet normal 0 0 1
  outer loop
   vertex -0.00291408 -0.0109926 0
   vertex -0.00300054 -0.0100098 0
   vertex -0.00366383 -0.0107213 0
  endloop
 endfacet
 facet normal 0 0 1
  outer loop
   vertex -0.002374 -0.0103631 0
   vertex -0.00300054 -0.0100098 0
   vertex -0.00291408 -0.0109926 0
  endloop
 endfacet
 facet normal 0 0 1
  outer loop
   vertex -0.00909837 -0.0051095 0
   vertex -0.00958823 -0.00440086 0
   vertex -0.010027 -0.00537826 0
  endloop
 endfacet
 facet normal 0 0 1
  outer loop
   vertex -0.00958823 -0.00440086 0
   vertex -0.0104786 -0.00485785 0
   vertex -0.010027 -0.00537826 0
  endloop
 endfacet
 facet normal 0 0 1
  outer loop
   vertex 0.00188841 0.0111055 0
   vertex 0.00213812 0.0101528 0
   vertex 0.00269607 0.0109777 0
  endloop
 endfacet
 facet normal 0 0 1
  outer loop
   vertex 0.00269607 0.0109777 0
   vertex 0.00213812 0.0101528 0
   vertex 0.00293702 0.0100231 0
  endloop
 endfacet
 facet normal -0 0 1
  outer loop
   vertex 0.00133066 0.0102824 0
   vertex 0.00213812 0.0101528 0
   vertex 0.00188841 0.0111055 0
  endloop
 endfacet
 facet normal 0 0 1
  outer loop
   vertex 0.00517789 0.010529 0
   vertex 0.00505636 0.00946316 0
   vertex 0.00586645 0.0100041 0
  endloop
 endfacet
 facet normal -0 0 1
  outer loop
   vertex 0.00505636 0.00946316 0
   vertex 0.00571567 0.0090726 0
   vertex 0.00586645 0.0100041 0
  endloop
 endfacet
 facet normal -0 0 1
  outer loop
   vertex -0.00834748 0.00794214 0
   vertex -0.00732182 0.00776408 0
   vertex -0.00794692 0.00849303 0
  endloop
 endfacet
 facet normal 0 -0 1
  outer loop
   vertex -0.00790312 0.00714561 0
   vertex -0.00732182 0.00776408 0
   vertex -0.00834748 0.00794214 0
  endloop
 endfacet
 facet normal 0 0 1
  outer loop
   vertex 0.00293702 0.0100231 0
   vertex 0.00321703 0.00907661 0
   vertex 0.00373139 0.00991369 0
  endloop
 endfacet
 facet normal 0 -0 1
  outer loop
   vertex 0.00888655 -0.00742262 0
   vertex 0.00925481 -0.00673414 0
   vertex 0.00812825 -0.00658659 0
  endloop
 endfacet
 facet normal 0 0 1
  outer loop
   vertex -0.00987606 0.00365055 0
   vertex -0.00893286 0.00372974 0
   vertex -0.00967764 0.00435217 0
  endloop
 endfacet
 facet normal 0 0 1
  outer loop
   vertex 0.00798721 -0.00750706 0
   vertex 0.00721421 -0.00688791 0
   vertex 0.00722886 -0.00783874 0
  endloop
 endfacet
 facet normal 0 0 1
  outer loop
   vertex 0.000511757 0.0104145 0
   vertex 0.000753312 0.00946992 0
   vertex 0.00133066 0.0102824 0
  endloop
 endfacet
 facet normal 0 0 1
  outer loop
   vertex 0.0105119 -0.00109566 0
   vertex 0.00960872 -0.00141981 0
   vertex 0.0103973 -0.00188548 0
  endloop
 endfacet
 facet normal 0 0 1
  outer loop
   vertex -0.00220908 0.0111545 0
   vertex -0.00305459 0.0109393 0
   vertex -0.00237218 0.0101576 0
  endloop
 endfacet
 facet normal 0 -0 1
  outer loop
   vertex -0.00719194 -0.00763549 0
   vertex -0.00692252 -0.00675314 0
   vertex -0.00781424 -0.00712167 0
  endloop
 endfacet
 facet normal 0 0 1
  outer loop
   vertex -0.00692252 -0.00675314 0
   vertex -0.00754367 -0.00637351 0
   vertex -0.00781424 -0.00712167 0
  endloop
 endfacet
 facet normal 0 0 1
  outer loop
   vertex 0.00870508 0.00790756 0
   vertex 0.00774664 0.0077138 0
   vertex 0.00839998 0.00699791 0
  endloop
 endfacet
 facet normal 0 0 1
  outer loop
   vertex 0.00812825 -0.00658659 0
   vertex 0.00721421 -0.00688791 0
   vertex 0.00798721 -0.00750706 0
  endloop
 endfacet
 facet normal -0 0 1
  outer loop
   vertex -0.0108396 0.0035993 0
   vertex -0.0100805 0.00294776 0
   vertex -0.00987606 0.00365055 0
  endloop
 endfacet
 facet normal 0 0 1
  outer loop
   vertex -0.0110461 0.00287982 0
   vertex -0.0100805 0.00294776 0
   vertex -0.0108396 0.0035993 0
  endloop
 endfacet
 facet normal 0 0 1
  outer loop
   vertex -0.00754367 -0.00637351 0
   vertex -0.00779329 -0.00570031 0
   vertex -0.0083286 -0.00649677 0
  endloop
 endfacet
 facet normal 0 0 1
  outer loop
   vertex -0.00779329 -0.00570031 0
   vertex -0.00870739 -0.0058093 0
   vertex -0.0083286 -0.00649677 0
  endloop
 endfacet
 facet normal 0 -0 1
  outer loop
   vertex -0.0105694 -0.00415914 0
   vertex -0.00978331 -0.00354921 0
   vertex -0.0107802 -0.00344352 0
  endloop
 endfacet
 facet normal 0 0 1
  outer loop
   vertex -0.00978331 -0.00354921 0
   vertex -0.010055 -0.00279659 0
   vertex -0.0107802 -0.00344352 0
  endloop
 endfacet
 facet normal 0 0 1
  outer loop
   vertex 0.00976727 0.00399966 0
   vertex 0.00912668 0.00332362 0
   vertex 0.010033 0.00322532 0
  endloop
 endfacet
 facet normal 0 -0 1
  outer loop
   vertex -0.010055 -0.00279659 0
   vertex -0.00938874 -0.00211154 0
   vertex -0.0103739 -0.00207696 0
  endloop
 endfacet
 facet normal -0 0 1
  outer loop
   vertex -0.00794692 0.00849303 0
   vertex -0.00732182 0.00776408 0
   vertex -0.00728306 0.00876515 0
  endloop
 endfacet
 facet normal 0 0 1
  outer loop
   vertex 0.00571567 0.0090726 0
   vertex 0.00561454 0.00824356 0
   vertex 0.00636688 0.00863127 0
  endloop
 endfacet
 facet normal 0 0 1
  outer loop
   vertex 0.010033 0.00322532 0
   vertex 0.0102758 0.00241559 0
   vertex 0.0109831 0.00315957 0
  endloop
 endfacet
 facet normal -0 0 1
  outer loop
   vertex 0.0102758 0.00241559 0
   vertex 0.0112569 0.00238037 0
   vertex 0.0109831 0.00315957 0
  endloop
 endfacet
 facet normal 0 0 1
  outer loop
   vertex 0.00188291 -0.0103852 0
   vertex 0.00139975 -0.0097599 0
   vertex 0.00118162 -0.0105113 0
  endloop
 endfacet
 facet normal 0 0 1
  outer loop
   vertex -0.00728306 0.00876515 0
   vertex -0.00732182 0.00776408 0
   vertex -0.00651673 0.00817719 0
  endloop
 endfacet
 facet normal -0 0 1
  outer loop
   vertex 0.00561454 0.00824356 0
   vertex 0.00610248 0.00770112 0
   vertex 0.00636688 0.00863127 0
  endloop
 endfacet
 facet normal 0 0 1
  outer loop
   vertex 0.00610248 0.00770112 0
   vertex 0.00698774 0.00815167 0
   vertex 0.00636688 0.00863127 0
  endloop
 endfacet
 facet normal 0 0 1
  outer loop
   vertex 0.00729481 -0.00880361 0
   vertex 0.0065278 -0.00821791 0
   vertex 0.00662174 -0.00920249 0
  endloop
 endfacet
 facet normal 0 0 1
  outer loop
   vertex 0.00662174 -0.00920249 0
   vertex 0.0065278 -0.00821791 0
   vertex 0.00586687 -0.00860671 0
  endloop
 endfacet
 facet normal 0 0 1
  outer loop
   vertex 0.00722886 -0.00783874 0
   vertex 0.0065278 -0.00821791 0
   vertex 0.00729481 -0.00880361 0
  endloop
 endfacet
 facet normal -0 0 1
  outer loop
   vertex -0.00237218 0.0101576 0
   vertex -0.00164717 0.00938331 0
   vertex -0.00135231 0.0104619 0
  endloop
 endfacet
 facet normal 0 -0 1
  outer loop
   vertex -0.0106619 0.000295595 0
   vertex -0.00988934 0.000815511 0
   vertex -0.0107919 0.000968917 0
  endloop
 endfacet
 facet normal 0 0 1
  outer loop
   vertex -0.000948138 -0.0103936 0
   vertex -0.00129013 -0.00945214 0
   vertex -0.00168272 -0.0103255 0
  endloop
 endfacet
 facet normal 0 0 1
  outer loop
   vertex 0.00118162 -0.0105113 0
   vertex 0.000493208 -0.0105418 0
   vertex 0.000915834 -0.0113489 0
  endloop
 endfacet
 facet normal 0 0 1
  outer loop
   vertex 0.000493208 -0.0105418 0
   vertex 0.000158186 -0.0113562 0
   vertex 0.000915834 -0.0113489 0
  endloop
 endfacet
 facet normal 0 -0 1
  outer loop
   vertex -0.00653763 -0.00817282 0
   vertex -0.00625215 -0.00723502 0
   vertex -0.00719194 -0.00763549 0
  endloop
 endfacet
 facet normal 0 0 1
  outer loop
   vertex -0.00625215 -0.00723502 0
   vertex -0.00692252 -0.00675314 0
   vertex -0.00719194 -0.00763549 0
  endloop
 endfacet
 facet normal 0 0 1
  outer loop
   vertex -0.00967764 0.00435217 0
   vertex -0.00873268 0.004468 0
   vertex -0.00949496 0.00503045 0
  endloop
 endfacet
 facet normal 0 -0 1
  outer loop
   vertex -0.00893286 0.00372974 0
   vertex -0.00873268 0.004468 0
   vertex -0.00967764 0.00435217 0
  endloop
 endfacet
 facet normal 0 0 1
  outer loop
   vertex 0.0104613 -0.00463686 0
   vertex 0.00983689 -0.00390632 0
   vertex 0.00952062 -0.00457966 0
  endloop
 endfacet
 facet normal 0 0 1
  outer loop
   vertex 0.0107946 -0.0039409 0
   vertex 0.00983689 -0.00390632 0
   vertex 0.0104613 -0.00463686 0
  endloop
 endfacet
 facet normal 0 0 1
  outer loop
   vertex 0.0038958 -0.00967711 0
   vertex 0.00325255 -0.00902853 0
   vertex 0.003215 -0.00993955 0
  endloop
 endfacet
 facet normal 0 -0 1
  outer loop
   vertex -0.0115016 -0.000725581 0
   vertex -0.0106215 -0.00044933 0
   vertex -0.0115064 -1.24966e-05 0
  endloop
 endfacet
 facet normal 0 0 1
  outer loop
   vertex -0.0106215 -0.00044933 0
   vertex -0.0106619 0.000295595 0
   vertex -0.0115064 -1.24966e-05 0
  endloop
 endfacet
 facet normal -0 0 1
  outer loop
   vertex 0.00321703 0.00907661 0
   vertex 0.00412872 0.00893978 0
   vertex 0.00373139 0.00991369 0
  endloop
 endfacet
 facet normal 0 -0 1
  outer loop
   vertex 0.00412872 0.00893978 0
   vertex 0.00447622 0.00990296 0
   vertex 0.00373139 0.00991369 0
  endloop
 endfacet
 facet normal -0 0 1
  outer loop
   vertex -0.00427463 0.00945745 0
   vertex -0.00343472 0.00886946 0
   vertex -0.00342504 0.00994937 0
  endloop
 endfacet
 facet normal 0 0 1
  outer loop
   vertex 0.0025438 -0.0101637 0
   vertex 0.00196061 -0.00944092 0
   vertex 0.00188291 -0.0103852 0
  endloop
 endfacet
 facet normal 0 0 1
  outer loop
   vertex 0.00196061 -0.00944092 0
   vertex 0.00139975 -0.0097599 0
   vertex 0.00188291 -0.0103852 0
  endloop
 endfacet
 facet normal 0 0 1
  outer loop
   vertex 0.00910883 0.00545177 0
   vertex 0.0085152 0.00471999 0
   vertex 0.0094528 0.00473926 0
  endloop
 endfacet
 facet normal 0 0 1
  outer loop
   vertex -0.0045567 -0.00947981 0
   vertex -0.00483948 -0.00846009 0
   vertex -0.00534678 -0.00932627 0
  endloop
 endfacet
 facet normal 0 0 1
  outer loop
   vertex -0.00366383 -0.0107213 0
   vertex -0.00375508 -0.00973267 0
   vertex -0.00444822 -0.0104505 0
  endloop
 endfacet
 facet normal 0 0 1
  outer loop
   vertex -0.00300054 -0.0100098 0
   vertex -0.00375508 -0.00973267 0
   vertex -0.00366383 -0.0107213 0
  endloop
 endfacet
 facet normal 0 0 1
  outer loop
   vertex -0.00896986 0.00614714 0
   vertex -0.0085962 0.00526383 0
   vertex -0.00823754 0.00590886 0
  endloop
 endfacet
 facet normal -0 0 1
  outer loop
   vertex -0.00940031 0.00568071 0
   vertex -0.0085962 0.00526383 0
   vertex -0.00896986 0.00614714 0
  endloop
 endfacet
 facet normal 0 0 1
  outer loop
   vertex 0.00586687 -0.00860671 0
   vertex 0.00512982 -0.00799729 0
   vertex 0.00521541 -0.0089893 0
  endloop
 endfacet
 facet normal 0 -0 1
  outer loop
   vertex -0.00589361 -0.00875021 0
   vertex -0.00555832 -0.00779298 0
   vertex -0.00653763 -0.00817282 0
  endloop
 endfacet
 facet normal 0 0 1
  outer loop
   vertex -0.00555832 -0.00779298 0
   vertex -0.00625215 -0.00723502 0
   vertex -0.00653763 -0.00817282 0
  endloop
 endfacet
 facet normal -0 0 1
  outer loop
   vertex -0.0107919 0.000968917 0
   vertex -0.00988934 0.000815511 0
   vertex -0.0105166 0.00157477 0
  endloop
 endfacet
 facet normal 0 0 1
  outer loop
   vertex 0.00920494 -0.0052811 0
   vertex 0.00841701 -0.00520878 0
   vertex 0.00873211 -0.00595241 0
  endloop
 endfacet
 facet normal 0 0 1
  outer loop
   vertex -0.000366408 0.010458 0
   vertex 2.89291e-05 0.00969064 0
   vertex 0.000511757 0.0104145 0
  endloop
 endfacet
 facet normal -0 0 1
  outer loop
   vertex 2.89291e-05 0.00969064 0
   vertex 0.000753312 0.00946992 0
   vertex 0.000511757 0.0104145 0
  endloop
 endfacet
 facet normal 0 -0 1
  outer loop
   vertex -0.00534678 -0.00932627 0
   vertex -0.00483948 -0.00846009 0
   vertex -0.00589361 -0.00875021 0
  endloop
 endfacet
 facet normal 0 0 1
  outer loop
   vertex 0.00456461 -0.00935451 0
   vertex 0.00390742 -0.0087415 0
   vertex 0.0038958 -0.00967711 0
  endloop
 endfacet
 facet normal 0 0 1
  outer loop
   vertex 0.00390742 -0.0087415 0
   vertex 0.00325255 -0.00902853 0
   vertex 0.0038958 -0.00967711 0
  endloop
 endfacet
 facet normal -0 0 1
  outer loop
   vertex 0.00429968 0.0107236 0
   vertex 0.00517789 0.010529 0
   vertex 0.00485147 0.0114749 0
  endloop
 endfacet
 facet normal 0 0 1
  outer loop
   vertex 0.00952062 -0.00457966 0
   vertex 0.00862713 -0.00452563 0
   vertex 0.00920494 -0.0052811 0
  endloop
 endfacet
 facet normal 0 0 1
  outer loop
   vertex 0.00862713 -0.00452563 0
   vertex 0.00841701 -0.00520878 0
   vertex 0.00920494 -0.0052811 0
  endloop
 endfacet
 facet normal 0 -0 1
  outer loop
   vertex -0.00444822 -0.0104505 0
   vertex -0.00375508 -0.00973267 0
   vertex -0.0045567 -0.00947981 0
  endloop
 endfacet
 facet normal 0 0 1
  outer loop
   vertex -0.00135231 0.0104619 0
   vertex -0.000752806 0.00951855 0
   vertex -0.000366408 0.010458 0
  endloop
 endfacet
 facet normal 0 0 1
  outer loop
   vertex -0.000366408 0.010458 0
   vertex -0.000752806 0.00951855 0
   vertex 2.89291e-05 0.00969064 0
  endloop
 endfacet
 facet normal 0 0 1
  outer loop
   vertex -0.00164717 0.00938331 0
   vertex -0.000752806 0.00951855 0
   vertex -0.00135231 0.0104619 0
  endloop
 endfacet
 facet normal -0 0 1
  outer loop
   vertex -0.00578369 0.00860865 0
   vertex -0.00496533 0.00807827 0
   vertex -0.00504718 0.00902948 0
  endloop
 endfacet
 facet normal 0 0 1
  outer loop
   vertex 0.0112569 0.00238037 0
   vertex 0.0105945 0.0015309 0
   vertex 0.011587 0.00169179 0
  endloop
 endfacet
 facet normal 0 0 1
  outer loop
   vertex 0.00521541 -0.0089893 0
   vertex 0.0045088 -0.00837274 0
   vertex 0.00456461 -0.00935451 0
  endloop
 endfacet
 facet normal 0 0 1
  outer loop
   vertex 0.00456461 -0.00935451 0
   vertex 0.0045088 -0.00837274 0
   vertex 0.00390742 -0.0087415 0
  endloop
 endfacet
 facet normal 0 0 1
  outer loop
   vertex 0.00512982 -0.00799729 0
   vertex 0.0045088 -0.00837274 0
   vertex 0.00521541 -0.0089893 0
  endloop
 endfacet
 facet normal 0 0 1
  outer loop
   vertex 0.0103973 -0.00188548 0
   vertex 0.00942039 -0.00218413 0
   vertex 0.0102597 -0.00263709 0
  endloop
 endfacet
 facet normal 0 0 1
  outer loop
   vertex 0.00960872 -0.00141981 0
   vertex 0.00942039 -0.00218413 0
   vertex 0.0103973 -0.00188548 0
  endloop
 endfacet
 facet normal 0 -0 1
  outer loop
   vertex -0.00823754 0.00590886 0
   vertex -0.00762774 0.00626644 0
   vertex -0.00847012 0.00665485 0
  endloop
 endfacet
 facet normal 0 0 1
  outer loop
   vertex -0.00762774 0.00626644 0
   vertex -0.00790312 0.00714561 0
   vertex -0.00847012 0.00665485 0
  endloop
 endfacet
 facet normal 0 0 1
  outer loop
   vertex 0.0094528 0.00473926 0
   vertex 0.0088547 0.0040535 0
   vertex 0.00976727 0.00399966 0
  endloop
 endfacet
 facet normal 0 0 1
  outer loop
   vertex 0.00976727 0.00399966 0
   vertex 0.0088547 0.0040535 0
   vertex 0.00912668 0.00332362 0
  endloop
 endfacet
 facet normal -0 0 1
  outer loop
   vertex 0.0085152 0.00471999 0
   vertex 0.0088547 0.0040535 0
   vertex 0.0094528 0.00473926 0
  endloop
 endfacet
 facet normal -0 0 1
  outer loop
   vertex -0.00651673 0.00817719 0
   vertex -0.005682 0.00765322 0
   vertex -0.00578369 0.00860865 0
  endloop
 endfacet
 facet normal 0 -0 1
  outer loop
   vertex -0.005682 0.00765322 0
   vertex -0.00496533 0.00807827 0
   vertex -0.00578369 0.00860865 0
  endloop
 endfacet
 facet normal 0 0 1
  outer loop
   vertex 0.00839998 0.00699791 0
   vertex 0.00784443 0.00611089 0
   vertex 0.00875558 0.00617658 0
  endloop
 endfacet
 facet normal 0 0 1
  outer loop
   vertex 0.00485147 0.0114749 0
   vertex 0.00517789 0.010529 0
   vertex 0.0055705 0.0113717 0
  endloop
 endfacet
 facet normal 0 -0 1
  outer loop
   vertex -0.00342504 0.00994937 0
   vertex -0.00305459 0.0109393 0
   vertex -0.00384608 0.0108516 0
  endloop
 endfacet
 facet normal 0 0 1
  outer loop
   vertex 0.0105639 0.000588824 0
   vertex 0.00968226 0.000155771 0
   vertex 0.0105578 -0.000273543 0
  endloop
 endfacet
 facet normal 0 0 1
  outer loop
   vertex 0.00835905 0.00844723 0
   vertex 0.00774664 0.0077138 0
   vertex 0.00870508 0.00790756 0
  endloop
 endfacet
 facet normal -0 0 1
  outer loop
   vertex -0.00504718 0.00902948 0
   vertex -0.00422003 0.00848461 0
   vertex -0.00427463 0.00945745 0
  endloop
 endfacet
 facet normal 0 0 1
  outer loop
   vertex -0.00427463 0.00945745 0
   vertex -0.00422003 0.00848461 0
   vertex -0.00343472 0.00886946 0
  endloop
 endfacet
 facet normal 0 -0 1
  outer loop
   vertex -0.00496533 0.00807827 0
   vertex -0.00422003 0.00848461 0
   vertex -0.00504718 0.00902948 0
  endloop
 endfacet
 facet normal 0 0 1
  outer loop
   vertex 0.0105945 0.0015309 0
   vertex 0.00962812 0.000972357 0
   vertex 0.0105639 0.000588824 0
  endloop
 endfacet
 facet normal 0 0 1
  outer loop
   vertex 0.00962812 0.000972357 0
   vertex 0.00968226 0.000155771 0
   vertex 0.0105639 0.000588824 0
  endloop
 endfacet
 facet normal 0 -0 1
  outer loop
   vertex -0.0103739 -0.00207696 0
   vertex -0.00977857 -0.00150332 0
   vertex -0.0106772 -0.00127068 0
  endloop
 endfacet
 facet normal 0 0 1
  outer loop
   vertex -0.00938874 -0.00211154 0
   vertex -0.00977857 -0.00150332 0
   vertex -0.0103739 -0.00207696 0
  endloop
 endfacet
 facet normal 0 0 1
  outer loop
   vertex 0.00774664 0.0077138 0
   vertex 0.00735974 0.0067542 0
   vertex 0.00839998 0.00699791 0
  endloop
 endfacet
 facet normal -0 0 1
  outer loop
   vertex 0.00735974 0.0067542 0
   vertex 0.00784443 0.00611089 0
   vertex 0.00839998 0.00699791 0
  endloop
 endfacet
 facet normal 0 0 1
  outer loop
   vertex -0.00168272 -0.0103255 0
   vertex -0.00217562 -0.0093919 0
   vertex -0.002374 -0.0103631 0
  endloop
 endfacet
 facet normal 0 0 1
  outer loop
   vertex -0.00129013 -0.00945214 0
   vertex -0.00217562 -0.0093919 0
   vertex -0.00168272 -0.0103255 0
  endloop
 endfacet
 facet normal 0 0 1
  outer loop
   vertex 0.00875558 0.00617658 0
   vertex 0.00817751 0.00540454 0
   vertex 0.00910883 0.00545177 0
  endloop
 endfacet
 facet normal -0 0 1
  outer loop
   vertex 0.00817751 0.00540454 0
   vertex 0.0085152 0.00471999 0
   vertex 0.00910883 0.00545177 0
  endloop
 endfacet
 facet normal 0 -0 1
  outer loop
   vertex -0.00060869 -0.0113147 0
   vertex -0.000229652 -0.0105019 0
   vertex -0.000948138 -0.0103936 0
  endloop
 endfacet
 facet normal 0 0 1
  outer loop
   vertex 0.000158186 -0.0113562 0
   vertex -0.000229652 -0.0105019 0
   vertex -0.00060869 -0.0113147 0
  endloop
 endfacet
 facet normal -0 0 1
  outer loop
   vertex -0.00790312 0.00714561 0
   vertex -0.00701554 0.00672935 0
   vertex -0.00732182 0.00776408 0
  endloop
 endfacet
 facet normal 0 -0 1
  outer loop
   vertex -0.00762774 0.00626644 0
   vertex -0.00701554 0.00672935 0
   vertex -0.00790312 0.00714561 0
  endloop
 endfacet
 facet normal 0 0 1
  outer loop
   vertex 0.00293702 0.0100231 0
   vertex 0.00237233 0.00921831 0
   vertex 0.00321703 0.00907661 0
  endloop
 endfacet
 facet normal 0 0 1
  outer loop
   vertex 0.00213812 0.0101528 0
   vertex 0.00237233 0.00921831 0
   vertex 0.00293702 0.0100231 0
  endloop
 endfacet
 facet normal 0 0 1
  outer loop
   vertex 0.00925481 -0.00673414 0
   vertex 0.00873211 -0.00595241 0
   vertex 0.00812825 -0.00658659 0
  endloop
 endfacet
 facet normal -0 0 1
  outer loop
   vertex -0.00987606 0.00365055 0
   vertex -0.00912042 0.00299667 0
   vertex -0.00893286 0.00372974 0
  endloop
 endfacet
 facet normal 0 0 1
  outer loop
   vertex -0.0100805 0.00294776 0
   vertex -0.00912042 0.00299667 0
   vertex -0.00987606 0.00365055 0
  endloop
 endfacet
 facet normal 0 0 1
  outer loop
   vertex 0.00721421 -0.00688791 0
   vertex 0.00645431 -0.00724447 0
   vertex 0.00722886 -0.00783874 0
  endloop
 endfacet
 facet normal 0 0 1
  outer loop
   vertex 0.00645431 -0.00724447 0
   vertex 0.0065278 -0.00821791 0
   vertex 0.00722886 -0.00783874 0
  endloop
 endfacet
 facet normal -0 0 1
  outer loop
   vertex 0.000753312 0.00946992 0
   vertex 0.00155683 0.00933497 0
   vertex 0.00133066 0.0102824 0
  endloop
 endfacet
 facet normal 0 -0 1
  outer loop
   vertex 0.00155683 0.00933497 0
   vertex 0.00213812 0.0101528 0
   vertex 0.00133066 0.0102824 0
  endloop
 endfacet
 facet normal 0 0 1
  outer loop
   vertex -0.00305459 0.0109393 0
   vertex -0.00342504 0.00994937 0
   vertex -0.00237218 0.0101576 0
  endloop
 endfacet
 facet normal 0 0 1
  outer loop
   vertex 0.00812825 -0.00658659 0
   vertex 0.00710253 -0.0059555 0
   vertex 0.00721421 -0.00688791 0
  endloop
 endfacet
 facet normal 0 0 1
  outer loop
   vertex 0.0105119 -0.00109566 0
   vertex 0.00970202 -0.000633574 0
   vertex 0.00960872 -0.00141981 0
  endloop
 endfacet
 facet normal 0 0 1
  outer loop
   vertex 0.0105578 -0.000273543 0
   vertex 0.00970202 -0.000633574 0
   vertex 0.0105119 -0.00109566 0
  endloop
 endfacet
 facet normal 0 0 1
  outer loop
   vertex 0.00571567 0.0090726 0
   vertex 0.00489985 0.00848579 0
   vertex 0.00561454 0.00824356 0
  endloop
 endfacet
 facet normal 0 0 1
  outer loop
   vertex 0.00505636 0.00946316 0
   vertex 0.00489985 0.00848579 0
   vertex 0.00571567 0.0090726 0
  endloop
 endfacet
 facet normal 0 -0 1
  outer loop
   vertex -0.00870739 -0.0058093 0
   vertex -0.00810506 -0.00499222 0
   vertex -0.00909837 -0.0051095 0
  endloop
 endfacet
 facet normal 0 0 1
  outer loop
   vertex -0.00779329 -0.00570031 0
   vertex -0.00810506 -0.00499222 0
   vertex -0.00870739 -0.0058093 0
  endloop
 endfacet
 facet normal -0 0 1
  outer loop
   vertex -0.00732182 0.00776408 0
   vertex -0.00637865 0.00720949 0
   vertex -0.00651673 0.00817719 0
  endloop
 endfacet
 facet normal 0 0 1
  outer loop
   vertex -0.00651673 0.00817719 0
   vertex -0.00637865 0.00720949 0
   vertex -0.005682 0.00765322 0
  endloop
 endfacet
 facet normal 0 -0 1
  outer loop
   vertex -0.00701554 0.00672935 0
   vertex -0.00637865 0.00720949 0
   vertex -0.00732182 0.00776408 0
  endloop
 endfacet
 facet normal 0 0 1
  outer loop
   vertex 0.00912668 0.00332362 0
   vertex 0.00930079 0.00256707 0
   vertex 0.010033 0.00322532 0
  endloop
 endfacet
 facet normal -0 0 1
  outer loop
   vertex 0.00930079 0.00256707 0
   vertex 0.0102758 0.00241559 0
   vertex 0.010033 0.00322532 0
  endloop
 endfacet
 facet normal -0 0 1
  outer loop
   vertex -0.0106619 0.000295595 0
   vertex -0.00976668 -2.08571e-05 0
   vertex -0.00988934 0.000815511 0
  endloop
 endfacet
 facet normal 0 -0 1
  outer loop
   vertex -0.0106215 -0.00044933 0
   vertex -0.00976668 -2.08571e-05 0
   vertex -0.0106619 0.000295595 0
  endloop
 endfacet
 facet normal 0 -0 1
  outer loop
   vertex -0.00988934 0.000815511 0
   vertex -0.00961448 0.0016057 0
   vertex -0.0105166 0.00157477 0
  endloop
 endfacet
 facet normal 0 -0 1
  outer loop
   vertex -0.000948138 -0.0103936 0
   vertex -0.000512521 -0.00957084 0
   vertex -0.00129013 -0.00945214 0
  endloop
 endfacet
 facet normal 0 0 1
  outer loop
   vertex -0.000229652 -0.0105019 0
   vertex -0.000512521 -0.00957084 0
   vertex -0.000948138 -0.0103936 0
  endloop
 endfacet
 facet normal -0 0 1
  outer loop
   vertex -0.010055 -0.00279659 0
   vertex -0.00906072 -0.00281628 0
   vertex -0.00938874 -0.00211154 0
  endloop
 endfacet
 facet normal 0 -0 1
  outer loop
   vertex -0.00978331 -0.00354921 0
   vertex -0.00906072 -0.00281628 0
   vertex -0.010055 -0.00279659 0
  endloop
 endfacet
 facet normal 0 0 1
  outer loop
   vertex 0.00775185 0.0087122 0
   vertex 0.00774664 0.0077138 0
   vertex 0.00835905 0.00844723 0
  endloop
 endfacet
 facet normal 0 -0 1
  outer loop
   vertex 0.00447622 0.00990296 0
   vertex 0.00517789 0.010529 0
   vertex 0.00429968 0.0107236 0
  endloop
 endfacet
 facet normal 0 0 1
  outer loop
   vertex 0.0110434 -0.00318914 0
   vertex 0.0102306 -0.00333497 0
   vertex 0.0107946 -0.0039409 0
  endloop
 endfacet
 facet normal 0 0 1
  outer loop
   vertex 0.0107946 -0.0039409 0
   vertex 0.0102306 -0.00333497 0
   vertex 0.00983689 -0.00390632 0
  endloop
 endfacet
 facet normal 0 0 1
  outer loop
   vertex 0.0102597 -0.00263709 0
   vertex 0.0102306 -0.00333497 0
   vertex 0.0110434 -0.00318914 0
  endloop
 endfacet
 facet normal 0 -0 1
  outer loop
   vertex -0.0104786 -0.00485785 0
   vertex -0.00958823 -0.00440086 0
   vertex -0.0105694 -0.00415914 0
  endloop
 endfacet
 facet normal 0 0 1
  outer loop
   vertex 0.00586687 -0.00860671 0
   vertex 0.00577394 -0.00761873 0
   vertex 0.00512982 -0.00799729 0
  endloop
 endfacet
 facet normal 0 0 1
  outer loop
   vertex 0.0065278 -0.00821791 0
   vertex 0.00577394 -0.00761873 0
   vertex 0.00586687 -0.00860671 0
  endloop
 endfacet
 facet normal -0 0 1
  outer loop
   vertex 0.00698774 0.00815167 0
   vertex 0.00774664 0.0077138 0
   vertex 0.00775185 0.0087122 0
  endloop
 endfacet
 facet normal -0 0 1
  outer loop
   vertex 0.00784443 0.00611089 0
   vertex 0.00817751 0.00540454 0
   vertex 0.00875558 0.00617658 0
  endloop
 endfacet
 facet normal 0 -0 1
  outer loop
   vertex -0.0105166 0.00157477 0
   vertex -0.0102928 0.00225335 0
   vertex -0.0112491 0.002164 0
  endloop
 endfacet
 facet normal 0 0 1
  outer loop
   vertex -0.0112491 0.002164 0
   vertex -0.0102928 0.00225335 0
   vertex -0.0110461 0.00287982 0
  endloop
 endfacet
 facet normal 0 0 1
  outer loop
   vertex -0.00961448 0.0016057 0
   vertex -0.0102928 0.00225335 0
   vertex -0.0105166 0.00157477 0
  endloop
 endfacet
 facet normal 0 0 1
  outer loop
   vertex -0.00375508 -0.00973267 0
   vertex -0.00389084 -0.00877041 0
   vertex -0.0045567 -0.00947981 0
  endloop
 endfacet
 facet normal 0 0 1
  outer loop
   vertex -0.00389084 -0.00877041 0
   vertex -0.00483948 -0.00846009 0
   vertex -0.0045567 -0.00947981 0
  endloop
 endfacet
 facet normal 0 0 1
  outer loop
   vertex 0.00873211 -0.00595241 0
   vertex 0.00780955 -0.0055996 0
   vertex 0.00812825 -0.00658659 0
  endloop
 endfacet
 facet normal 0 0 1
  outer loop
   vertex 0.00812825 -0.00658659 0
   vertex 0.00780955 -0.0055996 0
   vertex 0.00710253 -0.0059555 0
  endloop
 endfacet
 facet normal 0 0 1
  outer loop
   vertex 0.00841701 -0.00520878 0
   vertex 0.00780955 -0.0055996 0
   vertex 0.00873211 -0.00595241 0
  endloop
 endfacet
 facet normal 0 0 1
  outer loop
   vertex 0.00139975 -0.0097599 0
   vertex 0.000764344 -0.00968882 0
   vertex 0.00118162 -0.0105113 0
  endloop
 endfacet
 facet normal 0 0 1
  outer loop
   vertex 0.000764344 -0.00968882 0
   vertex 0.000493208 -0.0105418 0
   vertex 0.00118162 -0.0105113 0
  endloop
 endfacet
 facet normal 0 0 1
  outer loop
   vertex 0.0112569 0.00238037 0
   vertex 0.0102758 0.00241559 0
   vertex 0.0105945 0.0015309 0
  endloop
 endfacet
 facet normal 0 0 1
  outer loop
   vertex -0.00237218 0.0101576 0
   vertex -0.00256947 0.00917031 0
   vertex -0.00164717 0.00938331 0
  endloop
 endfacet
 facet normal -0 0 1
  outer loop
   vertex 0.00447622 0.00990296 0
   vertex 0.00505636 0.00946316 0
   vertex 0.00517789 0.010529 0
  endloop
 endfacet
 facet normal 0 0 1
  outer loop
   vertex 0.003215 -0.00993955 0
   vertex 0.00259532 -0.00921713 0
   vertex 0.0025438 -0.0101637 0
  endloop
 endfacet
 facet normal 0 -0 1
  outer loop
   vertex 0.0025438 -0.0101637 0
   vertex 0.00259532 -0.00921713 0
   vertex 0.00196061 -0.00944092 0
  endloop
 endfacet
 facet normal 0 0 1
  outer loop
   vertex 0.00325255 -0.00902853 0
   vertex 0.00259532 -0.00921713 0
   vertex 0.003215 -0.00993955 0
  endloop
 endfacet
 facet normal 0 0 1
  outer loop
   vertex -0.00483948 -0.00846009 0
   vertex -0.00555832 -0.00779298 0
   vertex -0.00589361 -0.00875021 0
  endloop
 endfacet
 facet normal 0 0 1
  outer loop
   vertex 0.00968226 0.000155771 0
   vertex 0.00970202 -0.000633574 0
   vertex 0.0105578 -0.000273543 0
  endloop
 endfacet
 facet normal -0 0 1
  outer loop
   vertex -0.00342504 0.00994937 0
   vertex -0.00256947 0.00917031 0
   vertex -0.00237218 0.0101576 0
  endloop
 endfacet
 facet normal 0 0 1
  outer loop
   vertex 0.00698774 0.00815167 0
   vertex 0.00672756 0.00723156 0
   vertex 0.00774664 0.0077138 0
  endloop
 endfacet
 facet normal 0 0 1
  outer loop
   vertex 0.00774664 0.0077138 0
   vertex 0.00672756 0.00723156 0
   vertex 0.00735974 0.0067542 0
  endloop
 endfacet
 facet normal -0 0 1
  outer loop
   vertex 0.00610248 0.00770112 0
   vertex 0.00672756 0.00723156 0
   vertex 0.00698774 0.00815167 0
  endloop
 endfacet
 facet normal 0 -0 1
  outer loop
   vertex -0.00909837 -0.0051095 0
   vertex -0.00845945 -0.00427603 0
   vertex -0.00958823 -0.00440086 0
  endloop
 endfacet
 facet normal 0 0 1
  outer loop
   vertex -0.00810506 -0.00499222 0
   vertex -0.00845945 -0.00427603 0
   vertex -0.00909837 -0.0051095 0
  endloop
 endfacet
 facet normal 0 0 1
  outer loop
   vertex 0.00721421 -0.00688791 0
   vertex 0.00635596 -0.00629187 0
   vertex 0.00645431 -0.00724447 0
  endloop
 endfacet
 facet normal 0 0 1
  outer loop
   vertex 0.000753312 0.00946992 0
   vertex 0.000918306 0.00851064 0
   vertex 0.00155683 0.00933497 0
  endloop
 endfacet
 facet normal 0 0 1
  outer loop
   vertex -0.00342504 0.00994937 0
   vertex -0.00343472 0.00886946 0
   vertex -0.00256947 0.00917031 0
  endloop
 endfacet
 facet normal 0 0 1
  outer loop
   vertex 0.00237233 0.00921831 0
   vertex 0.00259542 0.00833153 0
   vertex 0.00321703 0.00907661 0
  endloop
 endfacet
 facet normal 0 0 1
  outer loop
   vertex 0.00139975 -0.0097599 0
   vertex 0.00116696 -0.00886832 0
   vertex 0.000764344 -0.00968882 0
  endloop
 endfacet
 facet normal -0 0 1
  outer loop
   vertex -0.00422003 0.00848461 0
   vertex -0.00344755 0.00789405 0
   vertex -0.00343472 0.00886946 0
  endloop
 endfacet
 facet normal 0 0 1
  outer loop
   vertex -0.0115946 -0.00139819 0
   vertex -0.0106772 -0.00127068 0
   vertex -0.0115016 -0.000725581 0
  endloop
 endfacet
 facet normal -0 0 1
  outer loop
   vertex -0.0115016 -0.000725581 0
   vertex -0.0106772 -0.00127068 0
   vertex -0.0106215 -0.00044933 0
  endloop
 endfacet
 facet normal 0 -0 1
  outer loop
   vertex -0.00185621 -0.00344343 0
   vertex -0.00102624 -0.00270389 0
   vertex -0.00214806 -0.00219848 0
  endloop
 endfacet
 facet normal 0 0 1
  outer loop
   vertex 0.00970202 -0.000633574 0
   vertex 0.00893874 -0.000957021 0
   vertex 0.00960872 -0.00141981 0
  endloop
 endfacet
 facet normal -0 0 1
  outer loop
   vertex -0.0110461 0.00287982 0
   vertex -0.0102928 0.00225335 0
   vertex -0.0100805 0.00294776 0
  endloop
 endfacet
 facet normal 0 -0 1
  outer loop
   vertex -0.00754367 -0.00637351 0
   vertex -0.00688138 -0.00584511 0
   vertex -0.00779329 -0.00570031 0
  endloop
 endfacet
 facet normal -0 0 1
  outer loop
   vertex -0.0105694 -0.00415914 0
   vertex -0.00958823 -0.00440086 0
   vertex -0.00978331 -0.00354921 0
  endloop
 endfacet
 facet normal 0 0 1
  outer loop
   vertex 0.00912668 0.00332362 0
   vertex 0.00836222 0.00274521 0
   vertex 0.00930079 0.00256707 0
  endloop
 endfacet
 facet normal 0 0 1
  outer loop
   vertex 0.00735974 0.0067542 0
   vertex 0.00702186 0.00597253 0
   vertex 0.00784443 0.00611089 0
  endloop
 endfacet
 facet normal 0 0 1
  outer loop
   vertex 0.00893874 -0.000957021 0
   vertex 0.00864278 -0.00160328 0
   vertex 0.00960872 -0.00141981 0
  endloop
 endfacet
 facet normal -0 0 1
  outer loop
   vertex 0.00864278 -0.00160328 0
   vertex 0.00942039 -0.00218413 0
   vertex 0.00960872 -0.00141981 0
  endloop
 endfacet
 facet normal -0 0 1
  outer loop
   vertex -0.00256947 0.00917031 0
   vertex -0.00185885 0.00842389 0
   vertex -0.00164717 0.00938331 0
  endloop
 endfacet
 facet normal -0 0 1
  outer loop
   vertex -0.005682 0.00765322 0
   vertex -0.00488102 0.00714902 0
   vertex -0.00496533 0.00807827 0
  endloop
 endfacet
 facet normal 0 0 1
  outer loop
   vertex 0.00784443 0.00611089 0
   vertex 0.00726885 0.00531543 0
   vertex 0.00817751 0.00540454 0
  endloop
 endfacet
 facet normal -0 0 1
  outer loop
   vertex 0.00702186 0.00597253 0
   vertex 0.00726885 0.00531543 0
   vertex 0.00784443 0.00611089 0
  endloop
 endfacet
 facet normal 0 0 1
  outer loop
   vertex 0.00561454 0.00824356 0
   vertex 0.00508219 0.00741901 0
   vertex 0.00610248 0.00770112 0
  endloop
 endfacet
 facet normal 0 0 1
  outer loop
   vertex -0.00988934 0.000815511 0
   vertex -0.00903112 0.00104944 0
   vertex -0.00961448 0.0016057 0
  endloop
 endfacet
 facet normal 0 0 1
  outer loop
   vertex 0.0102758 0.00241559 0
   vertex 0.00948868 0.00178115 0
   vertex 0.0105945 0.0015309 0
  endloop
 endfacet
 facet normal 0 0 1
  outer loop
   vertex 0.0105945 0.0015309 0
   vertex 0.00948868 0.00178115 0
   vertex 0.00962812 0.000972357 0
  endloop
 endfacet
 facet normal 0 0 1
  outer loop
   vertex 0.00930079 0.00256707 0
   vertex 0.00948868 0.00178115 0
   vertex 0.0102758 0.00241559 0
  endloop
 endfacet
 facet normal 0 0 1
  outer loop
   vertex 0.00817751 0.00540454 0
   vertex 0.00759703 0.00464851 0
   vertex 0.0085152 0.00471999 0
  endloop
 endfacet
 facet normal -0 0 1
  outer loop
   vertex 0.00726885 0.00531543 0
   vertex 0.00759703 0.00464851 0
   vertex 0.00817751 0.00540454 0
  endloop
 endfacet
 facet normal 0 0 1
  outer loop
   vertex 0.000493208 -0.0105418 0
   vertex -0.000229652 -0.0105019 0
   vertex 0.000158186 -0.0113562 0
  endloop
 endfacet
 facet normal 0 0 1
  outer loop
   vertex -0.000512521 -0.00957084 0
   vertex -0.000695948 -0.00866879 0
   vertex -0.00129013 -0.00945214 0
  endloop
 endfacet
 facet normal 0 0 1
  outer loop
   vertex -0.00893286 0.00372974 0
   vertex -0.00802749 0.00384229 0
   vertex -0.00873268 0.004468 0
  endloop
 endfacet
 facet normal 0 0 1
  outer loop
   vertex 0.00983689 -0.00390632 0
   vertex 0.00889318 -0.00379396 0
   vertex 0.00952062 -0.00457966 0
  endloop
 endfacet
 facet normal 0 0 1
  outer loop
   vertex 0.00889318 -0.00379396 0
   vertex 0.00862713 -0.00452563 0
   vertex 0.00952062 -0.00457966 0
  endloop
 endfacet
 facet normal 0 0 1
  outer loop
   vertex -0.00949496 0.00503045 0
   vertex -0.0085962 0.00526383 0
   vertex -0.00940031 0.00568071 0
  endloop
 endfacet
 facet normal 0 0 1
  outer loop
   vertex 0.00489985 0.00848579 0
   vertex 0.00508219 0.00741901 0
   vertex 0.00561454 0.00824356 0
  endloop
 endfacet
 facet normal 0 0 1
  outer loop
   vertex -0.00389084 -0.00877041 0
   vertex -0.0040266 -0.00789607 0
   vertex -0.00483948 -0.00846009 0
  endloop
 endfacet
 facet normal 0 0 1
  outer loop
   vertex 0.00321703 0.00907661 0
   vertex 0.0034232 0.00810801 0
   vertex 0.00412872 0.00893978 0
  endloop
 endfacet
 facet normal -0 0 1
  outer loop
   vertex 0.00259542 0.00833153 0
   vertex 0.0034232 0.00810801 0
   vertex 0.00321703 0.00907661 0
  endloop
 endfacet
 facet normal 0 0 1
  outer loop
   vertex 0.00196061 -0.00944092 0
   vertex 0.00116696 -0.00886832 0
   vertex 0.00139975 -0.0097599 0
  endloop
 endfacet
 facet normal 0 -0 1
  outer loop
   vertex -0.00906072 -0.00281628 0
   vertex -0.00840501 -0.00203901 0
   vertex -0.00938874 -0.00211154 0
  endloop
 endfacet
 facet normal 0 0 1
  outer loop
   vertex 0.00390742 -0.0087415 0
   vertex 0.00328966 -0.0082215 0
   vertex 0.00325255 -0.00902853 0
  endloop
 endfacet
 facet normal 0 0 1
  outer loop
   vertex 0.0102597 -0.00263709 0
   vertex 0.00929807 -0.0030324 0
   vertex 0.0102306 -0.00333497 0
  endloop
 endfacet
 facet normal 0 0 1
  outer loop
   vertex 0.00942039 -0.00218413 0
   vertex 0.00929807 -0.0030324 0
   vertex 0.0102597 -0.00263709 0
  endloop
 endfacet
 facet normal 0 0 1
  outer loop
   vertex 0.000753312 0.00946992 0
   vertex -1.6201e-05 0.00868325 0
   vertex 0.000918306 0.00851064 0
  endloop
 endfacet
 facet normal 0 0 1
  outer loop
   vertex 2.89291e-05 0.00969064 0
   vertex -1.6201e-05 0.00868325 0
   vertex 0.000753312 0.00946992 0
  endloop
 endfacet
 facet normal 0 0 1
  outer loop
   vertex -0.00912042 0.00299667 0
   vertex -0.00821079 0.00307856 0
   vertex -0.00893286 0.00372974 0
  endloop
 endfacet
 facet normal 0 -0 1
  outer loop
   vertex -0.00821079 0.00307856 0
   vertex -0.00802749 0.00384229 0
   vertex -0.00893286 0.00372974 0
  endloop
 endfacet
 facet normal 0 -0 1
  outer loop
   vertex -0.00692252 -0.00675314 0
   vertex -0.00688138 -0.00584511 0
   vertex -0.00754367 -0.00637351 0
  endloop
 endfacet
 facet normal 0 -0 1
  outer loop
   vertex -0.00555832 -0.00779298 0
   vertex -0.00534911 -0.00678613 0
   vertex -0.00625215 -0.00723502 0
  endloop
 endfacet
 facet normal 0 -0 1
  outer loop
   vertex -0.00625215 -0.00723502 0
   vertex -0.00609074 -0.00624607 0
   vertex -0.00692252 -0.00675314 0
  endloop
 endfacet
 facet normal 0 0 1
  outer loop
   vertex -0.00534911 -0.00678613 0
   vertex -0.00609074 -0.00624607 0
   vertex -0.00625215 -0.00723502 0
  endloop
 endfacet
 facet normal -0 0 1
  outer loop
   vertex -0.00988934 0.000815511 0
   vertex -0.00892962 0.000351476 0
   vertex -0.00903112 0.00104944 0
  endloop
 endfacet
 facet normal 0 -0 1
  outer loop
   vertex -0.00976668 -2.08571e-05 0
   vertex -0.00892962 0.000351476 0
   vertex -0.00988934 0.000815511 0
  endloop
 endfacet
 facet normal 0 0 1
  outer loop
   vertex 0.00577394 -0.00761873 0
   vertex 0.00500071 -0.00701932 0
   vertex 0.00512982 -0.00799729 0
  endloop
 endfacet
 facet normal 0 0 1
  outer loop
   vertex 0.00841701 -0.00520878 0
   vertex 0.00776755 -0.00469708 0
   vertex 0.00780955 -0.0055996 0
  endloop
 endfacet
 facet normal 0 0 1
  outer loop
   vertex 0.00710253 -0.0059555 0
   vertex 0.00635596 -0.00629187 0
   vertex 0.00721421 -0.00688791 0
  endloop
 endfacet
 facet normal -0 0 1
  outer loop
   vertex -0.00949496 0.00503045 0
   vertex -0.00873268 0.004468 0
   vertex -0.0085962 0.00526383 0
  endloop
 endfacet
 facet normal 0 0 1
  outer loop
   vertex -0.00185885 0.00842389 0
   vertex -0.000979782 0.00851894 0
   vertex -0.00164717 0.00938331 0
  endloop
 endfacet
 facet normal 0 -0 1
  outer loop
   vertex -0.000979782 0.00851894 0
   vertex -0.000752806 0.00951855 0
   vertex -0.00164717 0.00938331 0
  endloop
 endfacet
 facet normal 0 0 1
  outer loop
   vertex 0.00862713 -0.00452563 0
   vertex 0.00776755 -0.00469708 0
   vertex 0.00841701 -0.00520878 0
  endloop
 endfacet
 facet normal 0 0 1
  outer loop
   vertex 0.00962812 0.000972357 0
   vertex 0.00878202 0.00047954 0
   vertex 0.00968226 0.000155771 0
  endloop
 endfacet
 facet normal 0 0 1
  outer loop
   vertex 0.00500071 -0.00701932 0
   vertex 0.00437126 -0.00739555 0
   vertex 0.00512982 -0.00799729 0
  endloop
 endfacet
 facet normal 0 0 1
  outer loop
   vertex 0.00437126 -0.00739555 0
   vertex 0.0045088 -0.00837274 0
   vertex 0.00512982 -0.00799729 0
  endloop
 endfacet
 facet normal 0 0 1
  outer loop
   vertex -0.0085962 0.00526383 0
   vertex -0.0076019 0.0053716 0
   vertex -0.00823754 0.00590886 0
  endloop
 endfacet
 facet normal 0 0 1
  outer loop
   vertex 0.00412872 0.00893978 0
   vertex 0.00505636 0.00946316 0
   vertex 0.00447622 0.00990296 0
  endloop
 endfacet
 facet normal 0 0 1
  outer loop
   vertex -0.0076019 0.0053716 0
   vertex -0.00762774 0.00626644 0
   vertex -0.00823754 0.00590886 0
  endloop
 endfacet
 facet normal -0 0 1
  outer loop
   vertex 0.00759703 0.00464851 0
   vertex 0.0079216 0.00399606 0
   vertex 0.0085152 0.00471999 0
  endloop
 endfacet
 facet normal 0 0 1
  outer loop
   vertex 0.0079216 0.00399606 0
   vertex 0.0088547 0.0040535 0
   vertex 0.0085152 0.00471999 0
  endloop
 endfacet
 facet normal 0 -0 1
  outer loop
   vertex -0.00483948 -0.00846009 0
   vertex -0.00463191 -0.00734004 0
   vertex -0.00555832 -0.00779298 0
  endloop
 endfacet
 facet normal 0 0 1
  outer loop
   vertex -0.00555832 -0.00779298 0
   vertex -0.00463191 -0.00734004 0
   vertex -0.00534911 -0.00678613 0
  endloop
 endfacet
 facet normal 0 0 1
  outer loop
   vertex -0.0040266 -0.00789607 0
   vertex -0.00463191 -0.00734004 0
   vertex -0.00483948 -0.00846009 0
  endloop
 endfacet
 facet normal 0 -0 1
  outer loop
   vertex -0.0034739 0.000701244 0
   vertex -0.0029735 0.00165519 0
   vertex -0.00390037 0.00154965 0
  endloop
 endfacet
 facet normal 0 0 1
  outer loop
   vertex -0.00217562 -0.0093919 0
   vertex -0.00300054 -0.0100098 0
   vertex -0.002374 -0.0103631 0
  endloop
 endfacet
 facet normal 0 0 1
  outer loop
   vertex 0.00968226 0.000155771 0
   vertex 0.00885423 -0.000272937 0
   vertex 0.00970202 -0.000633574 0
  endloop
 endfacet
 facet normal 0 0 1
  outer loop
   vertex 0.00970202 -0.000633574 0
   vertex 0.00885423 -0.000272937 0
   vertex 0.00893874 -0.000957021 0
  endloop
 endfacet
 facet normal 0 0 1
  outer loop
   vertex 0.00878202 0.00047954 0
   vertex 0.00885423 -0.000272937 0
   vertex 0.00968226 0.000155771 0
  endloop
 endfacet
 facet normal 0 0 1
  outer loop
   vertex -0.00300054 -0.0100098 0
   vertex -0.00303272 -0.00902084 0
   vertex -0.00375508 -0.00973267 0
  endloop
 endfacet
 facet normal 0 -0 1
  outer loop
   vertex -0.00375508 -0.00973267 0
   vertex -0.00303272 -0.00902084 0
   vertex -0.00389084 -0.00877041 0
  endloop
 endfacet
 facet normal 0 0 1
  outer loop
   vertex -0.00217562 -0.0093919 0
   vertex -0.00303272 -0.00902084 0
   vertex -0.00300054 -0.0100098 0
  endloop
 endfacet
 facet normal 0 0 1
  outer loop
   vertex 0.00325255 -0.00902853 0
   vertex 0.00262881 -0.00828603 0
   vertex 0.00259532 -0.00921713 0
  endloop
 endfacet
 facet normal 0 0 1
  outer loop
   vertex 0.00328966 -0.0082215 0
   vertex 0.00262881 -0.00828603 0
   vertex 0.00325255 -0.00902853 0
  endloop
 endfacet
 facet normal -0 0 1
  outer loop
   vertex -0.00496533 0.00807827 0
   vertex -0.00417844 0.00753796 0
   vertex -0.00422003 0.00848461 0
  endloop
 endfacet
 facet normal 0 0 1
  outer loop
   vertex -0.00422003 0.00848461 0
   vertex -0.00417844 0.00753796 0
   vertex -0.00344755 0.00789405 0
  endloop
 endfacet
 facet normal 0 -0 1
  outer loop
   vertex -0.00488102 0.00714902 0
   vertex -0.00417844 0.00753796 0
   vertex -0.00496533 0.00807827 0
  endloop
 endfacet
 facet normal 0 -0 1
  outer loop
   vertex -0.00938874 -0.00211154 0
   vertex -0.00881487 -0.0012835 0
   vertex -0.00977857 -0.00150332 0
  endloop
 endfacet
 facet normal 0 0 1
  outer loop
   vertex -0.00840501 -0.00203901 0
   vertex -0.00881487 -0.0012835 0
   vertex -0.00938874 -0.00211154 0
  endloop
 endfacet
 facet normal 0 0 1
  outer loop
   vertex -0.00129013 -0.00945214 0
   vertex -0.0015426 -0.00848759 0
   vertex -0.00217562 -0.0093919 0
  endloop
 endfacet
 facet normal 0 0 1
  outer loop
   vertex -0.000695948 -0.00866879 0
   vertex -0.0015426 -0.00848759 0
   vertex -0.00129013 -0.00945214 0
  endloop
 endfacet
 facet normal 0 0 1
  outer loop
   vertex 0.0088547 0.0040535 0
   vertex 0.00832108 0.0034416 0
   vertex 0.00912668 0.00332362 0
  endloop
 endfacet
 facet normal 0 0 1
  outer loop
   vertex 0.00912668 0.00332362 0
   vertex 0.00832108 0.0034416 0
   vertex 0.00836222 0.00274521 0
  endloop
 endfacet
 facet normal -0 0 1
  outer loop
   vertex 0.0079216 0.00399606 0
   vertex 0.00832108 0.0034416 0
   vertex 0.0088547 0.0040535 0
  endloop
 endfacet
 facet normal -0 0 1
  outer loop
   vertex -0.00343472 0.00886946 0
   vertex -0.00269752 0.00820684 0
   vertex -0.00256947 0.00917031 0
  endloop
 endfacet
 facet normal 0 0 1
  outer loop
   vertex -0.00256947 0.00917031 0
   vertex -0.00269752 0.00820684 0
   vertex -0.00185885 0.00842389 0
  endloop
 endfacet
 facet normal 0 0 1
  outer loop
   vertex -0.00344755 0.00789405 0
   vertex -0.00269752 0.00820684 0
   vertex -0.00343472 0.00886946 0
  endloop
 endfacet
 facet normal 0 0 1
  outer loop
   vertex -0.00873268 0.004468 0
   vertex -0.00778817 0.00460288 0
   vertex -0.0085962 0.00526383 0
  endloop
 endfacet
 facet normal -0 0 1
  outer loop
   vertex -0.0085962 0.00526383 0
   vertex -0.00778817 0.00460288 0
   vertex -0.0076019 0.0053716 0
  endloop
 endfacet
 facet normal 0 -0 1
  outer loop
   vertex -0.00802749 0.00384229 0
   vertex -0.00778817 0.00460288 0
   vertex -0.00873268 0.004468 0
  endloop
 endfacet
 facet normal -0 0 1
  outer loop
   vertex -0.00762774 0.00626644 0
   vertex -0.00684101 0.00573975 0
   vertex -0.00701554 0.00672935 0
  endloop
 endfacet
 facet normal 0 -0 1
  outer loop
   vertex -0.0076019 0.0053716 0
   vertex -0.00684101 0.00573975 0
   vertex -0.00762774 0.00626644 0
  endloop
 endfacet
 facet normal 0 0 1
  outer loop
   vertex 0.00645431 -0.00724447 0
   vertex 0.00577394 -0.00761873 0
   vertex 0.0065278 -0.00821791 0
  endloop
 endfacet
 facet normal 0 0 1
  outer loop
   vertex 0.00213812 0.0101528 0
   vertex 0.00155683 0.00933497 0
   vertex 0.00237233 0.00921831 0
  endloop
 endfacet
 facet normal -0 0 1
  outer loop
   vertex -0.0100805 0.00294776 0
   vertex -0.00933454 0.00229429 0
   vertex -0.00912042 0.00299667 0
  endloop
 endfacet
 facet normal 0 0 1
  outer loop
   vertex -0.0102928 0.00225335 0
   vertex -0.00933454 0.00229429 0
   vertex -0.0100805 0.00294776 0
  endloop
 endfacet
 facet normal 0 0 1
  outer loop
   vertex 0.00116696 -0.00886832 0
   vertex 0.000188201 -0.00892629 0
   vertex 0.000764344 -0.00968882 0
  endloop
 endfacet
 facet normal 0 0 1
  outer loop
   vertex -0.0106772 -0.00127068 0
   vertex -0.00972776 -0.000797244 0
   vertex -0.0106215 -0.00044933 0
  endloop
 endfacet
 facet normal 0 0 1
  outer loop
   vertex -0.00972776 -0.000797244 0
   vertex -0.00976668 -2.08571e-05 0
   vertex -0.0106215 -0.00044933 0
  endloop
 endfacet
 facet normal 0 0 1
  outer loop
   vertex 0.00735974 0.0067542 0
   vertex 0.00640973 0.00634064 0
   vertex 0.00702186 0.00597253 0
  endloop
 endfacet
 facet normal 0 0 1
  outer loop
   vertex 0.00672756 0.00723156 0
   vertex 0.00640973 0.00634064 0
   vertex 0.00735974 0.0067542 0
  endloop
 endfacet
 facet normal 0 0 1
  outer loop
   vertex 0.00505636 0.00946316 0
   vertex 0.00412872 0.00893978 0
   vertex 0.00489985 0.00848579 0
  endloop
 endfacet
 facet normal 0 -0 1
  outer loop
   vertex -0.00958823 -0.00440086 0
   vertex -0.00877377 -0.00355617 0
   vertex -0.00978331 -0.00354921 0
  endloop
 endfacet
 facet normal -0 0 1
  outer loop
   vertex -0.00978331 -0.00354921 0
   vertex -0.00877377 -0.00355617 0
   vertex -0.00906072 -0.00281628 0
  endloop
 endfacet
 facet normal 0 0 1
  outer loop
   vertex -0.00845945 -0.00427603 0
   vertex -0.00877377 -0.00355617 0
   vertex -0.00958823 -0.00440086 0
  endloop
 endfacet
 facet normal 0 -0 1
  outer loop
   vertex -0.00779329 -0.00570031 0
   vertex -0.00709382 -0.00501945 0
   vertex -0.00810506 -0.00499222 0
  endloop
 endfacet
 facet normal 0 0 1
  outer loop
   vertex -0.00688138 -0.00584511 0
   vertex -0.00709382 -0.00501945 0
   vertex -0.00779329 -0.00570031 0
  endloop
 endfacet
 facet normal 0 -0 1
  outer loop
   vertex -0.00903112 0.00104944 0
   vertex -0.00862441 0.001646 0
   vertex -0.00961448 0.0016057 0
  endloop
 endfacet
 facet normal 0 0 1
  outer loop
   vertex 0.000764344 -0.00968882 0
   vertex 0.000136122 -0.00980818 0
   vertex 0.000493208 -0.0105418 0
  endloop
 endfacet
 facet normal 0 0 1
  outer loop
   vertex 0.000493208 -0.0105418 0
   vertex 0.000136122 -0.00980818 0
   vertex -0.000229652 -0.0105019 0
  endloop
 endfacet
 facet normal 0 0 1
  outer loop
   vertex 0.000188201 -0.00892629 0
   vertex 0.000136122 -0.00980818 0
   vertex 0.000764344 -0.00968882 0
  endloop
 endfacet
 facet normal 0 0 1
  outer loop
   vertex 0.00836222 0.00274521 0
   vertex 0.00849119 0.00199862 0
   vertex 0.00930079 0.00256707 0
  endloop
 endfacet
 facet normal -0 0 1
  outer loop
   vertex 0.00849119 0.00199862 0
   vertex 0.00948868 0.00178115 0
   vertex 0.00930079 0.00256707 0
  endloop
 endfacet
 facet normal 0 0 1
  outer loop
   vertex -0.00692252 -0.00675314 0
   vertex -0.00609074 -0.00624607 0
   vertex -0.00688138 -0.00584511 0
  endloop
 endfacet
 facet normal 0 -0 1
  outer loop
   vertex -0.00389084 -0.00877041 0
   vertex -0.00321039 -0.00801435 0
   vertex -0.0040266 -0.00789607 0
  endloop
 endfacet
 facet normal 0 0 1
  outer loop
   vertex -0.00303272 -0.00902084 0
   vertex -0.00321039 -0.00801435 0
   vertex -0.00389084 -0.00877041 0
  endloop
 endfacet
 facet normal 0 0 1
  outer loop
   vertex 0.00390742 -0.0087415 0
   vertex 0.00378519 -0.00778448 0
   vertex 0.00328966 -0.0082215 0
  endloop
 endfacet
 facet normal 0 0 1
  outer loop
   vertex 0.0045088 -0.00837274 0
   vertex 0.00378519 -0.00778448 0
   vertex 0.00390742 -0.0087415 0
  endloop
 endfacet
 facet normal 0 0 1
  outer loop
   vertex -0.00906072 -0.00281628 0
   vertex -0.00807062 -0.00278078 0
   vertex -0.00840501 -0.00203901 0
  endloop
 endfacet
 facet normal 0 -0 1
  outer loop
   vertex -0.00877377 -0.00355617 0
   vertex -0.00807062 -0.00278078 0
   vertex -0.00906072 -0.00281628 0
  endloop
 endfacet
 facet normal -0 0 1
  outer loop
   vertex -0.000752806 0.00951855 0
   vertex -1.6201e-05 0.00868325 0
   vertex 2.89291e-05 0.00969064 0
  endloop
 endfacet
 facet normal 0 0 1
  outer loop
   vertex 0.00489985 0.00848579 0
   vertex 0.00419431 0.0077612 0
   vertex 0.00508219 0.00741901 0
  endloop
 endfacet
 facet normal 0 0 1
  outer loop
   vertex 0.00155683 0.00933497 0
   vertex 0.00176929 0.00841996 0
   vertex 0.00237233 0.00921831 0
  endloop
 endfacet
 facet normal 0 0 1
  outer loop
   vertex 0.00237233 0.00921831 0
   vertex 0.00176929 0.00841996 0
   vertex 0.00259542 0.00833153 0
  endloop
 endfacet
 facet normal -0 0 1
  outer loop
   vertex 0.000918306 0.00851064 0
   vertex 0.00176929 0.00841996 0
   vertex 0.00155683 0.00933497 0
  endloop
 endfacet
 facet normal 0 -0 1
  outer loop
   vertex -0.00961448 0.0016057 0
   vertex -0.00933454 0.00229429 0
   vertex -0.0102928 0.00225335 0
  endloop
 endfacet
 facet normal 0 0 1
  outer loop
   vertex 0.00776755 -0.00469708 0
   vertex 0.00700324 -0.00500568 0
   vertex 0.00780955 -0.0055996 0
  endloop
 endfacet
 facet normal 0 0 1
  outer loop
   vertex 0.00700324 -0.00500568 0
   vertex 0.00710253 -0.0059555 0
   vertex 0.00780955 -0.0055996 0
  endloop
 endfacet
 facet normal 0 0 1
  outer loop
   vertex 0.00710253 -0.0059555 0
   vertex 0.00624994 -0.00533632 0
   vertex 0.00635596 -0.00629187 0
  endloop
 endfacet
 facet normal 0 0 1
  outer loop
   vertex 0.00700324 -0.00500568 0
   vertex 0.00624994 -0.00533632 0
   vertex 0.00710253 -0.0059555 0
  endloop
 endfacet
 facet normal 0 0 1
  outer loop
   vertex -0.005682 0.00765322 0
   vertex -0.00555137 0.00670908 0
   vertex -0.00488102 0.00714902 0
  endloop
 endfacet
 facet normal -0 0 1
  outer loop
   vertex -0.00637865 0.00720949 0
   vertex -0.00555137 0.00670908 0
   vertex -0.005682 0.00765322 0
  endloop
 endfacet
 facet normal 0 0 1
  outer loop
   vertex 0.00962812 0.000972357 0
   vertex 0.00864172 0.00123411 0
   vertex 0.00878202 0.00047954 0
  endloop
 endfacet
 facet normal 0 0 1
  outer loop
   vertex 0.00948868 0.00178115 0
   vertex 0.00864172 0.00123411 0
   vertex 0.00962812 0.000972357 0
  endloop
 endfacet
 facet normal 0 0 1
  outer loop
   vertex 0.00862713 -0.00452563 0
   vertex 0.00793532 -0.00388815 0
   vertex 0.00776755 -0.00469708 0
  endloop
 endfacet
 facet normal 0 0 1
  outer loop
   vertex 0.00412872 0.00893978 0
   vertex 0.00419431 0.0077612 0
   vertex 0.00489985 0.00848579 0
  endloop
 endfacet
 facet normal 0 0 1
  outer loop
   vertex 0.00645431 -0.00724447 0
   vertex 0.00566006 -0.00664827 0
   vertex 0.00577394 -0.00761873 0
  endloop
 endfacet
 facet normal 0 0 1
  outer loop
   vertex 0.00577394 -0.00761873 0
   vertex 0.00566006 -0.00664827 0
   vertex 0.00500071 -0.00701932 0
  endloop
 endfacet
 facet normal 0 0 1
  outer loop
   vertex 0.00635596 -0.00629187 0
   vertex 0.00566006 -0.00664827 0
   vertex 0.00645431 -0.00724447 0
  endloop
 endfacet
 facet normal 0 0 1
  outer loop
   vertex 0.00259532 -0.00921713 0
   vertex 0.00192095 -0.00850743 0
   vertex 0.00196061 -0.00944092 0
  endloop
 endfacet
 facet normal 0 0 1
  outer loop
   vertex 0.00262881 -0.00828603 0
   vertex 0.00192095 -0.00850743 0
   vertex 0.00259532 -0.00921713 0
  endloop
 endfacet
 facet normal 0 -0 1
  outer loop
   vertex -0.00977857 -0.00150332 0
   vertex -0.00972776 -0.000797244 0
   vertex -0.0106772 -0.00127068 0
  endloop
 endfacet
 facet normal 0 0 1
  outer loop
   vertex -0.00977857 -0.00150332 0
   vertex -0.00881487 -0.0012835 0
   vertex -0.00972776 -0.000797244 0
  endloop
 endfacet
 facet normal 0 0 1
  outer loop
   vertex 0.00610248 0.00770112 0
   vertex 0.00576441 0.00680633 0
   vertex 0.00672756 0.00723156 0
  endloop
 endfacet
 facet normal 0 0 1
  outer loop
   vertex 0.00672756 0.00723156 0
   vertex 0.00576441 0.00680633 0
   vertex 0.00640973 0.00634064 0
  endloop
 endfacet
 facet normal -0 0 1
  outer loop
   vertex 0.00508219 0.00741901 0
   vertex 0.00576441 0.00680633 0
   vertex 0.00610248 0.00770112 0
  endloop
 endfacet
 facet normal -0 0 1
  outer loop
   vertex -0.00555137 0.00670908 0
   vertex -0.00476806 0.00625456 0
   vertex -0.00488102 0.00714902 0
  endloop
 endfacet
 facet normal 0 0 1
  outer loop
   vertex 0.00116696 -0.00886832 0
   vertex 0.000611255 -0.00814487 0
   vertex 0.000188201 -0.00892629 0
  endloop
 endfacet
 facet normal 0 0 1
  outer loop
   vertex -0.00961448 0.0016057 0
   vertex -0.00862441 0.001646 0
   vertex -0.00933454 0.00229429 0
  endloop
 endfacet
 facet normal 0 -0 1
  outer loop
   vertex -0.00972776 -0.000797244 0
   vertex -0.00886908 -0.000415713 0
   vertex -0.00976668 -2.08571e-05 0
  endloop
 endfacet
 facet normal 0 0 1
  outer loop
   vertex -0.00886908 -0.000415713 0
   vertex -0.00892962 0.000351476 0
   vertex -0.00976668 -2.08571e-05 0
  endloop
 endfacet
 facet normal 0 0 1
  outer loop
   vertex -0.00778817 0.00460288 0
   vertex -0.00675386 0.00473796 0
   vertex -0.0076019 0.0053716 0
  endloop
 endfacet
 facet normal 0 0 1
  outer loop
   vertex -0.000979782 0.00851894 0
   vertex -1.6201e-05 0.00868325 0
   vertex -0.000752806 0.00951855 0
  endloop
 endfacet
 facet normal 0 -0 1
  outer loop
   vertex -0.00892962 0.000351476 0
   vertex -0.00815153 0.000889045 0
   vertex -0.00903112 0.00104944 0
  endloop
 endfacet
 facet normal -0 0 1
  outer loop
   vertex -0.00344755 0.00789405 0
   vertex -0.00272564 0.00724307 0
   vertex -0.00269752 0.00820684 0
  endloop
 endfacet
 facet normal 0 -0 1
  outer loop
   vertex -0.00476806 0.00625456 0
   vertex -0.00412579 0.006637 0
   vertex -0.00488102 0.00714902 0
  endloop
 endfacet
 facet normal 0 0 1
  outer loop
   vertex -0.00412579 0.006637 0
   vertex -0.00417844 0.00753796 0
   vertex -0.00488102 0.00714902 0
  endloop
 endfacet
 facet normal 0 0 1
  outer loop
   vertex 0.00864278 -0.00160328 0
   vertex 0.00841957 -0.00234877 0
   vertex 0.00942039 -0.00218413 0
  endloop
 endfacet
 facet normal -0 0 1
  outer loop
   vertex 0.00841957 -0.00234877 0
   vertex 0.00929807 -0.0030324 0
   vertex 0.00942039 -0.00218413 0
  endloop
 endfacet
 facet normal 0 0 1
  outer loop
   vertex -0.00709382 -0.00501945 0
   vertex -0.00742315 -0.00424545 0
   vertex -0.00810506 -0.00499222 0
  endloop
 endfacet
 facet normal 0 0 1
  outer loop
   vertex -0.00742315 -0.00424545 0
   vertex -0.00845945 -0.00427603 0
   vertex -0.00810506 -0.00499222 0
  endloop
 endfacet
 facet normal -0 0 1
  outer loop
   vertex -0.00903112 0.00104944 0
   vertex -0.00815153 0.000889045 0
   vertex -0.00862441 0.001646 0
  endloop
 endfacet
 facet normal 0 0 1
  outer loop
   vertex -0.00802749 0.00384229 0
   vertex -0.00711961 0.00391709 0
   vertex -0.00778817 0.00460288 0
  endloop
 endfacet
 facet normal 0 -0 1
  outer loop
   vertex -0.00711961 0.00391709 0
   vertex -0.00675386 0.00473796 0
   vertex -0.00778817 0.00460288 0
  endloop
 endfacet
 facet normal -0 0 1
  outer loop
   vertex -0.00701554 0.00672935 0
   vertex -0.00619303 0.00622849 0
   vertex -0.00637865 0.00720949 0
  endloop
 endfacet
 facet normal 0 -0 1
  outer loop
   vertex -0.00619303 0.00622849 0
   vertex -0.00555137 0.00670908 0
   vertex -0.00637865 0.00720949 0
  endloop
 endfacet
 facet normal 0 0 1
  outer loop
   vertex 0.00836222 0.00274521 0
   vertex 0.00754518 0.00225016 0
   vertex 0.00849119 0.00199862 0
  endloop
 endfacet
 facet normal 0 -0 1
  outer loop
   vertex -0.000229652 -0.0105019 0
   vertex 0.000136122 -0.00980818 0
   vertex -0.000512521 -0.00957084 0
  endloop
 endfacet
 facet normal 0 0 1
  outer loop
   vertex 0.00640973 0.00634064 0
   vertex 0.00630708 0.00537188 0
   vertex 0.00702186 0.00597253 0
  endloop
 endfacet
 facet normal 0 0 1
  outer loop
   vertex 0.00793532 -0.00388815 0
   vertex 0.00703422 -0.00409753 0
   vertex 0.00776755 -0.00469708 0
  endloop
 endfacet
 facet normal 0 -0 1
  outer loop
   vertex -0.000512521 -0.00957084 0
   vertex 0.000188201 -0.00892629 0
   vertex -0.000695948 -0.00866879 0
  endloop
 endfacet
 facet normal 0 -0 1
  outer loop
   vertex -0.00684101 0.00573975 0
   vertex -0.00619303 0.00622849 0
   vertex -0.00701554 0.00672935 0
  endloop
 endfacet
 facet normal 0 0 1
  outer loop
   vertex 0.00889318 -0.00379396 0
   vertex 0.00793532 -0.00388815 0
   vertex 0.00862713 -0.00452563 0
  endloop
 endfacet
 facet normal 0 -0 1
  outer loop
   vertex -0.00688138 -0.00584511 0
   vertex -0.00603118 -0.00518715 0
   vertex -0.00709382 -0.00501945 0
  endloop
 endfacet
 facet normal 0 0 1
  outer loop
   vertex 0.00259542 0.00833153 0
   vertex 0.00278423 0.00753039 0
   vertex 0.0034232 0.00810801 0
  endloop
 endfacet
 facet normal 0 0 1
  outer loop
   vertex 0.0045088 -0.00837274 0
   vertex 0.00437126 -0.00739555 0
   vertex 0.00378519 -0.00778448 0
  endloop
 endfacet
 facet normal -0 0 1
  outer loop
   vertex 0.0034232 0.00810801 0
   vertex 0.00419431 0.0077612 0
   vertex 0.00412872 0.00893978 0
  endloop
 endfacet
 facet normal 0 0 1
  outer loop
   vertex 0.00192095 -0.00850743 0
   vertex 0.00116696 -0.00886832 0
   vertex 0.00196061 -0.00944092 0
  endloop
 endfacet
 facet normal 0 0 1
  outer loop
   vertex 0.00726885 0.00531543 0
   vertex 0.00671947 0.0045994 0
   vertex 0.00759703 0.00464851 0
  endloop
 endfacet
 facet normal 0 0 1
  outer loop
   vertex 0.00864172 0.00123411 0
   vertex 0.0078174 0.000673019 0
   vertex 0.00878202 0.00047954 0
  endloop
 endfacet
 facet normal 0 0 1
  outer loop
   vertex 0.000918306 0.00851064 0
   vertex 0.00122374 0.00756881 0
   vertex 0.00176929 0.00841996 0
  endloop
 endfacet
 facet normal -0 0 1
  outer loop
   vertex -0.00417844 0.00753796 0
   vertex -0.00343452 0.00697653 0
   vertex -0.00344755 0.00789405 0
  endloop
 endfacet
 facet normal 0 0 1
  outer loop
   vertex -0.00344755 0.00789405 0
   vertex -0.00343452 0.00697653 0
   vertex -0.00272564 0.00724307 0
  endloop
 endfacet
 facet normal 0 -0 1
  outer loop
   vertex -0.00412579 0.006637 0
   vertex -0.00343452 0.00697653 0
   vertex -0.00417844 0.00753796 0
  endloop
 endfacet
 facet normal 0 0 1
  outer loop
   vertex 0.00566006 -0.00664827 0
   vertex 0.00485541 -0.00605577 0
   vertex 0.00500071 -0.00701932 0
  endloop
 endfacet
 facet normal 0 0 1
  outer loop
   vertex 0.00419431 0.0077612 0
   vertex 0.0042227 0.00674547 0
   vertex 0.00508219 0.00741901 0
  endloop
 endfacet
 facet normal 0 0 1
  outer loop
   vertex 0.00176929 0.00841996 0
   vertex 0.00203402 0.0075461 0
   vertex 0.00259542 0.00833153 0
  endloop
 endfacet
 facet normal -0 0 1
  outer loop
   vertex 0.00122374 0.00756881 0
   vertex 0.00203402 0.0075461 0
   vertex 0.00176929 0.00841996 0
  endloop
 endfacet
 facet normal 0 -0 1
  outer loop
   vertex -0.00534911 -0.00678613 0
   vertex -0.0052077 -0.00581109 0
   vertex -0.00609074 -0.00624607 0
  endloop
 endfacet
 facet normal 0 -0 1
  outer loop
   vertex -0.00442375 0.000695686 0
   vertex -0.00390037 0.00154965 0
   vertex -0.00473643 0.00139776 0
  endloop
 endfacet
 facet normal 0 0 1
  outer loop
   vertex -0.0015426 -0.00848759 0
   vertex -0.00236911 -0.00826305 0
   vertex -0.00217562 -0.0093919 0
  endloop
 endfacet
 facet normal 0 0 1
  outer loop
   vertex 0.00378519 -0.00778448 0
   vertex 0.00288178 -0.00734277 0
   vertex 0.00328966 -0.0082215 0
  endloop
 endfacet
 facet normal 0 0 1
  outer loop
   vertex -0.00321039 -0.00801435 0
   vertex -0.00358586 -0.006956 0
   vertex -0.0040266 -0.00789607 0
  endloop
 endfacet
 facet normal 0 -0 1
  outer loop
   vertex -0.00609074 -0.00624607 0
   vertex -0.00603118 -0.00518715 0
   vertex -0.00688138 -0.00584511 0
  endloop
 endfacet
 facet normal 0 0 1
  outer loop
   vertex -0.00675386 0.00473796 0
   vertex -0.00684101 0.00573975 0
   vertex -0.0076019 0.0053716 0
  endloop
 endfacet
 facet normal 0 0 1
  outer loop
   vertex 0.00776755 -0.00469708 0
   vertex 0.00703422 -0.00409753 0
   vertex 0.00700324 -0.00500568 0
  endloop
 endfacet
 facet normal 0 0 1
  outer loop
   vertex -0.00821079 0.00307856 0
   vertex -0.00741951 0.00324065 0
   vertex -0.00802749 0.00384229 0
  endloop
 endfacet
 facet normal 0 -0 1
  outer loop
   vertex -0.00741951 0.00324065 0
   vertex -0.00711961 0.00391709 0
   vertex -0.00802749 0.00384229 0
  endloop
 endfacet
 facet normal -0 0 1
  outer loop
   vertex -0.00185885 0.00842389 0
   vertex -0.00132737 0.00754397 0
   vertex -0.000979782 0.00851894 0
  endloop
 endfacet
 facet normal 0 0 1
  outer loop
   vertex 0.00500071 -0.00701932 0
   vertex 0.00419022 -0.00644507 0
   vertex 0.00437126 -0.00739555 0
  endloop
 endfacet
 facet normal 0 0 1
  outer loop
   vertex 0.00485541 -0.00605577 0
   vertex 0.00419022 -0.00644507 0
   vertex 0.00500071 -0.00701932 0
  endloop
 endfacet
 facet normal 0 0 1
  outer loop
   vertex 0.0102306 -0.00333497 0
   vertex 0.00929807 -0.0030324 0
   vertex 0.00983689 -0.00390632 0
  endloop
 endfacet
 facet normal 0 0 1
  outer loop
   vertex 0.00702186 0.00597253 0
   vertex 0.00630708 0.00537188 0
   vertex 0.00726885 0.00531543 0
  endloop
 endfacet
 facet normal 0 0 1
  outer loop
   vertex 0.00192095 -0.00850743 0
   vertex 0.00128331 -0.00778353 0
   vertex 0.00116696 -0.00886832 0
  endloop
 endfacet
 facet normal 0 0 1
  outer loop
   vertex 0.00128331 -0.00778353 0
   vertex 0.000611255 -0.00814487 0
   vertex 0.00116696 -0.00886832 0
  endloop
 endfacet
 facet normal 0 0 1
  outer loop
   vertex 0.00635596 -0.00629187 0
   vertex 0.00553687 -0.00568386 0
   vertex 0.00566006 -0.00664827 0
  endloop
 endfacet
 facet normal 0 0 1
  outer loop
   vertex 0.00566006 -0.00664827 0
   vertex 0.00553687 -0.00568386 0
   vertex 0.00485541 -0.00605577 0
  endloop
 endfacet
 facet normal 0 0 1
  outer loop
   vertex 0.00624994 -0.00533632 0
   vertex 0.00553687 -0.00568386 0
   vertex 0.00635596 -0.00629187 0
  endloop
 endfacet
 facet normal 0 0 1
  outer loop
   vertex 0.00759703 0.00464851 0
   vertex 0.00702387 0.00386583 0
   vertex 0.0079216 0.00399606 0
  endloop
 endfacet
 facet normal -0 0 1
  outer loop
   vertex 0.00671947 0.0045994 0
   vertex 0.00702387 0.00386583 0
   vertex 0.00759703 0.00464851 0
  endloop
 endfacet
 facet normal -0 0 1
  outer loop
   vertex -0.00269752 0.00820684 0
   vertex -0.00208649 0.00759049 0
   vertex -0.00185885 0.00842389 0
  endloop
 endfacet
 facet normal 0 0 1
  outer loop
   vertex -0.00185885 0.00842389 0
   vertex -0.00208649 0.00759049 0
   vertex -0.00132737 0.00754397 0
  endloop
 endfacet
 facet normal 0 0 1
  outer loop
   vertex -0.00272564 0.00724307 0
   vertex -0.00208649 0.00759049 0
   vertex -0.00269752 0.00820684 0
  endloop
 endfacet
 facet normal 0 -0 1
  outer loop
   vertex -0.0040266 -0.00789607 0
   vertex -0.00358586 -0.006956 0
   vertex -0.00463191 -0.00734004 0
  endloop
 endfacet
 facet normal 0 -0 1
  outer loop
   vertex -0.00463191 -0.00734004 0
   vertex -0.00441066 -0.00633185 0
   vertex -0.00534911 -0.00678613 0
  endloop
 endfacet
 facet normal 0 0 1
  outer loop
   vertex -0.00441066 -0.00633185 0
   vertex -0.0052077 -0.00581109 0
   vertex -0.00534911 -0.00678613 0
  endloop
 endfacet
 facet normal 0 0 1
  outer loop
   vertex 0.00878202 0.00047954 0
   vertex 0.00806275 -2.72842e-05 0
   vertex 0.00885423 -0.000272937 0
  endloop
 endfacet
 facet normal 0 0 1
  outer loop
   vertex 0.0078174 0.000673019 0
   vertex 0.00806275 -2.72842e-05 0
   vertex 0.00878202 0.00047954 0
  endloop
 endfacet
 facet normal 0 -0 1
  outer loop
   vertex -0.00807062 -0.00278078 0
   vertex -0.00740776 -0.00202742 0
   vertex -0.00840501 -0.00203901 0
  endloop
 endfacet
 facet normal 0 0 1
  outer loop
   vertex 0.00508219 0.00741901 0
   vertex 0.00491382 0.00630301 0
   vertex 0.00576441 0.00680633 0
  endloop
 endfacet
 facet normal -0 0 1
  outer loop
   vertex 0.0042227 0.00674547 0
   vertex 0.00491382 0.00630301 0
   vertex 0.00508219 0.00741901 0
  endloop
 endfacet
 facet normal 0 0 1
  outer loop
   vertex 0.00328966 -0.0082215 0
   vertex 0.00288178 -0.00734277 0
   vertex 0.00262881 -0.00828603 0
  endloop
 endfacet
 facet normal 0 -0 1
  outer loop
   vertex -0.0013395 -0.00599209 0
   vertex -0.00110041 -0.00516742 0
   vertex -0.00196903 -0.00556225 0
  endloop
 endfacet
 facet normal 0 0 1
  outer loop
   vertex -0.00881487 -0.0012835 0
   vertex -0.00886908 -0.000415713 0
   vertex -0.00972776 -0.000797244 0
  endloop
 endfacet
 facet normal 0 0 1
  outer loop
   vertex 0.00893874 -0.000957021 0
   vertex 0.00797781 -0.000827253 0
   vertex 0.00864278 -0.00160328 0
  endloop
 endfacet
 facet normal 0 0 1
  outer loop
   vertex -0.000695948 -0.00866879 0
   vertex -0.000931587 -0.00771028 0
   vertex -0.0015426 -0.00848759 0
  endloop
 endfacet
 facet normal 0 -0 1
  outer loop
   vertex -0.00840501 -0.00203901 0
   vertex -0.00770927 -0.00130998 0
   vertex -0.00881487 -0.0012835 0
  endloop
 endfacet
 facet normal 0 0 1
  outer loop
   vertex -0.00740776 -0.00202742 0
   vertex -0.00770927 -0.00130998 0
   vertex -0.00840501 -0.00203901 0
  endloop
 endfacet
 facet normal 0 0 1
  outer loop
   vertex -1.6201e-05 0.00868325 0
   vertex 0.000376982 0.00760834 0
   vertex 0.000918306 0.00851064 0
  endloop
 endfacet
 facet normal -0 0 1
  outer loop
   vertex 0.000376982 0.00760834 0
   vertex 0.00122374 0.00756881 0
   vertex 0.000918306 0.00851064 0
  endloop
 endfacet
 facet normal 0 0 1
  outer loop
   vertex 0.00885423 -0.000272937 0
   vertex 0.00797781 -0.000827253 0
   vertex 0.00893874 -0.000957021 0
  endloop
 endfacet
 facet normal 0 0 1
  outer loop
   vertex 0.00832108 0.0034416 0
   vertex 0.00742742 0.00311806 0
   vertex 0.00836222 0.00274521 0
  endloop
 endfacet
 facet normal 0 0 1
  outer loop
   vertex 0.00742742 0.00311806 0
   vertex 0.00754518 0.00225016 0
   vertex 0.00836222 0.00274521 0
  endloop
 endfacet
 facet normal 0 0 1
  outer loop
   vertex 0.00929807 -0.0030324 0
   vertex 0.00889318 -0.00379396 0
   vertex 0.00983689 -0.00390632 0
  endloop
 endfacet
 facet normal 0 0 1
  outer loop
   vertex 0.000188201 -0.00892629 0
   vertex -0.000126812 -0.00792186 0
   vertex -0.000695948 -0.00866879 0
  endloop
 endfacet
 facet normal 0 -0 1
  outer loop
   vertex -0.000695948 -0.00866879 0
   vertex -0.000126812 -0.00792186 0
   vertex -0.000931587 -0.00771028 0
  endloop
 endfacet
 facet normal 0 0 1
  outer loop
   vertex 0.000611255 -0.00814487 0
   vertex -0.000126812 -0.00792186 0
   vertex 0.000188201 -0.00892629 0
  endloop
 endfacet
 facet normal 0 0 1
  outer loop
   vertex 0.00259542 0.00833153 0
   vertex 0.00203402 0.0075461 0
   vertex 0.00278423 0.00753039 0
  endloop
 endfacet
 facet normal 0 0 1
  outer loop
   vertex 0.00203402 0.0075461 0
   vertex 0.00243448 0.00674574 0
   vertex 0.00278423 0.00753039 0
  endloop
 endfacet
 facet normal 0 0 1
  outer loop
   vertex 0.00797781 -0.000827253 0
   vertex 0.00767069 -0.00164951 0
   vertex 0.00864278 -0.00160328 0
  endloop
 endfacet
 facet normal -0 0 1
  outer loop
   vertex 0.00767069 -0.00164951 0
   vertex 0.00841957 -0.00234877 0
   vertex 0.00864278 -0.00160328 0
  endloop
 endfacet
 facet normal -0 0 1
  outer loop
   vertex -0.00619303 0.00622849 0
   vertex -0.00539399 0.00578591 0
   vertex -0.00555137 0.00670908 0
  endloop
 endfacet
 facet normal 0 -0 1
  outer loop
   vertex -0.00539399 0.00578591 0
   vertex -0.00476806 0.00625456 0
   vertex -0.00555137 0.00670908 0
  endloop
 endfacet
 facet normal -0 0 1
  outer loop
   vertex -0.000979782 0.00851894 0
   vertex -0.000481829 0.00759147 0
   vertex -1.6201e-05 0.00868325 0
  endloop
 endfacet
 facet normal 0 0 1
  outer loop
   vertex -1.6201e-05 0.00868325 0
   vertex -0.000481829 0.00759147 0
   vertex 0.000376982 0.00760834 0
  endloop
 endfacet
 facet normal 0 0 1
  outer loop
   vertex -0.00132737 0.00754397 0
   vertex -0.000481829 0.00759147 0
   vertex -0.000979782 0.00851894 0
  endloop
 endfacet
 facet normal -0 0 1
  outer loop
   vertex -0.00892962 0.000351476 0
   vertex -0.00800522 7.61606e-05 0
   vertex -0.00815153 0.000889045 0
  endloop
 endfacet
 facet normal 0 -0 1
  outer loop
   vertex -0.00886908 -0.000415713 0
   vertex -0.00800522 7.61606e-05 0
   vertex -0.00892962 0.000351476 0
  endloop
 endfacet
 facet normal 0 0 1
  outer loop
   vertex 0.00849119 0.00199862 0
   vertex 0.00864172 0.00123411 0
   vertex 0.00948868 0.00178115 0
  endloop
 endfacet
 facet normal 0 -0 1
  outer loop
   vertex -0.00845945 -0.00427603 0
   vertex -0.00775368 -0.00351357 0
   vertex -0.00877377 -0.00355617 0
  endloop
 endfacet
 facet normal 0 0 1
  outer loop
   vertex -0.00775368 -0.00351357 0
   vertex -0.00807062 -0.00278078 0
   vertex -0.00877377 -0.00355617 0
  endloop
 endfacet
 facet normal 0 0 1
  outer loop
   vertex -0.00358586 -0.006956 0
   vertex -0.00441066 -0.00633185 0
   vertex -0.00463191 -0.00734004 0
  endloop
 endfacet
 facet normal 0 0 1
  outer loop
   vertex 0.00793532 -0.00388815 0
   vertex 0.00718373 -0.00324671 0
   vertex 0.00703422 -0.00409753 0
  endloop
 endfacet
 facet normal 0 0 1
  outer loop
   vertex 0.00889318 -0.00379396 0
   vertex 0.00817414 -0.00310595 0
   vertex 0.00793532 -0.00388815 0
  endloop
 endfacet
 facet normal 0 -0 1
  outer loop
   vertex 0.00793532 -0.00388815 0
   vertex 0.00817414 -0.00310595 0
   vertex 0.00718373 -0.00324671 0
  endloop
 endfacet
 facet normal 0 0 1
  outer loop
   vertex 0.00929807 -0.0030324 0
   vertex 0.00817414 -0.00310595 0
   vertex 0.00889318 -0.00379396 0
  endloop
 endfacet
 facet normal 0 0 1
  outer loop
   vertex 0.00576441 0.00680633 0
   vertex 0.00557868 0.0058347 0
   vertex 0.00640973 0.00634064 0
  endloop
 endfacet
 facet normal 0 0 1
  outer loop
   vertex 0.00640973 0.00634064 0
   vertex 0.00557868 0.0058347 0
   vertex 0.00630708 0.00537188 0
  endloop
 endfacet
 facet normal -0 0 1
  outer loop
   vertex 0.00491382 0.00630301 0
   vertex 0.00557868 0.0058347 0
   vertex 0.00576441 0.00680633 0
  endloop
 endfacet
 facet normal 0 -0 1
  outer loop
   vertex 0.000136122 -0.00980818 0
   vertex 0.000188201 -0.00892629 0
   vertex -0.000512521 -0.00957084 0
  endloop
 endfacet
 facet normal 0 0 1
  outer loop
   vertex 0.00196565 0.002985 0
   vertex 0.00166892 0.00185683 0
   vertex 0.00280987 0.00203484 0
  endloop
 endfacet
 facet normal 0 0 1
  outer loop
   vertex -0.00933454 0.00229429 0
   vertex -0.00833885 0.00232944 0
   vertex -0.00912042 0.00299667 0
  endloop
 endfacet
 facet normal 0 -0 1
  outer loop
   vertex -0.00862441 0.001646 0
   vertex -0.00833885 0.00232944 0
   vertex -0.00933454 0.00229429 0
  endloop
 endfacet
 facet normal 0 0 1
  outer loop
   vertex 0.00122374 0.00756881 0
   vertex 0.00159986 0.00668002 0
   vertex 0.00203402 0.0075461 0
  endloop
 endfacet
 facet normal 0 0 1
  outer loop
   vertex 0.00159986 0.00668002 0
   vertex 0.00243448 0.00674574 0
   vertex 0.00203402 0.0075461 0
  endloop
 endfacet
 facet normal -0 0 1
  outer loop
   vertex -0.00684101 0.00573975 0
   vertex -0.00599952 0.00526039 0
   vertex -0.00619303 0.00622849 0
  endloop
 endfacet
 facet normal 0 0 1
  outer loop
   vertex -0.00619303 0.00622849 0
   vertex -0.00599952 0.00526039 0
   vertex -0.00539399 0.00578591 0
  endloop
 endfacet
 facet normal 0 -0 1
  outer loop
   vertex -0.00675386 0.00473796 0
   vertex -0.00599952 0.00526039 0
   vertex -0.00684101 0.00573975 0
  endloop
 endfacet
 facet normal -0 0 1
  outer loop
   vertex 0.00278423 0.00753039 0
   vertex 0.00336831 0.00699952 0
   vertex 0.0034232 0.00810801 0
  endloop
 endfacet
 facet normal 0 0 1
  outer loop
   vertex 0.00336831 0.00699952 0
   vertex 0.00419431 0.0077612 0
   vertex 0.0034232 0.00810801 0
  endloop
 endfacet
 facet normal 0 0 1
  outer loop
   vertex 0.00437126 -0.00739555 0
   vertex 0.00353832 -0.00685768 0
   vertex 0.00378519 -0.00778448 0
  endloop
 endfacet
 facet normal 0 0 1
  outer loop
   vertex 0.00378519 -0.00778448 0
   vertex 0.00353832 -0.00685768 0
   vertex 0.00288178 -0.00734277 0
  endloop
 endfacet
 facet normal 0 0 1
  outer loop
   vertex 0.00419022 -0.00644507 0
   vertex 0.00353832 -0.00685768 0
   vertex 0.00437126 -0.00739555 0
  endloop
 endfacet
 facet normal 0 0 1
  outer loop
   vertex 0.00885423 -0.000272937 0
   vertex 0.00806275 -2.72842e-05 0
   vertex 0.00797781 -0.000827253 0
  endloop
 endfacet
 facet normal 0 0 1
  outer loop
   vertex 0.00864172 0.00123411 0
   vertex 0.00768375 0.00144418 0
   vertex 0.0078174 0.000673019 0
  endloop
 endfacet
 facet normal 0 0 1
  outer loop
   vertex 0.00849119 0.00199862 0
   vertex 0.00768375 0.00144418 0
   vertex 0.00864172 0.00123411 0
  endloop
 endfacet
 facet normal 0 0 1
  outer loop
   vertex 0.00726885 0.00531543 0
   vertex 0.00630708 0.00537188 0
   vertex 0.00671947 0.0045994 0
  endloop
 endfacet
 facet normal 0 0 1
  outer loop
   vertex -0.0052077 -0.00581109 0
   vertex -0.00603118 -0.00518715 0
   vertex -0.00609074 -0.00624607 0
  endloop
 endfacet
 facet normal 0 0 1
  outer loop
   vertex 0.00419431 0.0077612 0
   vertex 0.00336831 0.00699952 0
   vertex 0.0042227 0.00674547 0
  endloop
 endfacet
 facet normal 0 -0 1
  outer loop
   vertex -0.0052077 -0.00581109 0
   vertex -0.00506142 -0.00495119 0
   vertex -0.00603118 -0.00518715 0
  endloop
 endfacet
 facet normal -0 0 1
  outer loop
   vertex -0.00912042 0.00299667 0
   vertex -0.00833885 0.00232944 0
   vertex -0.00821079 0.00307856 0
  endloop
 endfacet
 facet normal 0 0 1
  outer loop
   vertex 0.00700324 -0.00500568 0
   vertex 0.00620173 -0.00437996 0
   vertex 0.00624994 -0.00533632 0
  endloop
 endfacet
 facet normal 0 0 1
  outer loop
   vertex 0.00703422 -0.00409753 0
   vertex 0.00620173 -0.00437996 0
   vertex 0.00700324 -0.00500568 0
  endloop
 endfacet
 facet normal 0 0 1
  outer loop
   vertex 0.00754518 0.00225016 0
   vertex 0.00768375 0.00144418 0
   vertex 0.00849119 0.00199862 0
  endloop
 endfacet
 facet normal 0 0 1
  outer loop
   vertex -0.00603118 -0.00518715 0
   vertex -0.0064083 -0.00428406 0
   vertex -0.00709382 -0.00501945 0
  endloop
 endfacet
 facet normal 0 0 1
  outer loop
   vertex -0.0064083 -0.00428406 0
   vertex -0.00742315 -0.00424545 0
   vertex -0.00709382 -0.00501945 0
  endloop
 endfacet
 facet normal -0 0 1
  outer loop
   vertex -0.00711961 0.00391709 0
   vertex -0.00631285 0.00387951 0
   vertex -0.00675386 0.00473796 0
  endloop
 endfacet
 facet normal 0 0 1
  outer loop
   vertex -0.00807062 -0.00278078 0
   vertex -0.00709705 -0.00276728 0
   vertex -0.00740776 -0.00202742 0
  endloop
 endfacet
 facet normal 0 -0 1
  outer loop
   vertex -0.00775368 -0.00351357 0
   vertex -0.00709705 -0.00276728 0
   vertex -0.00807062 -0.00278078 0
  endloop
 endfacet
 facet normal 0 0 1
  outer loop
   vertex -0.000931587 -0.00771028 0
   vertex -0.0017579 -0.00749356 0
   vertex -0.0015426 -0.00848759 0
  endloop
 endfacet
 facet normal 0 0 1
  outer loop
   vertex -0.0017579 -0.00749356 0
   vertex -0.00236911 -0.00826305 0
   vertex -0.0015426 -0.00848759 0
  endloop
 endfacet
 facet normal 0 -0 1
  outer loop
   vertex -0.00815153 0.000889045 0
   vertex -0.00746941 0.00158001 0
   vertex -0.00862441 0.001646 0
  endloop
 endfacet
 facet normal 0 -0 1
  outer loop
   vertex -0.00881487 -0.0012835 0
   vertex -0.00805268 -0.000680865 0
   vertex -0.00886908 -0.000415713 0
  endloop
 endfacet
 facet normal -0 0 1
  outer loop
   vertex -0.00886908 -0.000415713 0
   vertex -0.00805268 -0.000680865 0
   vertex -0.00800522 7.61606e-05 0
  endloop
 endfacet
 facet normal 0 0 1
  outer loop
   vertex -0.00770927 -0.00130998 0
   vertex -0.00805268 -0.000680865 0
   vertex -0.00881487 -0.0012835 0
  endloop
 endfacet
 facet normal 0 0 1
  outer loop
   vertex 0.00630708 0.00537188 0
   vertex 0.0059507 0.00456192 0
   vertex 0.00671947 0.0045994 0
  endloop
 endfacet
 facet normal 0 0 1
  outer loop
   vertex 0.00553687 -0.00568386 0
   vertex 0.00472362 -0.00508394 0
   vertex 0.00485541 -0.00605577 0
  endloop
 endfacet
 facet normal 0 -0 1
  outer loop
   vertex -0.00321039 -0.00801435 0
   vertex -0.00261625 -0.00723194 0
   vertex -0.00358586 -0.006956 0
  endloop
 endfacet
 facet normal -0 0 1
  outer loop
   vertex -0.00862441 0.001646 0
   vertex -0.00746941 0.00158001 0
   vertex -0.00833885 0.00232944 0
  endloop
 endfacet
 facet normal 0 0 1
  outer loop
   vertex 0.00278423 0.00753039 0
   vertex 0.00243448 0.00674574 0
   vertex 0.00336831 0.00699952 0
  endloop
 endfacet
 facet normal -0 0 1
  outer loop
   vertex -0.00476806 0.00625456 0
   vertex -0.00400957 0.00572369 0
   vertex -0.00412579 0.006637 0
  endloop
 endfacet
 facet normal -0 0 1
  outer loop
   vertex -0.00132737 0.00754397 0
   vertex -0.000953439 0.00659399 0
   vertex -0.000481829 0.00759147 0
  endloop
 endfacet
 facet normal 0 0 1
  outer loop
   vertex -0.00845945 -0.00427603 0
   vertex -0.00742315 -0.00424545 0
   vertex -0.00775368 -0.00351357 0
  endloop
 endfacet
 facet normal 0 0 1
  outer loop
   vertex 0.00929807 -0.0030324 0
   vertex 0.00841957 -0.00234877 0
   vertex 0.00817414 -0.00310595 0
  endloop
 endfacet
 facet normal 0 0 1
  outer loop
   vertex 0.000611255 -0.00814487 0
   vertex 0.000514284 -0.00723324 0
   vertex -0.000126812 -0.00792186 0
  endloop
 endfacet
 facet normal -0 0 1
  outer loop
   vertex -0.00539399 0.00578591 0
   vertex -0.00465254 0.00545375 0
   vertex -0.00476806 0.00625456 0
  endloop
 endfacet
 facet normal 0 -0 1
  outer loop
   vertex -0.00465254 0.00545375 0
   vertex -0.00400957 0.00572369 0
   vertex -0.00476806 0.00625456 0
  endloop
 endfacet
 facet normal 0 -0 1
  outer loop
   vertex -0.00631285 0.00387951 0
   vertex -0.00572019 0.00436614 0
   vertex -0.00675386 0.00473796 0
  endloop
 endfacet
 facet normal 0 0 1
  outer loop
   vertex -0.00572019 0.00436614 0
   vertex -0.00599952 0.00526039 0
   vertex -0.00675386 0.00473796 0
  endloop
 endfacet
 facet normal 0 -0 1
  outer loop
   vertex -0.00800522 7.61606e-05 0
   vertex -0.0071755 0.000598719 0
   vertex -0.00815153 0.000889045 0
  endloop
 endfacet
 facet normal 0 0 1
  outer loop
   vertex 0.00557868 0.0058347 0
   vertex 0.00536466 0.00493054 0
   vertex 0.00630708 0.00537188 0
  endloop
 endfacet
 facet normal -0 0 1
  outer loop
   vertex 0.00536466 0.00493054 0
   vertex 0.0059507 0.00456192 0
   vertex 0.00630708 0.00537188 0
  endloop
 endfacet
 facet normal 0 0 1
  outer loop
   vertex 0.00128331 -0.00778353 0
   vertex 0.000514284 -0.00723324 0
   vertex 0.000611255 -0.00814487 0
  endloop
 endfacet
 facet normal 0 0 1
  outer loop
   vertex 0.00122374 0.00756881 0
   vertex 0.000764219 0.00665486 0
   vertex 0.00159986 0.00668002 0
  endloop
 endfacet
 facet normal 0 0 1
  outer loop
   vertex 0.000376982 0.00760834 0
   vertex 0.000764219 0.00665486 0
   vertex 0.00122374 0.00756881 0
  endloop
 endfacet
 facet normal -0 0 1
  outer loop
   vertex -0.00741951 0.00324065 0
   vertex -0.00650783 0.00303417 0
   vertex -0.00711961 0.00391709 0
  endloop
 endfacet
 facet normal 0 -0 1
  outer loop
   vertex -0.00650783 0.00303417 0
   vertex -0.00631285 0.00387951 0
   vertex -0.00711961 0.00391709 0
  endloop
 endfacet
 facet normal 0 0 1
  outer loop
   vertex -0.000126812 -0.00792186 0
   vertex -0.00031803 -0.0069653 0
   vertex -0.000931587 -0.00771028 0
  endloop
 endfacet
 facet normal 0 0 1
  outer loop
   vertex 0.000514284 -0.00723324 0
   vertex -0.00031803 -0.0069653 0
   vertex -0.000126812 -0.00792186 0
  endloop
 endfacet
 facet normal 0 0 1
  outer loop
   vertex -0.0071755 0.000598719 0
   vertex -0.00746941 0.00158001 0
   vertex -0.00815153 0.000889045 0
  endloop
 endfacet
 facet normal 0 -0 1
  outer loop
   vertex -0.00303272 -0.00902084 0
   vertex -0.00236911 -0.00826305 0
   vertex -0.00321039 -0.00801435 0
  endloop
 endfacet
 facet normal 0 0 1
  outer loop
   vertex -0.00506142 -0.00495119 0
   vertex -0.00542031 -0.00423937 0
   vertex -0.00603118 -0.00518715 0
  endloop
 endfacet
 facet normal 0 0 1
  outer loop
   vertex -0.00542031 -0.00423937 0
   vertex -0.0064083 -0.00428406 0
   vertex -0.00603118 -0.00518715 0
  endloop
 endfacet
 facet normal 0 -0 1
  outer loop
   vertex -0.00358586 -0.006956 0
   vertex -0.0035363 -0.00579469 0
   vertex -0.00441066 -0.00633185 0
  endloop
 endfacet
 facet normal -0 0 1
  outer loop
   vertex -0.00343452 0.00697653 0
   vertex -0.00272732 0.0062842 0
   vertex -0.00272564 0.00724307 0
  endloop
 endfacet
 facet normal 0 0 1
  outer loop
   vertex -0.0052077 -0.00581109 0
   vertex -0.00431201 -0.0053183 0
   vertex -0.00506142 -0.00495119 0
  endloop
 endfacet
 facet normal 0 -0 1
  outer loop
   vertex -0.00441066 -0.00633185 0
   vertex -0.00431201 -0.0053183 0
   vertex -0.0052077 -0.00581109 0
  endloop
 endfacet
 facet normal 0 0 1
  outer loop
   vertex -0.00833885 0.00232944 0
   vertex -0.00737403 0.00247232 0
   vertex -0.00821079 0.00307856 0
  endloop
 endfacet
 facet normal 0 0 1
  outer loop
   vertex -0.00737403 0.00247232 0
   vertex -0.00741951 0.00324065 0
   vertex -0.00821079 0.00307856 0
  endloop
 endfacet
 facet normal 0 0 1
  outer loop
   vertex 0.00703422 -0.00409753 0
   vertex 0.00625833 -0.00344585 0
   vertex 0.00620173 -0.00437996 0
  endloop
 endfacet
 facet normal 0 0 1
  outer loop
   vertex 0.00768375 0.00144418 0
   vertex 0.00687945 0.000818141 0
   vertex 0.0078174 0.000673019 0
  endloop
 endfacet
 facet normal 0 0 1
  outer loop
   vertex 0.00336831 0.00699952 0
   vertex 0.0035687 0.00616494 0
   vertex 0.0042227 0.00674547 0
  endloop
 endfacet
 facet normal 0 0 1
  outer loop
   vertex 0.00485541 -0.00605577 0
   vertex 0.0040441 -0.00548342 0
   vertex 0.00419022 -0.00644507 0
  endloop
 endfacet
 facet normal 0 0 1
  outer loop
   vertex 0.00472362 -0.00508394 0
   vertex 0.0040441 -0.00548342 0
   vertex 0.00485541 -0.00605577 0
  endloop
 endfacet
 facet normal 0 0 1
  outer loop
   vertex 0.00262881 -0.00828603 0
   vertex 0.00202607 -0.00752676 0
   vertex 0.00192095 -0.00850743 0
  endloop
 endfacet
 facet normal 0 -0 1
  outer loop
   vertex 0.00192095 -0.00850743 0
   vertex 0.00202607 -0.00752676 0
   vertex 0.00128331 -0.00778353 0
  endloop
 endfacet
 facet normal 0 0 1
  outer loop
   vertex 0.00288178 -0.00734277 0
   vertex 0.00202607 -0.00752676 0
   vertex 0.00262881 -0.00828603 0
  endloop
 endfacet
 facet normal 0 0 1
  outer loop
   vertex 0.0042227 0.00674547 0
   vertex 0.00413294 0.0057362 0
   vertex 0.00491382 0.00630301 0
  endloop
 endfacet
 facet normal -0 0 1
  outer loop
   vertex 0.0035687 0.00616494 0
   vertex 0.00413294 0.0057362 0
   vertex 0.0042227 0.00674547 0
  endloop
 endfacet
 facet normal 0 0 1
  outer loop
   vertex 0.00806275 -2.72842e-05 0
   vertex 0.00704574 -0.000104211 0
   vertex 0.00797781 -0.000827253 0
  endloop
 endfacet
 facet normal 0 0 1
  outer loop
   vertex -0.00031803 -0.0069653 0
   vertex -0.00113494 -0.00679511 0
   vertex -0.000931587 -0.00771028 0
  endloop
 endfacet
 facet normal 0 0 1
  outer loop
   vertex -0.00113494 -0.00679511 0
   vertex -0.0017579 -0.00749356 0
   vertex -0.000931587 -0.00771028 0
  endloop
 endfacet
 facet normal 0 0 1
  outer loop
   vertex 0.00353832 -0.00685768 0
   vertex 0.00272006 -0.00627774 0
   vertex 0.00288178 -0.00734277 0
  endloop
 endfacet
 facet normal 0 0 1
  outer loop
   vertex 0.00754518 0.00225016 0
   vertex 0.00678811 0.00164273 0
   vertex 0.00768375 0.00144418 0
  endloop
 endfacet
 facet normal 0 0 1
  outer loop
   vertex 0.00678811 0.00164273 0
   vertex 0.00687945 0.000818141 0
   vertex 0.00768375 0.00144418 0
  endloop
 endfacet
 facet normal 0 0 1
  outer loop
   vertex 0.00624994 -0.00533632 0
   vertex 0.00544704 -0.00470866 0
   vertex 0.00553687 -0.00568386 0
  endloop
 endfacet
 facet normal 0 0 1
  outer loop
   vertex 0.00544704 -0.00470866 0
   vertex 0.00472362 -0.00508394 0
   vertex 0.00553687 -0.00568386 0
  endloop
 endfacet
 facet normal 0 -0 1
  outer loop
   vertex -0.00709705 -0.00276728 0
   vertex -0.00648009 -0.00202496 0
   vertex -0.00740776 -0.00202742 0
  endloop
 endfacet
 facet normal -0 0 1
  outer loop
   vertex -0.00272564 0.00724307 0
   vertex -0.00188979 0.00660148 0
   vertex -0.00208649 0.00759049 0
  endloop
 endfacet
 facet normal 0 0 1
  outer loop
   vertex -0.00272732 0.0062842 0
   vertex -0.00188979 0.00660148 0
   vertex -0.00272564 0.00724307 0
  endloop
 endfacet
 facet normal 0 -0 1
  outer loop
   vertex -0.00740776 -0.00202742 0
   vertex -0.00673008 -0.00124505 0
   vertex -0.00770927 -0.00130998 0
  endloop
 endfacet
 facet normal 0 0 1
  outer loop
   vertex -0.00648009 -0.00202496 0
   vertex -0.00673008 -0.00124505 0
   vertex -0.00740776 -0.00202742 0
  endloop
 endfacet
 facet normal 0 0 1
  outer loop
   vertex 0.00718373 -0.00324671 0
   vertex 0.00625833 -0.00344585 0
   vertex 0.00703422 -0.00409753 0
  endloop
 endfacet
 facet normal 0 0 1
  outer loop
   vertex -0.00208649 0.00759049 0
   vertex -0.00188979 0.00660148 0
   vertex -0.00132737 0.00754397 0
  endloop
 endfacet
 facet normal 0 0 1
  outer loop
   vertex 0.0078174 0.000673019 0
   vertex 0.00704574 -0.000104211 0
   vertex 0.00806275 -2.72842e-05 0
  endloop
 endfacet
 facet normal 0 0 1
  outer loop
   vertex -0.00461302 0.00218612 0
   vertex -0.00473643 0.00139776 0
   vertex -0.00390037 0.00154965 0
  endloop
 endfacet
 facet normal 0 0 1
  outer loop
   vertex 0.00687945 0.000818141 0
   vertex 0.00704574 -0.000104211 0
   vertex 0.0078174 0.000673019 0
  endloop
 endfacet
 facet normal 0 0 1
  outer loop
   vertex -0.00217562 -0.0093919 0
   vertex -0.00236911 -0.00826305 0
   vertex -0.00303272 -0.00902084 0
  endloop
 endfacet
 facet normal 0 0 1
  outer loop
   vertex 0.00671947 0.0045994 0
   vertex 0.00612697 0.00386465 0
   vertex 0.00702387 0.00386583 0
  endloop
 endfacet
 facet normal -0 0 1
  outer loop
   vertex 0.0059507 0.00456192 0
   vertex 0.00612697 0.00386465 0
   vertex 0.00671947 0.0045994 0
  endloop
 endfacet
 facet normal 0 0 1
  outer loop
   vertex 0.00797781 -0.000827253 0
   vertex 0.00682608 -0.00101888 0
   vertex 0.00767069 -0.00164951 0
  endloop
 endfacet
 facet normal 0 0 1
  outer loop
   vertex 0.00704574 -0.000104211 0
   vertex 0.00682608 -0.00101888 0
   vertex 0.00797781 -0.000827253 0
  endloop
 endfacet
 facet normal 0 0 1
  outer loop
   vertex 0.00742742 0.00311806 0
   vertex 0.00662852 0.00243662 0
   vertex 0.00754518 0.00225016 0
  endloop
 endfacet
 facet normal 0 0 1
  outer loop
   vertex 0.00662852 0.00243662 0
   vertex 0.00678811 0.00164273 0
   vertex 0.00754518 0.00225016 0
  endloop
 endfacet
 facet normal 0 0 1
  outer loop
   vertex 0.00620173 -0.00437996 0
   vertex 0.00544704 -0.00470866 0
   vertex 0.00624994 -0.00533632 0
  endloop
 endfacet
 facet normal 0 0 1
  outer loop
   vertex 0.0079216 0.00399606 0
   vertex 0.00742742 0.00311806 0
   vertex 0.00832108 0.0034416 0
  endloop
 endfacet
 facet normal -0 0 1
  outer loop
   vertex -0.00349572 -0.00214431 0
   vertex -0.00214806 -0.00219848 0
   vertex -0.00281408 -0.00119243 0
  endloop
 endfacet
 facet normal -0 0 1
  outer loop
   vertex 0.00702387 0.00386583 0
   vertex 0.00742742 0.00311806 0
   vertex 0.0079216 0.00399606 0
  endloop
 endfacet
 facet normal 0 0 1
  outer loop
   vertex -0.00261625 -0.00723194 0
   vertex -0.00274132 -0.0062047 0
   vertex -0.00358586 -0.006956 0
  endloop
 endfacet
 facet normal 0 0 1
  outer loop
   vertex -0.00274132 -0.0062047 0
   vertex -0.0035363 -0.00579469 0
   vertex -0.00358586 -0.006956 0
  endloop
 endfacet
 facet normal 0 -0 1
  outer loop
   vertex -0.00746941 0.00158001 0
   vertex -0.00737403 0.00247232 0
   vertex -0.00833885 0.00232944 0
  endloop
 endfacet
 facet normal 0 0 1
  outer loop
   vertex -0.00132737 0.00754397 0
   vertex -0.00188979 0.00660148 0
   vertex -0.000953439 0.00659399 0
  endloop
 endfacet
 facet normal 0 0 1
  outer loop
   vertex 0.00767069 -0.00164951 0
   vertex 0.00741979 -0.00245005 0
   vertex 0.00841957 -0.00234877 0
  endloop
 endfacet
 facet normal -0 0 1
  outer loop
   vertex 0.00741979 -0.00245005 0
   vertex 0.00817414 -0.00310595 0
   vertex 0.00841957 -0.00234877 0
  endloop
 endfacet
 facet normal -0 0 1
  outer loop
   vertex 0.00159986 0.00668002 0
   vertex 0.00201757 0.00584951 0
   vertex 0.00243448 0.00674574 0
  endloop
 endfacet
 facet normal 0 -0 1
  outer loop
   vertex -0.00742315 -0.00424545 0
   vertex -0.00676438 -0.00351047 0
   vertex -0.00775368 -0.00351357 0
  endloop
 endfacet
 facet normal 0 0 1
  outer loop
   vertex -0.00775368 -0.00351357 0
   vertex -0.00676438 -0.00351047 0
   vertex -0.00709705 -0.00276728 0
  endloop
 endfacet
 facet normal 0 0 1
  outer loop
   vertex -0.0064083 -0.00428406 0
   vertex -0.00676438 -0.00351047 0
   vertex -0.00742315 -0.00424545 0
  endloop
 endfacet
 facet normal -0 0 1
  outer loop
   vertex -0.000481829 0.00759147 0
   vertex -8.31796e-05 0.0066303 0
   vertex 0.000376982 0.00760834 0
  endloop
 endfacet
 facet normal 0 0 1
  outer loop
   vertex 0.000376982 0.00760834 0
   vertex -8.31796e-05 0.0066303 0
   vertex 0.000764219 0.00665486 0
  endloop
 endfacet
 facet normal 0 0 1
  outer loop
   vertex -0.000953439 0.00659399 0
   vertex -8.31796e-05 0.0066303 0
   vertex -0.000481829 0.00759147 0
  endloop
 endfacet
 facet normal -0 0 1
  outer loop
   vertex 0.00243448 0.00674574 0
   vertex 0.00282759 0.00601301 0
   vertex 0.00336831 0.00699952 0
  endloop
 endfacet
 facet normal 0 0 1
  outer loop
   vertex 0.00336831 0.00699952 0
   vertex 0.00282759 0.00601301 0
   vertex 0.0035687 0.00616494 0
  endloop
 endfacet
 facet normal 0 0 1
  outer loop
   vertex 0.00201757 0.00584951 0
   vertex 0.00282759 0.00601301 0
   vertex 0.00243448 0.00674574 0
  endloop
 endfacet
 facet normal -0 0 1
  outer loop
   vertex -0.00272732 0.0062842 0
   vertex -0.0022066 0.0054576 0
   vertex -0.00188979 0.00660148 0
  endloop
 endfacet
 facet normal -0 0 1
  outer loop
   vertex -0.00800522 7.61606e-05 0
   vertex -0.00708557 -0.000404571 0
   vertex -0.0071755 0.000598719 0
  endloop
 endfacet
 facet normal 0 0 1
  outer loop
   vertex -0.00805268 -0.000680865 0
   vertex -0.00708557 -0.000404571 0
   vertex -0.00800522 7.61606e-05 0
  endloop
 endfacet
 facet normal 0 0 1
  outer loop
   vertex 0.00817414 -0.00310595 0
   vertex 0.00741979 -0.00245005 0
   vertex 0.00718373 -0.00324671 0
  endloop
 endfacet
 facet normal 0 0 1
  outer loop
   vertex 0.000514284 -0.00723324 0
   vertex 0.000269388 -0.00621739 0
   vertex -0.00031803 -0.0069653 0
  endloop
 endfacet
 facet normal -0 0 1
  outer loop
   vertex -0.00412579 0.006637 0
   vertex -0.00345605 0.00616811 0
   vertex -0.00343452 0.00697653 0
  endloop
 endfacet
 facet normal 0 0 1
  outer loop
   vertex -0.00343452 0.00697653 0
   vertex -0.00345605 0.00616811 0
   vertex -0.00272732 0.0062842 0
  endloop
 endfacet
 facet normal 0 -0 1
  outer loop
   vertex -0.00400957 0.00572369 0
   vertex -0.00345605 0.00616811 0
   vertex -0.00412579 0.006637 0
  endloop
 endfacet
 facet normal -0 0 1
  outer loop
   vertex -0.00599952 0.00526039 0
   vertex -0.00510088 0.00488417 0
   vertex -0.00539399 0.00578591 0
  endloop
 endfacet
 facet normal 0 0 1
  outer loop
   vertex -0.00539399 0.00578591 0
   vertex -0.00510088 0.00488417 0
   vertex -0.00465254 0.00545375 0
  endloop
 endfacet
 facet normal 0 -0 1
  outer loop
   vertex -0.00572019 0.00436614 0
   vertex -0.00510088 0.00488417 0
   vertex -0.00599952 0.00526039 0
  endloop
 endfacet
 facet normal 0 0 1
  outer loop
   vertex 0.00419022 -0.00644507 0
   vertex 0.00338643 -0.00588669 0
   vertex 0.00353832 -0.00685768 0
  endloop
 endfacet
 facet normal 0 0 1
  outer loop
   vertex 0.00353832 -0.00685768 0
   vertex 0.00338643 -0.00588669 0
   vertex 0.00272006 -0.00627774 0
  endloop
 endfacet
 facet normal 0 0 1
  outer loop
   vertex 0.0040441 -0.00548342 0
   vertex 0.00338643 -0.00588669 0
   vertex 0.00419022 -0.00644507 0
  endloop
 endfacet
 facet normal 0 0 1
  outer loop
   vertex 0.00544704 -0.00470866 0
   vertex 0.00462918 -0.00408737 0
   vertex 0.00472362 -0.00508394 0
  endloop
 endfacet
 facet normal -0 0 1
  outer loop
   vertex -0.00321039 -0.00801435 0
   vertex -0.00236911 -0.00826305 0
   vertex -0.00261625 -0.00723194 0
  endloop
 endfacet
 facet normal 0 0 1
  outer loop
   vertex -0.00188979 0.00660148 0
   vertex -0.00135217 0.0055934 0
   vertex -0.000953439 0.00659399 0
  endloop
 endfacet
 facet normal 0 0 1
  outer loop
   vertex -0.0022066 0.0054576 0
   vertex -0.00135217 0.0055934 0
   vertex -0.00188979 0.00660148 0
  endloop
 endfacet
 facet normal 0 0 1
  outer loop
   vertex 0.00620173 -0.00437996 0
   vertex 0.00540584 -0.00371816 0
   vertex 0.00544704 -0.00470866 0
  endloop
 endfacet
 facet normal 0 0 1
  outer loop
   vertex 0.00540584 -0.00371816 0
   vertex 0.00462918 -0.00408737 0
   vertex 0.00544704 -0.00470866 0
  endloop
 endfacet
 facet normal 0 0 1
  outer loop
   vertex 0.00625833 -0.00344585 0
   vertex 0.00540584 -0.00371816 0
   vertex 0.00620173 -0.00437996 0
  endloop
 endfacet
 facet normal 0 0 1
  outer loop
   vertex -0.0035363 -0.00579469 0
   vertex -0.00431201 -0.0053183 0
   vertex -0.00441066 -0.00633185 0
  endloop
 endfacet
 facet normal 0 0 1
  outer loop
   vertex -0.0017579 -0.00749356 0
   vertex -0.00261625 -0.00723194 0
   vertex -0.00236911 -0.00826305 0
  endloop
 endfacet
 facet normal 0 0 1
  outer loop
   vertex 0.00678811 0.00164273 0
   vertex 0.00596505 0.00113081 0
   vertex 0.00687945 0.000818141 0
  endloop
 endfacet
 facet normal -0 0 1
  outer loop
   vertex -0.00709705 -0.00276728 0
   vertex -0.00617159 -0.00276974 0
   vertex -0.00648009 -0.00202496 0
  endloop
 endfacet
 facet normal 0 -0 1
  outer loop
   vertex -0.00676438 -0.00351047 0
   vertex -0.00617159 -0.00276974 0
   vertex -0.00709705 -0.00276728 0
  endloop
 endfacet
 facet normal 0 0 1
  outer loop
   vertex 0.00272006 -0.00627774 0
   vertex 0.00210782 -0.00665973 0
   vertex 0.00288178 -0.00734277 0
  endloop
 endfacet
 facet normal 0 0 1
  outer loop
   vertex 0.00428474 0.000209717 0
   vertex 0.00341388 0.000895647 0
   vertex 0.00341078 -0.000250836 0
  endloop
 endfacet
 facet normal 0 -0 1
  outer loop
   vertex -0.0071755 0.000598719 0
   vertex -0.00635312 0.00117544 0
   vertex -0.00746941 0.00158001 0
  endloop
 endfacet
 facet normal 0 0 1
  outer loop
   vertex 0.00128331 -0.00778353 0
   vertex 0.0012342 -0.00663178 0
   vertex 0.000514284 -0.00723324 0
  endloop
 endfacet
 facet normal 0 0 1
  outer loop
   vertex 0.00718373 -0.00324671 0
   vertex 0.00641842 -0.00256264 0
   vertex 0.00625833 -0.00344585 0
  endloop
 endfacet
 facet normal 0 0 1
  outer loop
   vertex -0.0017579 -0.00749356 0
   vertex -0.00194989 -0.006547 0
   vertex -0.00261625 -0.00723194 0
  endloop
 endfacet
 facet normal 0 -0 1
  outer loop
   vertex -0.00261625 -0.00723194 0
   vertex -0.00194989 -0.006547 0
   vertex -0.00274132 -0.0062047 0
  endloop
 endfacet
 facet normal 0 0 1
  outer loop
   vertex -0.00113494 -0.00679511 0
   vertex -0.00194989 -0.006547 0
   vertex -0.0017579 -0.00749356 0
  endloop
 endfacet
 facet normal 0 -0 1
  outer loop
   vertex -0.0064083 -0.00428406 0
   vertex -0.00579942 -0.00349111 0
   vertex -0.00676438 -0.00351047 0
  endloop
 endfacet
 facet normal 0 0 1
  outer loop
   vertex -0.00676438 -0.00351047 0
   vertex -0.00579942 -0.00349111 0
   vertex -0.00617159 -0.00276974 0
  endloop
 endfacet
 facet normal 0 0 1
  outer loop
   vertex -0.00542031 -0.00423937 0
   vertex -0.00579942 -0.00349111 0
   vertex -0.0064083 -0.00428406 0
  endloop
 endfacet
 facet normal 0 0 1
  outer loop
   vertex 0.00767069 -0.00164951 0
   vertex 0.00677409 -0.00183404 0
   vertex 0.00741979 -0.00245005 0
  endloop
 endfacet
 facet normal 0 0 1
  outer loop
   vertex 0.00682608 -0.00101888 0
   vertex 0.00677409 -0.00183404 0
   vertex 0.00767069 -0.00164951 0
  endloop
 endfacet
 facet normal 0 0 1
  outer loop
   vertex 0.00159986 0.00668002 0
   vertex 0.00118645 0.00575717 0
   vertex 0.00201757 0.00584951 0
  endloop
 endfacet
 facet normal -0 0 1
  outer loop
   vertex 0.000764219 0.00665486 0
   vertex 0.00118645 0.00575717 0
   vertex 0.00159986 0.00668002 0
  endloop
 endfacet
 facet normal 0 -0 1
  outer loop
   vertex 0.00202607 -0.00752676 0
   vertex 0.00210782 -0.00665973 0
   vertex 0.0012342 -0.00663178 0
  endloop
 endfacet
 facet normal 0 0 1
  outer loop
   vertex 0.00338643 -0.00588669 0
   vertex 0.00258269 -0.00535137 0
   vertex 0.00272006 -0.00627774 0
  endloop
 endfacet
 facet normal -0 0 1
  outer loop
   vertex 0.00282759 0.00601301 0
   vertex 0.00332158 0.00532018 0
   vertex 0.0035687 0.00616494 0
  endloop
 endfacet
 facet normal 0 0 1
  outer loop
   vertex 0.00491382 0.00630301 0
   vertex 0.00473478 0.00531548 0
   vertex 0.00557868 0.0058347 0
  endloop
 endfacet
 facet normal 0 0 1
  outer loop
   vertex 0.00557868 0.0058347 0
   vertex 0.00473478 0.00531548 0
   vertex 0.00536466 0.00493054 0
  endloop
 endfacet
 facet normal -0 0 1
  outer loop
   vertex 0.00413294 0.0057362 0
   vertex 0.00473478 0.00531548 0
   vertex 0.00491382 0.00630301 0
  endloop
 endfacet
 facet normal 0 -0 1
  outer loop
   vertex -0.00708557 -0.000404571 0
   vertex -0.00617504 0.000272639 0
   vertex -0.0071755 0.000598719 0
  endloop
 endfacet
 facet normal -0 0 1
  outer loop
   vertex -0.00465254 0.00545375 0
   vertex -0.00410689 0.00474239 0
   vertex -0.00400957 0.00572369 0
  endloop
 endfacet
 facet normal -0 0 1
  outer loop
   vertex -0.00631285 0.00387951 0
   vertex -0.00554506 0.00345538 0
   vertex -0.00572019 0.00436614 0
  endloop
 endfacet
 facet normal -0 0 1
  outer loop
   vertex -0.00400957 0.00572369 0
   vertex -0.0031485 0.00529293 0
   vertex -0.00345605 0.00616811 0
  endloop
 endfacet
 facet normal 0 0 1
  outer loop
   vertex -0.00410689 0.00474239 0
   vertex -0.0031485 0.00529293 0
   vertex -0.00400957 0.00572369 0
  endloop
 endfacet
 facet normal 0 -0 1
  outer loop
   vertex 0.000514284 -0.00723324 0
   vertex 0.0012342 -0.00663178 0
   vertex 0.000269388 -0.00621739 0
  endloop
 endfacet
 facet normal 0 0 1
  outer loop
   vertex 0.00536466 0.00493054 0
   vertex 0.00529069 0.00403859 0
   vertex 0.0059507 0.00456192 0
  endloop
 endfacet
 facet normal 0 0 1
  outer loop
   vertex 0.00472362 -0.00508394 0
   vertex 0.0039226 -0.00450651 0
   vertex 0.0040441 -0.00548342 0
  endloop
 endfacet
 facet normal 0 0 1
  outer loop
   vertex 0.00462918 -0.00408737 0
   vertex 0.0039226 -0.00450651 0
   vertex 0.00472362 -0.00508394 0
  endloop
 endfacet
 facet normal 0 -0 1
  outer loop
   vertex -0.00506142 -0.00495119 0
   vertex -0.00434864 -0.00425226 0
   vertex -0.00542031 -0.00423937 0
  endloop
 endfacet
 facet normal 0 0 1
  outer loop
   vertex -0.00631285 0.00387951 0
   vertex -0.00650783 0.00303417 0
   vertex -0.00554506 0.00345538 0
  endloop
 endfacet
 facet normal 0 0 1
  outer loop
   vertex -0.00746941 0.00158001 0
   vertex -0.00644511 0.00207809 0
   vertex -0.00737403 0.00247232 0
  endloop
 endfacet
 facet normal 0 0 1
  outer loop
   vertex 0.00596505 0.00113081 0
   vertex 0.00602523 0.00029186 0
   vertex 0.00687945 0.000818141 0
  endloop
 endfacet
 facet normal -0 0 1
  outer loop
   vertex 0.00602523 0.00029186 0
   vertex 0.00704574 -0.000104211 0
   vertex 0.00687945 0.000818141 0
  endloop
 endfacet
 facet normal 0 0 1
  outer loop
   vertex -0.00673008 -0.00124505 0
   vertex -0.00708557 -0.000404571 0
   vertex -0.00770927 -0.00130998 0
  endloop
 endfacet
 facet normal 0 0 1
  outer loop
   vertex -0.00431201 -0.0053183 0
   vertex -0.00434864 -0.00425226 0
   vertex -0.00506142 -0.00495119 0
  endloop
 endfacet
 facet normal 0 -0 1
  outer loop
   vertex -0.0035363 -0.00579469 0
   vertex -0.0034993 -0.00477374 0
   vertex -0.00431201 -0.0053183 0
  endloop
 endfacet
 facet normal 0 0 1
  outer loop
   vertex 0.000269388 -0.00621739 0
   vertex -0.000583517 -0.00602697 0
   vertex -0.00031803 -0.0069653 0
  endloop
 endfacet
 facet normal 0 0 1
  outer loop
   vertex -0.000583517 -0.00602697 0
   vertex -0.00113494 -0.00679511 0
   vertex -0.00031803 -0.0069653 0
  endloop
 endfacet
 facet normal 0 0 1
  outer loop
   vertex -0.00617504 0.000272639 0
   vertex -0.00635312 0.00117544 0
   vertex -0.0071755 0.000598719 0
  endloop
 endfacet
 facet normal 0 0 1
  outer loop
   vertex 0.00662852 0.00243662 0
   vertex 0.00599156 0.00186753 0
   vertex 0.00678811 0.00164273 0
  endloop
 endfacet
 facet normal 0 0 1
  outer loop
   vertex 0.00599156 0.00186753 0
   vertex 0.00596505 0.00113081 0
   vertex 0.00678811 0.00164273 0
  endloop
 endfacet
 facet normal 0 -0 1
  outer loop
   vertex 0.00718373 -0.00324671 0
   vertex 0.00741979 -0.00245005 0
   vertex 0.00641842 -0.00256264 0
  endloop
 endfacet
 facet normal 0 0 1
  outer loop
   vertex 0.0059507 0.00456192 0
   vertex 0.00529069 0.00403859 0
   vertex 0.00612697 0.00386465 0
  endloop
 endfacet
 facet normal 0 -0 1
  outer loop
   vertex -0.00737403 0.00247232 0
   vertex -0.00650783 0.00303417 0
   vertex -0.00741951 0.00324065 0
  endloop
 endfacet
 facet normal -0 0 1
  outer loop
   vertex -0.000953439 0.00659399 0
   vertex -0.000496654 0.0056554 0
   vertex -8.31796e-05 0.0066303 0
  endloop
 endfacet
 facet normal 0 0 1
  outer loop
   vertex -0.00135217 0.0055934 0
   vertex -0.000496654 0.0056554 0
   vertex -0.000953439 0.00659399 0
  endloop
 endfacet
 facet normal 0 0 1
  outer loop
   vertex 0.0035687 0.00616494 0
   vertex 0.00332158 0.00532018 0
   vertex 0.00413294 0.0057362 0
  endloop
 endfacet
 facet normal 0 0 1
  outer loop
   vertex 0.00625833 -0.00344585 0
   vertex 0.00548075 -0.00270652 0
   vertex 0.00540584 -0.00371816 0
  endloop
 endfacet
 facet normal 0 -0 1
  outer loop
   vertex -0.00617159 -0.00276974 0
   vertex -0.00565849 -0.00212094 0
   vertex -0.00648009 -0.00202496 0
  endloop
 endfacet
 facet normal 0 0 1
  outer loop
   vertex 0.00184359 -0.00277763 0
   vertex 0.000811668 -0.00231704 0
   vertex 0.000937728 -0.00345333 0
  endloop
 endfacet
 facet normal 0 0 1
  outer loop
   vertex 0.00602523 0.00029186 0
   vertex 0.00590811 -0.000619311 0
   vertex 0.00704574 -0.000104211 0
  endloop
 endfacet
 facet normal 0 -0 1
  outer loop
   vertex -0.00648009 -0.00202496 0
   vertex -0.00572979 -0.00137255 0
   vertex -0.00673008 -0.00124505 0
  endloop
 endfacet
 facet normal 0 0 1
  outer loop
   vertex -0.00565849 -0.00212094 0
   vertex -0.00572979 -0.00137255 0
   vertex -0.00648009 -0.00202496 0
  endloop
 endfacet
 facet normal 0 0 1
  outer loop
   vertex 0.00704574 -0.000104211 0
   vertex 0.00590811 -0.000619311 0
   vertex 0.00682608 -0.00101888 0
  endloop
 endfacet
 facet normal 0 0 1
  outer loop
   vertex -0.00635312 0.00117544 0
   vertex -0.00644511 0.00207809 0
   vertex -0.00746941 0.00158001 0
  endloop
 endfacet
 facet normal 0 -0 1
  outer loop
   vertex -0.00274132 -0.0062047 0
   vertex -0.0027059 -0.00516263 0
   vertex -0.0035363 -0.00579469 0
  endloop
 endfacet
 facet normal 0 0 1
  outer loop
   vertex -0.0027059 -0.00516263 0
   vertex -0.0034993 -0.00477374 0
   vertex -0.0035363 -0.00579469 0
  endloop
 endfacet
 facet normal -0 0 1
  outer loop
   vertex -0.00737403 0.00247232 0
   vertex -0.00644511 0.00207809 0
   vertex -0.00650783 0.00303417 0
  endloop
 endfacet
 facet normal 0 0 1
  outer loop
   vertex 0.00641842 -0.00256264 0
   vertex 0.00548075 -0.00270652 0
   vertex 0.00625833 -0.00344585 0
  endloop
 endfacet
 facet normal 0 0 1
  outer loop
   vertex 0.00210782 -0.00665973 0
   vertex 0.00173893 -0.00569063 0
   vertex 0.0012342 -0.00663178 0
  endloop
 endfacet
 facet normal 0 0 1
  outer loop
   vertex 0.00258269 -0.00535137 0
   vertex 0.00173893 -0.00569063 0
   vertex 0.00272006 -0.00627774 0
  endloop
 endfacet
 facet normal 0 0 1
  outer loop
   vertex 0.00548075 -0.00270652 0
   vertex 0.00458494 -0.00305369 0
   vertex 0.00540584 -0.00371816 0
  endloop
 endfacet
 facet normal 0 0 1
  outer loop
   vertex 0.0040441 -0.00548342 0
   vertex 0.00326384 -0.00493236 0
   vertex 0.00338643 -0.00588669 0
  endloop
 endfacet
 facet normal 0 0 1
  outer loop
   vertex 0.00338643 -0.00588669 0
   vertex 0.00326384 -0.00493236 0
   vertex 0.00258269 -0.00535137 0
  endloop
 endfacet
 facet normal 0 0 1
  outer loop
   vertex 0.0039226 -0.00450651 0
   vertex 0.00326384 -0.00493236 0
   vertex 0.0040441 -0.00548342 0
  endloop
 endfacet
 facet normal 0 0 1
  outer loop
   vertex 0.000937728 -0.00345333 0
   vertex -2.31004e-05 -0.00309878 0
   vertex 0.000266225 -0.00425858 0
  endloop
 endfacet
 facet normal -0 0 1
  outer loop
   vertex -0.00510088 0.00488417 0
   vertex -0.00410689 0.00474239 0
   vertex -0.00465254 0.00545375 0
  endloop
 endfacet
 facet normal 0 0 1
  outer loop
   vertex 0.0012342 -0.00663178 0
   vertex 0.000752009 -0.00540699 0
   vertex 0.000269388 -0.00621739 0
  endloop
 endfacet
 facet normal 0 0 1
  outer loop
   vertex 0.00173893 -0.00569063 0
   vertex 0.000752009 -0.00540699 0
   vertex 0.0012342 -0.00663178 0
  endloop
 endfacet
 facet normal 0 -0 1
  outer loop
   vertex -0.00554506 0.00345538 0
   vertex -0.00479132 0.00401499 0
   vertex -0.00572019 0.00436614 0
  endloop
 endfacet
 facet normal 0 0 1
  outer loop
   vertex -0.00479132 0.00401499 0
   vertex -0.00510088 0.00488417 0
   vertex -0.00572019 0.00436614 0
  endloop
 endfacet
 facet normal 0 0 1
  outer loop
   vertex 0.00536466 0.00493054 0
   vertex 0.00457374 0.00436574 0
   vertex 0.00529069 0.00403859 0
  endloop
 endfacet
 facet normal 0 0 1
  outer loop
   vertex 0.00473478 0.00531548 0
   vertex 0.00457374 0.00436574 0
   vertex 0.00536466 0.00493054 0
  endloop
 endfacet
 facet normal 0 0 1
  outer loop
   vertex -0.0034993 -0.00477374 0
   vertex -0.00434864 -0.00425226 0
   vertex -0.00431201 -0.0053183 0
  endloop
 endfacet
 facet normal -0 0 1
  outer loop
   vertex 0.00201757 0.00584951 0
   vertex 0.00249917 0.00506602 0
   vertex 0.00282759 0.00601301 0
  endloop
 endfacet
 facet normal 0 0 1
  outer loop
   vertex 0.00249917 0.00506602 0
   vertex 0.00332158 0.00532018 0
   vertex 0.00282759 0.00601301 0
  endloop
 endfacet
 facet normal -0 0 1
  outer loop
   vertex -0.00345605 0.00616811 0
   vertex -0.0031485 0.00529293 0
   vertex -0.00272732 0.0062842 0
  endloop
 endfacet
 facet normal 0 0 1
  outer loop
   vertex -0.00272732 0.0062842 0
   vertex -0.0031485 0.00529293 0
   vertex -0.0022066 0.0054576 0
  endloop
 endfacet
 facet normal 0 0 1
  outer loop
   vertex 0.000266225 -0.00425858 0
   vertex -2.31004e-05 -0.00309878 0
   vertex -0.000815789 -0.00403292 0
  endloop
 endfacet
 facet normal -0 0 1
  outer loop
   vertex -0.00650783 0.00303417 0
   vertex -0.00553334 0.00257857 0
   vertex -0.00554506 0.00345538 0
  endloop
 endfacet
 facet normal -0 0 1
  outer loop
   vertex 0.00612697 0.00386465 0
   vertex 0.00636817 0.00314986 0
   vertex 0.00702387 0.00386583 0
  endloop
 endfacet
 facet normal 0 0 1
  outer loop
   vertex 0.00540584 -0.00371816 0
   vertex 0.00458494 -0.00305369 0
   vertex 0.00462918 -0.00408737 0
  endloop
 endfacet
 facet normal 0 -0 1
  outer loop
   vertex -0.00673008 -0.00124505 0
   vertex -0.00594572 -0.000569976 0
   vertex -0.00708557 -0.000404571 0
  endloop
 endfacet
 facet normal -0 0 1
  outer loop
   vertex -0.00708557 -0.000404571 0
   vertex -0.00594572 -0.000569976 0
   vertex -0.00617504 0.000272639 0
  endloop
 endfacet
 facet normal 0 0 1
  outer loop
   vertex -0.00572979 -0.00137255 0
   vertex -0.00594572 -0.000569976 0
   vertex -0.00673008 -0.00124505 0
  endloop
 endfacet
 facet normal -0 0 1
  outer loop
   vertex -8.31796e-05 0.0066303 0
   vertex 0.000347157 0.0057031 0
   vertex 0.000764219 0.00665486 0
  endloop
 endfacet
 facet normal 0 0 1
  outer loop
   vertex 0.000764219 0.00665486 0
   vertex 0.000347157 0.0057031 0
   vertex 0.00118645 0.00575717 0
  endloop
 endfacet
 facet normal 0 0 1
  outer loop
   vertex -0.000496654 0.0056554 0
   vertex 0.000347157 0.0057031 0
   vertex -8.31796e-05 0.0066303 0
  endloop
 endfacet
 facet normal -0 0 1
  outer loop
   vertex -0.0022066 0.0054576 0
   vertex -0.00167217 0.00457236 0
   vertex -0.00135217 0.0055934 0
  endloop
 endfacet
 facet normal 0 0 1
  outer loop
   vertex 0.00641842 -0.00256264 0
   vertex 0.00574939 -0.00162837 0
   vertex 0.00548075 -0.00270652 0
  endloop
 endfacet
 facet normal 0 -0 1
  outer loop
   vertex -0.00770927 -0.00130998 0
   vertex -0.00708557 -0.000404571 0
   vertex -0.00805268 -0.000680865 0
  endloop
 endfacet
 facet normal 0 -0 1
  outer loop
   vertex -0.00644511 0.00207809 0
   vertex -0.00553334 0.00257857 0
   vertex -0.00650783 0.00303417 0
  endloop
 endfacet
 facet normal 0 0 1
  outer loop
   vertex -0.00434864 -0.00425226 0
   vertex -0.00482955 -0.00344753 0
   vertex -0.00542031 -0.00423937 0
  endloop
 endfacet
 facet normal 0 0 1
  outer loop
   vertex -0.00482955 -0.00344753 0
   vertex -0.00579942 -0.00349111 0
   vertex -0.00542031 -0.00423937 0
  endloop
 endfacet
 facet normal 0 -0 1
  outer loop
   vertex -0.00617504 0.000272639 0
   vertex -0.00539555 0.000858027 0
   vertex -0.00635312 0.00117544 0
  endloop
 endfacet
 facet normal 0 0 1
  outer loop
   vertex 0.00741979 -0.00245005 0
   vertex 0.00677409 -0.00183404 0
   vertex 0.00641842 -0.00256264 0
  endloop
 endfacet
 facet normal 0 0 1
  outer loop
   vertex 0.00590811 -0.000619311 0
   vertex 0.00574939 -0.00162837 0
   vertex 0.00682608 -0.00101888 0
  endloop
 endfacet
 facet normal 0 -0 1
  outer loop
   vertex -0.00635312 0.00117544 0
   vertex -0.00551423 0.00171567 0
   vertex -0.00644511 0.00207809 0
  endloop
 endfacet
 facet normal -0 0 1
  outer loop
   vertex -0.00644511 0.00207809 0
   vertex -0.00551423 0.00171567 0
   vertex -0.00553334 0.00257857 0
  endloop
 endfacet
 facet normal 0 0 1
  outer loop
   vertex -0.00539555 0.000858027 0
   vertex -0.00551423 0.00171567 0
   vertex -0.00635312 0.00117544 0
  endloop
 endfacet
 facet normal 0 0 1
  outer loop
   vertex 0.00132963 0.00389519 0
   vertex 0.00101943 0.00287401 0
   vertex 0.00196565 0.002985 0
  endloop
 endfacet
 facet normal 0 0 1
  outer loop
   vertex 0.00742742 0.00311806 0
   vertex 0.00636817 0.00314986 0
   vertex 0.00662852 0.00243662 0
  endloop
 endfacet
 facet normal 0 0 1
  outer loop
   vertex 0.00258269 -0.00535137 0
   vertex 0.00192526 -0.00479188 0
   vertex 0.00173893 -0.00569063 0
  endloop
 endfacet
 facet normal 0 0 1
  outer loop
   vertex 0.00702387 0.00386583 0
   vertex 0.00636817 0.00314986 0
   vertex 0.00742742 0.00311806 0
  endloop
 endfacet
 facet normal 0 0 1
  outer loop
   vertex 0.00529069 0.00403859 0
   vertex 0.00541016 0.00323367 0
   vertex 0.00612697 0.00386465 0
  endloop
 endfacet
 facet normal -0 0 1
  outer loop
   vertex 0.00541016 0.00323367 0
   vertex 0.00636817 0.00314986 0
   vertex 0.00612697 0.00386465 0
  endloop
 endfacet
 facet normal 0 -0 1
  outer loop
   vertex -0.0034993 -0.00477374 0
   vertex -0.00344513 -0.00390185 0
   vertex -0.00434864 -0.00425226 0
  endloop
 endfacet
 facet normal 0 0 1
  outer loop
   vertex 0.00636817 0.00314986 0
   vertex 0.00564173 0.00249535 0
   vertex 0.00662852 0.00243662 0
  endloop
 endfacet
 facet normal 0 0 1
  outer loop
   vertex 0.00662852 0.00243662 0
   vertex 0.00564173 0.00249535 0
   vertex 0.00599156 0.00186753 0
  endloop
 endfacet
 facet normal 0 0 1
  outer loop
   vertex 0.00541016 0.00323367 0
   vertex 0.00564173 0.00249535 0
   vertex 0.00636817 0.00314986 0
  endloop
 endfacet
 facet normal 0 0 1
  outer loop
   vertex 0.000269388 -0.00621739 0
   vertex -0.000184171 -0.00515684 0
   vertex -0.000583517 -0.00602697 0
  endloop
 endfacet
 facet normal 0 0 1
  outer loop
   vertex 0.000752009 -0.00540699 0
   vertex -0.000184171 -0.00515684 0
   vertex 0.000269388 -0.00621739 0
  endloop
 endfacet
 facet normal 0 -0 1
  outer loop
   vertex -0.00594572 -0.000569976 0
   vertex -0.00514177 3.34716e-05 0
   vertex -0.00617504 0.000272639 0
  endloop
 endfacet
 facet normal 0 0 1
  outer loop
   vertex -0.00514177 3.34716e-05 0
   vertex -0.00539555 0.000858027 0
   vertex -0.00617504 0.000272639 0
  endloop
 endfacet
 facet normal 0 0 1
  outer loop
   vertex 0.00326384 -0.00493236 0
   vertex 0.00252269 -0.00441124 0
   vertex 0.00258269 -0.00535137 0
  endloop
 endfacet
 facet normal 0 0 1
  outer loop
   vertex 0.00252269 -0.00441124 0
   vertex 0.00192526 -0.00479188 0
   vertex 0.00258269 -0.00535137 0
  endloop
 endfacet
 facet normal 0 0 1
  outer loop
   vertex 0.00596505 0.00113081 0
   vertex 0.00513529 0.000734577 0
   vertex 0.00602523 0.00029186 0
  endloop
 endfacet
 facet normal -0 0 1
  outer loop
   vertex -0.00410689 0.00474239 0
   vertex -0.00331517 0.0043461 0
   vertex -0.0031485 0.00529293 0
  endloop
 endfacet
 facet normal 0 0 1
  outer loop
   vertex 0.00173893 -0.00569063 0
   vertex 0.00115411 -0.00457207 0
   vertex 0.000752009 -0.00540699 0
  endloop
 endfacet
 facet normal 0 0 1
  outer loop
   vertex 0.00192526 -0.00479188 0
   vertex 0.00115411 -0.00457207 0
   vertex 0.00173893 -0.00569063 0
  endloop
 endfacet
 facet normal -0 0 1
  outer loop
   vertex -0.00554506 0.00345538 0
   vertex -0.00463048 0.00307667 0
   vertex -0.00479132 0.00401499 0
  endloop
 endfacet
 facet normal 0 -0 1
  outer loop
   vertex -0.00553334 0.00257857 0
   vertex -0.00463048 0.00307667 0
   vertex -0.00554506 0.00345538 0
  endloop
 endfacet
 facet normal 0 0 1
  outer loop
   vertex 0.00462918 -0.00408737 0
   vertex 0.00381004 -0.00349139 0
   vertex 0.0039226 -0.00450651 0
  endloop
 endfacet
 facet normal 0 0 1
  outer loop
   vertex 0.00458494 -0.00305369 0
   vertex 0.00381004 -0.00349139 0
   vertex 0.00462918 -0.00408737 0
  endloop
 endfacet
 facet normal 0 0 1
  outer loop
   vertex 0.00468053 0.00254026 0
   vertex 0.0039303 0.00183727 0
   vertex 0.00506319 0.00166867 0
  endloop
 endfacet
 facet normal 0 -0 1
  outer loop
   vertex -0.00388169 0.00368827 0
   vertex -0.00331517 0.0043461 0
   vertex -0.00410689 0.00474239 0
  endloop
 endfacet
 facet normal 0 0 1
  outer loop
   vertex 0.00457374 0.00436574 0
   vertex 0.00454307 0.00343477 0
   vertex 0.00529069 0.00403859 0
  endloop
 endfacet
 facet normal 0 0 1
  outer loop
   vertex 0.00201757 0.00584951 0
   vertex 0.00165794 0.00489338 0
   vertex 0.00249917 0.00506602 0
  endloop
 endfacet
 facet normal -0 0 1
  outer loop
   vertex 0.00118645 0.00575717 0
   vertex 0.00165794 0.00489338 0
   vertex 0.00201757 0.00584951 0
  endloop
 endfacet
 facet normal 0 0 1
  outer loop
   vertex -0.00167217 0.00457236 0
   vertex -0.000845574 0.00466667 0
   vertex -0.00135217 0.0055934 0
  endloop
 endfacet
 facet normal 0 -0 1
  outer loop
   vertex -0.000845574 0.00466667 0
   vertex -0.000496654 0.0056554 0
   vertex -0.00135217 0.0055934 0
  endloop
 endfacet
 facet normal 0 0 1
  outer loop
   vertex -0.00344513 -0.00390185 0
   vertex -0.00387728 -0.00322515 0
   vertex -0.00434864 -0.00425226 0
  endloop
 endfacet
 facet normal 0 0 1
  outer loop
   vertex -0.00387728 -0.00322515 0
   vertex -0.00482955 -0.00344753 0
   vertex -0.00434864 -0.00425226 0
  endloop
 endfacet
 facet normal 0 0 1
  outer loop
   vertex 0.00529069 0.00403859 0
   vertex 0.00454307 0.00343477 0
   vertex 0.00541016 0.00323367 0
  endloop
 endfacet
 facet normal 0 -0 1
  outer loop
   vertex -0.0027059 -0.00516263 0
   vertex -0.00265283 -0.00415718 0
   vertex -0.0034993 -0.00477374 0
  endloop
 endfacet
 facet normal 0 0 1
  outer loop
   vertex -0.00265283 -0.00415718 0
   vertex -0.00344513 -0.00390185 0
   vertex -0.0034993 -0.00477374 0
  endloop
 endfacet
 facet normal 0 0 1
  outer loop
   vertex 0.00413294 0.0057362 0
   vertex 0.00391166 0.00478558 0
   vertex 0.00473478 0.00531548 0
  endloop
 endfacet
 facet normal -0 0 1
  outer loop
   vertex 0.00391166 0.00478558 0
   vertex 0.00457374 0.00436574 0
   vertex 0.00473478 0.00531548 0
  endloop
 endfacet
 facet normal 0 0 1
  outer loop
   vertex -0.00113494 -0.00679511 0
   vertex -0.0013395 -0.00599209 0
   vertex -0.00194989 -0.006547 0
  endloop
 endfacet
 facet normal 0 0 1
  outer loop
   vertex -0.000583517 -0.00602697 0
   vertex -0.0013395 -0.00599209 0
   vertex -0.00113494 -0.00679511 0
  endloop
 endfacet
 facet normal 0 0 1
  outer loop
   vertex 0.00574939 -0.00162837 0
   vertex 0.00461459 -0.00198285 0
   vertex 0.00548075 -0.00270652 0
  endloop
 endfacet
 facet normal -0 0 1
  outer loop
   vertex 0.00249917 0.00506602 0
   vertex 0.00306926 0.00436369 0
   vertex 0.00332158 0.00532018 0
  endloop
 endfacet
 facet normal 0 0 1
  outer loop
   vertex 0.00461459 -0.00198285 0
   vertex 0.00458494 -0.00305369 0
   vertex 0.00548075 -0.00270652 0
  endloop
 endfacet
 facet normal 0 0 1
  outer loop
   vertex 0.00602523 0.00029186 0
   vertex 0.00516851 -7.29193e-05 0
   vertex 0.00590811 -0.000619311 0
  endloop
 endfacet
 facet normal 0 0 1
  outer loop
   vertex 0.00513529 0.000734577 0
   vertex 0.00516851 -7.29193e-05 0
   vertex 0.00602523 0.00029186 0
  endloop
 endfacet
 facet normal 0 -0 1
  outer loop
   vertex 0.00128331 -0.00778353 0
   vertex 0.00202607 -0.00752676 0
   vertex 0.0012342 -0.00663178 0
  endloop
 endfacet
 facet normal 0 0 1
  outer loop
   vertex -0.00617159 -0.00276974 0
   vertex -0.00524953 -0.00272174 0
   vertex -0.00565849 -0.00212094 0
  endloop
 endfacet
 facet normal 0 0 1
  outer loop
   vertex 0.00590811 -0.000619311 0
   vertex 0.00464045 -0.000870206 0
   vertex 0.00574939 -0.00162837 0
  endloop
 endfacet
 facet normal 0 0 1
  outer loop
   vertex 0.00574939 -0.00162837 0
   vertex 0.00464045 -0.000870206 0
   vertex 0.00461459 -0.00198285 0
  endloop
 endfacet
 facet normal 0 0 1
  outer loop
   vertex 0.00516851 -7.29193e-05 0
   vertex 0.00464045 -0.000870206 0
   vertex 0.00590811 -0.000619311 0
  endloop
 endfacet
 facet normal 0 -0 1
  outer loop
   vertex -0.00565849 -0.00212094 0
   vertex -0.00473585 -0.00179342 0
   vertex -0.00572979 -0.00137255 0
  endloop
 endfacet
 facet normal 0 0 1
  outer loop
   vertex 0.00599156 0.00186753 0
   vertex 0.00506319 0.00166867 0
   vertex 0.00596505 0.00113081 0
  endloop
 endfacet
 facet normal 0 0 1
  outer loop
   vertex 0.00506319 0.00166867 0
   vertex 0.00513529 0.000734577 0
   vertex 0.00596505 0.00113081 0
  endloop
 endfacet
 facet normal 0 0 1
  outer loop
   vertex 0.00413294 0.0057362 0
   vertex 0.00332158 0.00532018 0
   vertex 0.00391166 0.00478558 0
  endloop
 endfacet
 facet normal -0 0 1
  outer loop
   vertex -0.00565849 -0.00212094 0
   vertex -0.00524953 -0.00272174 0
   vertex -0.00473585 -0.00179342 0
  endloop
 endfacet
 facet normal 0 0 1
  outer loop
   vertex 0.00306926 0.00436369 0
   vertex 0.00391166 0.00478558 0
   vertex 0.00332158 0.00532018 0
  endloop
 endfacet
 facet normal 0 0 1
  outer loop
   vertex -0.00194989 -0.006547 0
   vertex -0.00196903 -0.00556225 0
   vertex -0.00274132 -0.0062047 0
  endloop
 endfacet
 facet normal 0 0 1
  outer loop
   vertex -0.00274132 -0.0062047 0
   vertex -0.00196903 -0.00556225 0
   vertex -0.0027059 -0.00516263 0
  endloop
 endfacet
 facet normal 0 0 1
  outer loop
   vertex -0.0013395 -0.00599209 0
   vertex -0.00196903 -0.00556225 0
   vertex -0.00194989 -0.006547 0
  endloop
 endfacet
 facet normal 0 0 1
  outer loop
   vertex -0.00510088 0.00488417 0
   vertex -0.00479132 0.00401499 0
   vertex -0.00410689 0.00474239 0
  endloop
 endfacet
 facet normal 0 0 1
  outer loop
   vertex -0.0022066 0.0054576 0
   vertex -0.0025094 0.00446408 0
   vertex -0.00167217 0.00457236 0
  endloop
 endfacet
 facet normal 0 0 1
  outer loop
   vertex 0.00173893 -0.00569063 0
   vertex 0.00210782 -0.00665973 0
   vertex 0.00272006 -0.00627774 0
  endloop
 endfacet
 facet normal 0 0 1
  outer loop
   vertex -0.00331517 0.0043461 0
   vertex -0.0025094 0.00446408 0
   vertex -0.0031485 0.00529293 0
  endloop
 endfacet
 facet normal 0 0 1
  outer loop
   vertex 0.00210782 -0.00665973 0
   vertex 0.00202607 -0.00752676 0
   vertex 0.00288178 -0.00734277 0
  endloop
 endfacet
 facet normal -0 0 1
  outer loop
   vertex -0.00553334 0.00257857 0
   vertex -0.00461302 0.00218612 0
   vertex -0.00463048 0.00307667 0
  endloop
 endfacet
 facet normal 0 -0 1
  outer loop
   vertex -0.00551423 0.00171567 0
   vertex -0.00461302 0.00218612 0
   vertex -0.00553334 0.00257857 0
  endloop
 endfacet
 facet normal -0 0 1
  outer loop
   vertex -0.00479132 0.00401499 0
   vertex -0.00388169 0.00368827 0
   vertex -0.00410689 0.00474239 0
  endloop
 endfacet
 facet normal 0 0 1
  outer loop
   vertex 0.00457374 0.00436574 0
   vertex 0.00376178 0.00381663 0
   vertex 0.00454307 0.00343477 0
  endloop
 endfacet
 facet normal 0 0 1
  outer loop
   vertex 0.00391166 0.00478558 0
   vertex 0.00376178 0.00381663 0
   vertex 0.00457374 0.00436574 0
  endloop
 endfacet
 facet normal 0 0 1
  outer loop
   vertex 0.00249917 0.00506602 0
   vertex 0.00220913 0.00406569 0
   vertex 0.00306926 0.00436369 0
  endloop
 endfacet
 facet normal -0 0 1
  outer loop
   vertex 0.00165794 0.00489338 0
   vertex 0.00220913 0.00406569 0
   vertex 0.00249917 0.00506602 0
  endloop
 endfacet
 facet normal 0 0 1
  outer loop
   vertex -0.00482955 -0.00344753 0
   vertex -0.00524953 -0.00272174 0
   vertex -0.00579942 -0.00349111 0
  endloop
 endfacet
 facet normal 0 -0 1
  outer loop
   vertex -0.00572979 -0.00137255 0
   vertex -0.00489509 -0.000827035 0
   vertex -0.00594572 -0.000569976 0
  endloop
 endfacet
 facet normal 0 0 1
  outer loop
   vertex -0.00473585 -0.00179342 0
   vertex -0.00489509 -0.000827035 0
   vertex -0.00572979 -0.00137255 0
  endloop
 endfacet
 facet normal 0 -0 1
  outer loop
   vertex 0.00641842 -0.00256264 0
   vertex 0.00677409 -0.00183404 0
   vertex 0.00574939 -0.00162837 0
  endloop
 endfacet
 facet normal 0 0 1
  outer loop
   vertex 0.00461459 -0.00198285 0
   vertex 0.0036871 -0.00244834 0
   vertex 0.00458494 -0.00305369 0
  endloop
 endfacet
 facet normal 0 0 1
  outer loop
   vertex 0.00454307 0.00343477 0
   vertex 0.00468053 0.00254026 0
   vertex 0.00541016 0.00323367 0
  endloop
 endfacet
 facet normal 0 0 1
  outer loop
   vertex 0.00513529 0.000734577 0
   vertex 0.00428474 0.000209717 0
   vertex 0.00516851 -7.29193e-05 0
  endloop
 endfacet
 facet normal -0 0 1
  outer loop
   vertex -0.00617159 -0.00276974 0
   vertex -0.00579942 -0.00349111 0
   vertex -0.00524953 -0.00272174 0
  endloop
 endfacet
 facet normal -0 0 1
  outer loop
   vertex -0.0025094 0.00446408 0
   vertex -0.00205294 0.00358268 0
   vertex -0.00167217 0.00457236 0
  endloop
 endfacet
 facet normal -0 0 1
  outer loop
   vertex -0.00331517 0.0043461 0
   vertex -0.0029475 0.00351806 0
   vertex -0.0025094 0.00446408 0
  endloop
 endfacet
 facet normal 0 0 1
  outer loop
   vertex -0.0025094 0.00446408 0
   vertex -0.0029475 0.00351806 0
   vertex -0.00205294 0.00358268 0
  endloop
 endfacet
 facet normal -0 0 1
  outer loop
   vertex -0.00388169 0.00368827 0
   vertex -0.0029475 0.00351806 0
   vertex -0.00331517 0.0043461 0
  endloop
 endfacet
 facet normal -0 0 1
  outer loop
   vertex 0.00306926 0.00436369 0
   vertex 0.00376178 0.00381663 0
   vertex 0.00391166 0.00478558 0
  endloop
 endfacet
 facet normal 0 -0 1
  outer loop
   vertex -0.00463048 0.00307667 0
   vertex -0.00388169 0.00368827 0
   vertex -0.00479132 0.00401499 0
  endloop
 endfacet
 facet normal -0 0 1
  outer loop
   vertex -0.00594572 -0.000569976 0
   vertex -0.00489509 -0.000827035 0
   vertex -0.00514177 3.34716e-05 0
  endloop
 endfacet
 facet normal 0 0 1
  outer loop
   vertex -0.0022066 0.0054576 0
   vertex -0.0031485 0.00529293 0
   vertex -0.0025094 0.00446408 0
  endloop
 endfacet
 facet normal 0 0 1
  outer loop
   vertex 0.00115411 -0.00457207 0
   vertex 0.000266225 -0.00425858 0
   vertex 0.000752009 -0.00540699 0
  endloop
 endfacet
 facet normal 0 0 1
  outer loop
   vertex 0.000266225 -0.00425858 0
   vertex -0.000184171 -0.00515684 0
   vertex 0.000752009 -0.00540699 0
  endloop
 endfacet
 facet normal 0 0 1
  outer loop
   vertex -0.000184171 -0.00515684 0
   vertex -0.00110041 -0.00516742 0
   vertex -0.000583517 -0.00602697 0
  endloop
 endfacet
 facet normal 0 0 1
  outer loop
   vertex -0.00110041 -0.00516742 0
   vertex -0.0013395 -0.00599209 0
   vertex -0.000583517 -0.00602697 0
  endloop
 endfacet
 facet normal 0 0 1
  outer loop
   vertex 0.00513529 0.000734577 0
   vertex 0.00433393 0.00107182 0
   vertex 0.00428474 0.000209717 0
  endloop
 endfacet
 facet normal 0 0 1
  outer loop
   vertex 0.00506319 0.00166867 0
   vertex 0.00433393 0.00107182 0
   vertex 0.00513529 0.000734577 0
  endloop
 endfacet
 facet normal 0 -0 1
  outer loop
   vertex -0.00473585 -0.00179342 0
   vertex -0.00385636 -0.00107601 0
   vertex -0.00489509 -0.000827035 0
  endloop
 endfacet
 facet normal -0 0 1
  outer loop
   vertex -0.00463048 0.00307667 0
   vertex -0.00361752 0.00260774 0
   vertex -0.00388169 0.00368827 0
  endloop
 endfacet
 facet normal 0 0 1
  outer loop
   vertex 0.00458494 -0.00305369 0
   vertex 0.0036871 -0.00244834 0
   vertex 0.00381004 -0.00349139 0
  endloop
 endfacet
 facet normal 0 0 1
  outer loop
   vertex 0.00376178 0.00381663 0
   vertex 0.0037262 0.0028027 0
   vertex 0.00454307 0.00343477 0
  endloop
 endfacet
 facet normal 0 0 1
  outer loop
   vertex -0.00205294 0.00358268 0
   vertex -0.00120004 0.00367534 0
   vertex -0.00167217 0.00457236 0
  endloop
 endfacet
 facet normal 0 -0 1
  outer loop
   vertex -0.00120004 0.00367534 0
   vertex -0.000845574 0.00466667 0
   vertex -0.00167217 0.00457236 0
  endloop
 endfacet
 facet normal 0 0 1
  outer loop
   vertex -0.0034739 0.000701244 0
   vertex -0.00390037 0.00154965 0
   vertex -0.00442375 0.000695686 0
  endloop
 endfacet
 facet normal 0 -0 1
  outer loop
   vertex -0.00344513 -0.00390185 0
   vertex -0.00287381 -0.00312658 0
   vertex -0.00387728 -0.00322515 0
  endloop
 endfacet
 facet normal 0 -0 1
  outer loop
   vertex -0.00482955 -0.00344753 0
   vertex -0.00441319 -0.00262465 0
   vertex -0.00524953 -0.00272174 0
  endloop
 endfacet
 facet normal 0 0 1
  outer loop
   vertex 0.00306926 0.00436369 0
   vertex 0.00288948 0.00331681 0
   vertex 0.00376178 0.00381663 0
  endloop
 endfacet
 facet normal -0 0 1
  outer loop
   vertex 0.00288948 0.00331681 0
   vertex 0.0037262 0.0028027 0
   vertex 0.00376178 0.00381663 0
  endloop
 endfacet
 facet normal -0 0 1
  outer loop
   vertex 0.000347157 0.0057031 0
   vertex 0.000811198 0.00479527 0
   vertex 0.00118645 0.00575717 0
  endloop
 endfacet
 facet normal 0 0 1
  outer loop
   vertex 0.000811198 0.00479527 0
   vertex 0.00165794 0.00489338 0
   vertex 0.00118645 0.00575717 0
  endloop
 endfacet
 facet normal 0 0 1
  outer loop
   vertex 0.00454307 0.00343477 0
   vertex 0.0037262 0.0028027 0
   vertex 0.00468053 0.00254026 0
  endloop
 endfacet
 facet normal 0 0 1
  outer loop
   vertex 0.00461459 -0.00198285 0
   vertex 0.00357255 -0.00137213 0
   vertex 0.0036871 -0.00244834 0
  endloop
 endfacet
 facet normal -0 0 1
  outer loop
   vertex -0.000496654 0.0056554 0
   vertex -2.57239e-05 0.00473397 0
   vertex 0.000347157 0.0057031 0
  endloop
 endfacet
 facet normal 0 0 1
  outer loop
   vertex 0.000347157 0.0057031 0
   vertex -2.57239e-05 0.00473397 0
   vertex 0.000811198 0.00479527 0
  endloop
 endfacet
 facet normal 0 0 1
  outer loop
   vertex -0.000845574 0.00466667 0
   vertex -2.57239e-05 0.00473397 0
   vertex -0.000496654 0.0056554 0
  endloop
 endfacet
 facet normal -0 0 1
  outer loop
   vertex 0.00468053 0.00254026 0
   vertex 0.00564173 0.00249535 0
   vertex 0.00541016 0.00323367 0
  endloop
 endfacet
 facet normal 0 0 1
  outer loop
   vertex 0.00428474 0.000209717 0
   vertex 0.00464045 -0.000870206 0
   vertex 0.00516851 -7.29193e-05 0
  endloop
 endfacet
 facet normal 0 -0 1
  outer loop
   vertex -0.00514177 3.34716e-05 0
   vertex -0.00442375 0.000695686 0
   vertex -0.00539555 0.000858027 0
  endloop
 endfacet
 facet normal 0 0 1
  outer loop
   vertex -0.00442375 0.000695686 0
   vertex -0.00473643 0.00139776 0
   vertex -0.00539555 0.000858027 0
  endloop
 endfacet
 facet normal 0 0 1
  outer loop
   vertex -0.00473643 0.00139776 0
   vertex -0.00551423 0.00171567 0
   vertex -0.00539555 0.000858027 0
  endloop
 endfacet
 facet normal 0 0 1
  outer loop
   vertex -0.00387728 -0.00322515 0
   vertex -0.00441319 -0.00262465 0
   vertex -0.00482955 -0.00344753 0
  endloop
 endfacet
 facet normal 0 -0 1
  outer loop
   vertex -0.00461302 0.00218612 0
   vertex -0.00361752 0.00260774 0
   vertex -0.00463048 0.00307667 0
  endloop
 endfacet
 facet normal 0 0 1
  outer loop
   vertex 0.00464045 -0.000870206 0
   vertex 0.00357255 -0.00137213 0
   vertex 0.00461459 -0.00198285 0
  endloop
 endfacet
 facet normal 0 0 1
  outer loop
   vertex -0.00265283 -0.00415718 0
   vertex -0.00287381 -0.00312658 0
   vertex -0.00344513 -0.00390185 0
  endloop
 endfacet
 facet normal 0 0 1
  outer loop
   vertex 0.0039226 -0.00450651 0
   vertex 0.00315573 -0.00397286 0
   vertex 0.00326384 -0.00493236 0
  endloop
 endfacet
 facet normal 0 0 1
  outer loop
   vertex 0.00326384 -0.00493236 0
   vertex 0.00315573 -0.00397286 0
   vertex 0.00252269 -0.00441124 0
  endloop
 endfacet
 facet normal 0 0 1
  outer loop
   vertex 0.00381004 -0.00349139 0
   vertex 0.00315573 -0.00397286 0
   vertex 0.0039226 -0.00450651 0
  endloop
 endfacet
 facet normal 0 0 1
  outer loop
   vertex 0.00192526 -0.00479188 0
   vertex 0.00174259 -0.00390464 0
   vertex 0.00115411 -0.00457207 0
  endloop
 endfacet
 facet normal 0 0 1
  outer loop
   vertex -0.00524953 -0.00272174 0
   vertex -0.00441319 -0.00262465 0
   vertex -0.00473585 -0.00179342 0
  endloop
 endfacet
 facet normal -0 0 1
  outer loop
   vertex 0.00220913 0.00406569 0
   vertex 0.00288948 0.00331681 0
   vertex 0.00306926 0.00436369 0
  endloop
 endfacet
 facet normal -0 0 1
  outer loop
   vertex -0.00473585 -0.00179342 0
   vertex -0.00349572 -0.00214431 0
   vertex -0.00385636 -0.00107601 0
  endloop
 endfacet
 facet normal 0 -0 1
  outer loop
   vertex -0.00441319 -0.00262465 0
   vertex -0.00349572 -0.00214431 0
   vertex -0.00473585 -0.00179342 0
  endloop
 endfacet
 facet normal 0 0 1
  outer loop
   vertex 0.00464045 -0.000870206 0
   vertex 0.00341078 -0.000250836 0
   vertex 0.00357255 -0.00137213 0
  endloop
 endfacet
 facet normal 0 0 1
  outer loop
   vertex 0.00428474 0.000209717 0
   vertex 0.00341078 -0.000250836 0
   vertex 0.00464045 -0.000870206 0
  endloop
 endfacet
 facet normal 0 -0 1
  outer loop
   vertex 0.00192526 -0.00479188 0
   vertex 0.00252269 -0.00441124 0
   vertex 0.00174259 -0.00390464 0
  endloop
 endfacet
 facet normal 0 -0 1
  outer loop
   vertex -0.00196903 -0.00556225 0
   vertex -0.00182513 -0.00456345 0
   vertex -0.0027059 -0.00516263 0
  endloop
 endfacet
 facet normal 0 0 1
  outer loop
   vertex 0.00564173 0.00249535 0
   vertex 0.00506319 0.00166867 0
   vertex 0.00599156 0.00186753 0
  endloop
 endfacet
 facet normal 0 0 1
  outer loop
   vertex 0.00241997 -0.00357218 0
   vertex 0.00184359 -0.00277763 0
   vertex 0.00174259 -0.00390464 0
  endloop
 endfacet
 facet normal 0 0 1
  outer loop
   vertex 0.00468053 0.00254026 0
   vertex 0.00506319 0.00166867 0
   vertex 0.00564173 0.00249535 0
  endloop
 endfacet
 facet normal 0 0 1
  outer loop
   vertex 0.00174259 -0.00390464 0
   vertex 0.000937728 -0.00345333 0
   vertex 0.00115411 -0.00457207 0
  endloop
 endfacet
 facet normal 0 -0 1
  outer loop
   vertex -0.00361752 0.00260774 0
   vertex -0.0029475 0.00351806 0
   vertex -0.00388169 0.00368827 0
  endloop
 endfacet
 facet normal 0 0 1
  outer loop
   vertex 0.0036871 -0.00244834 0
   vertex 0.00292785 -0.00297433 0
   vertex 0.00381004 -0.00349139 0
  endloop
 endfacet
 facet normal 0 0 1
  outer loop
   vertex 0.00292785 -0.00297433 0
   vertex 0.00315573 -0.00397286 0
   vertex 0.00381004 -0.00349139 0
  endloop
 endfacet
 facet normal 0 0 1
  outer loop
   vertex 0.00165794 0.00489338 0
   vertex 0.00132963 0.00389519 0
   vertex 0.00220913 0.00406569 0
  endloop
 endfacet
 facet normal -0 0 1
  outer loop
   vertex 0.000811198 0.00479527 0
   vertex 0.00132963 0.00389519 0
   vertex 0.00165794 0.00489338 0
  endloop
 endfacet
 facet normal -0 0 1
  outer loop
   vertex -0.00461302 0.00218612 0
   vertex -0.00390037 0.00154965 0
   vertex -0.00361752 0.00260774 0
  endloop
 endfacet
 facet normal 0 0 1
  outer loop
   vertex 0.00220913 0.00406569 0
   vertex 0.00196565 0.002985 0
   vertex 0.00288948 0.00331681 0
  endloop
 endfacet
 facet normal 0 0 1
  outer loop
   vertex 0.00288948 0.00331681 0
   vertex 0.00280987 0.00203484 0
   vertex 0.0037262 0.0028027 0
  endloop
 endfacet
 facet normal 0 0 1
  outer loop
   vertex -0.0027059 -0.00516263 0
   vertex -0.00182513 -0.00456345 0
   vertex -0.00265283 -0.00415718 0
  endloop
 endfacet
 facet normal -0 0 1
  outer loop
   vertex 0.00574939 -0.00162837 0
   vertex 0.00677409 -0.00183404 0
   vertex 0.00682608 -0.00101888 0
  endloop
 endfacet
 facet normal 0 -0 1
  outer loop
   vertex -0.00265283 -0.00415718 0
   vertex -0.00185621 -0.00344343 0
   vertex -0.00287381 -0.00312658 0
  endloop
 endfacet
 facet normal 0 0 1
  outer loop
   vertex 0.00357255 -0.00137213 0
   vertex 0.0026699 -0.00197634 0
   vertex 0.0036871 -0.00244834 0
  endloop
 endfacet
 facet normal 0 -0 1
  outer loop
   vertex -0.00489509 -0.000827035 0
   vertex -0.0041323 -0.000133318 0
   vertex -0.00514177 3.34716e-05 0
  endloop
 endfacet
 facet normal -0 0 1
  outer loop
   vertex -0.00514177 3.34716e-05 0
   vertex -0.0041323 -0.000133318 0
   vertex -0.00442375 0.000695686 0
  endloop
 endfacet
 facet normal 0 0 1
  outer loop
   vertex -0.00385636 -0.00107601 0
   vertex -0.0041323 -0.000133318 0
   vertex -0.00489509 -0.000827035 0
  endloop
 endfacet
 facet normal 0 0 1
  outer loop
   vertex 0.0037262 0.0028027 0
   vertex 0.0039303 0.00183727 0
   vertex 0.00468053 0.00254026 0
  endloop
 endfacet
 facet normal 0 -0 1
  outer loop
   vertex -0.00387728 -0.00322515 0
   vertex -0.00349572 -0.00214431 0
   vertex -0.00441319 -0.00262465 0
  endloop
 endfacet
 facet normal 0 0 1
  outer loop
   vertex -0.00182513 -0.00456345 0
   vertex -0.00185621 -0.00344343 0
   vertex -0.00265283 -0.00415718 0
  endloop
 endfacet
 facet normal 0 0 1
  outer loop
   vertex 0.00115411 -0.00457207 0
   vertex 0.000937728 -0.00345333 0
   vertex 0.000266225 -0.00425858 0
  endloop
 endfacet
 facet normal 0 0 1
  outer loop
   vertex -0.00196903 -0.00556225 0
   vertex -0.00110041 -0.00516742 0
   vertex -0.00182513 -0.00456345 0
  endloop
 endfacet
 facet normal 0 0 1
  outer loop
   vertex 0.00220913 0.00406569 0
   vertex 0.00132963 0.00389519 0
   vertex 0.00196565 0.002985 0
  endloop
 endfacet
 facet normal 0 0 1
  outer loop
   vertex -0.000184171 -0.00515684 0
   vertex -0.000815789 -0.00403292 0
   vertex -0.00110041 -0.00516742 0
  endloop
 endfacet
 facet normal 0 0 1
  outer loop
   vertex 0.000266225 -0.00425858 0
   vertex -0.000815789 -0.00403292 0
   vertex -0.000184171 -0.00515684 0
  endloop
 endfacet
 facet normal 0 0 1
  outer loop
   vertex 0.00506319 0.00166867 0
   vertex 0.0039303 0.00183727 0
   vertex 0.00433393 0.00107182 0
  endloop
 endfacet
 facet normal 0 0 1
  outer loop
   vertex -0.00361752 0.00260774 0
   vertex -0.00253173 0.00261661 0
   vertex -0.0029475 0.00351806 0
  endloop
 endfacet
 facet normal 0 0 1
  outer loop
   vertex 0.0036871 -0.00244834 0
   vertex 0.0026699 -0.00197634 0
   vertex 0.00292785 -0.00297433 0
  endloop
 endfacet
 facet normal 0 0 1
  outer loop
   vertex -0.00390037 0.00154965 0
   vertex -0.0029735 0.00165519 0
   vertex -0.00361752 0.00260774 0
  endloop
 endfacet
 facet normal 0 -0 1
  outer loop
   vertex -0.0029735 0.00165519 0
   vertex -0.00253173 0.00261661 0
   vertex -0.00361752 0.00260774 0
  endloop
 endfacet
 facet normal 0 0 1
  outer loop
   vertex -0.00120004 0.00367534 0
   vertex -0.000373862 0.00375374 0
   vertex -0.000845574 0.00466667 0
  endloop
 endfacet
 facet normal 0 -0 1
  outer loop
   vertex -0.000373862 0.00375374 0
   vertex -2.57239e-05 0.00473397 0
   vertex -0.000845574 0.00466667 0
  endloop
 endfacet
 facet normal 0 -0 1
  outer loop
   vertex -0.00349572 -0.00214431 0
   vertex -0.00281408 -0.00119243 0
   vertex -0.00385636 -0.00107601 0
  endloop
 endfacet
 facet normal -0 0 1
  outer loop
   vertex 0.00196565 0.002985 0
   vertex 0.00280987 0.00203484 0
   vertex 0.00288948 0.00331681 0
  endloop
 endfacet
 facet normal -0 0 1
  outer loop
   vertex 0.00280987 0.00203484 0
   vertex 0.0039303 0.00183727 0
   vertex 0.0037262 0.0028027 0
  endloop
 endfacet
 facet normal 0 0 1
  outer loop
   vertex 0.00357255 -0.00137213 0
   vertex 0.00248713 -0.000819964 0
   vertex 0.0026699 -0.00197634 0
  endloop
 endfacet
 facet normal 0 0 1
  outer loop
   vertex 0.00341078 -0.000250836 0
   vertex 0.00248713 -0.000819964 0
   vertex 0.00357255 -0.00137213 0
  endloop
 endfacet
 facet normal 0 0 1
  outer loop
   vertex -0.00287381 -0.00312658 0
   vertex -0.00349572 -0.00214431 0
   vertex -0.00387728 -0.00322515 0
  endloop
 endfacet
 facet normal 0 0 1
  outer loop
   vertex -0.00281408 -0.00119243 0
   vertex -0.00314487 -0.000214209 0
   vertex -0.00385636 -0.00107601 0
  endloop
 endfacet
 facet normal 0 0 1
  outer loop
   vertex -0.00314487 -0.000214209 0
   vertex -0.0041323 -0.000133318 0
   vertex -0.00385636 -0.00107601 0
  endloop
 endfacet
 facet normal 0 -0 1
  outer loop
   vertex -0.0041323 -0.000133318 0
   vertex -0.0034739 0.000701244 0
   vertex -0.00442375 0.000695686 0
  endloop
 endfacet
 facet normal 0 0 1
  outer loop
   vertex -0.00314487 -0.000214209 0
   vertex -0.0034739 0.000701244 0
   vertex -0.0041323 -0.000133318 0
  endloop
 endfacet
 facet normal 0 0 1
  outer loop
   vertex -0.00185621 -0.00344343 0
   vertex -0.00214806 -0.00219848 0
   vertex -0.00287381 -0.00312658 0
  endloop
 endfacet
 facet normal -0 0 1
  outer loop
   vertex -0.0029475 0.00351806 0
   vertex -0.00253173 0.00261661 0
   vertex -0.00205294 0.00358268 0
  endloop
 endfacet
 facet normal 0 -0 1
  outer loop
   vertex 0.00174259 -0.00390464 0
   vertex 0.00184359 -0.00277763 0
   vertex 0.000937728 -0.00345333 0
  endloop
 endfacet
 facet normal 0 0 1
  outer loop
   vertex -0.00214806 -0.00219848 0
   vertex -0.00349572 -0.00214431 0
   vertex -0.00287381 -0.00312658 0
  endloop
 endfacet
 facet normal 0 0 1
  outer loop
   vertex 0.00315573 -0.00397286 0
   vertex 0.00241997 -0.00357218 0
   vertex 0.00252269 -0.00441124 0
  endloop
 endfacet
 facet normal 0 0 1
  outer loop
   vertex 0.00292785 -0.00297433 0
   vertex 0.00241997 -0.00357218 0
   vertex 0.00315573 -0.00397286 0
  endloop
 endfacet
 facet normal -0 0 1
  outer loop
   vertex -0.00551423 0.00171567 0
   vertex -0.00473643 0.00139776 0
   vertex -0.00461302 0.00218612 0
  endloop
 endfacet
 facet normal 0 0 1
  outer loop
   vertex 0.00241997 -0.00357218 0
   vertex 0.00174259 -0.00390464 0
   vertex 0.00252269 -0.00441124 0
  endloop
 endfacet
 facet normal 0 -0 1
  outer loop
   vertex -0.00110041 -0.00516742 0
   vertex -0.000815789 -0.00403292 0
   vertex -0.00182513 -0.00456345 0
  endloop
 endfacet
 facet normal 0 -0 1
  outer loop
   vertex -0.00182513 -0.00456345 0
   vertex -0.000815789 -0.00403292 0
   vertex -0.00185621 -0.00344343 0
  endloop
 endfacet
 facet normal -0 0 1
  outer loop
   vertex -0.00205294 0.00358268 0
   vertex -0.00160752 0.00269795 0
   vertex -0.00120004 0.00367534 0
  endloop
 endfacet
 facet normal 0 0 1
  outer loop
   vertex -0.00253173 0.00261661 0
   vertex -0.00160752 0.00269795 0
   vertex -0.00205294 0.00358268 0
  endloop
 endfacet
 facet normal 0 0 1
  outer loop
   vertex -0.000520551 0.000218079 0
   vertex -0.000659668 0.00111758 0
   vertex -0.00148147 0.000686289 0
  endloop
 endfacet
 facet normal 0 0 1
  outer loop
   vertex -0.00148147 0.000686289 0
   vertex -0.000659668 0.00111758 0
   vertex -0.00114354 0.00183749 0
  endloop
 endfacet
 facet normal -0 0 1
  outer loop
   vertex -0.00114354 0.00183749 0
   vertex -0.000659668 0.00111758 0
   vertex -0.000260258 0.00192237 0
  endloop
 endfacet
 facet normal 0 0 1
  outer loop
   vertex 0.000165607 0.000975206 0
   vertex -0.000659668 0.00111758 0
   vertex -0.000520551 0.000218079 0
  endloop
 endfacet
 facet normal 0 0 1
  outer loop
   vertex -0.000260258 0.00192237 0
   vertex -0.000659668 0.00111758 0
   vertex 0.000165607 0.000975206 0
  endloop
 endfacet
 facet normal 0 -0 1
  outer loop
   vertex -0.0012361 -0.000465748 0
   vertex -0.000520551 0.000218079 0
   vertex -0.00148147 0.000686289 0
  endloop
 endfacet
 facet normal 0 0 1
  outer loop
   vertex -0.000324137 -0.000825012 0
   vertex -0.000520551 0.000218079 0
   vertex -0.0012361 -0.000465748 0
  endloop
 endfacet
 facet normal 0 0 1
  outer loop
   vertex -0.000520551 0.000218079 0
   vertex -0.000324137 -0.000825012 0
   vertex 0.000430971 -5.81518e-05 0
  endloop
 endfacet
 facet normal 0 0 1
  outer loop
   vertex 0.000165607 0.000975206 0
   vertex -0.000520551 0.000218079 0
   vertex 0.000430971 -5.81518e-05 0
  endloop
 endfacet
 facet normal 0 0 1
  outer loop
   vertex 0.00065135 0.00188212 0
   vertex -0.000260258 0.00192237 0
   vertex 0.000165607 0.000975206 0
  endloop
 endfacet
 facet normal 0 0 1
  outer loop
   vertex -0.000324137 -0.000825012 0
   vertex -0.0012361 -0.000465748 0
   vertex -0.00110755 -0.00156511 0
  endloop
 endfacet
 facet normal 0 0 1
  outer loop
   vertex -0.0012361 -0.000465748 0
   vertex -0.00148147 0.000686289 0
   vertex -0.00217345 -0.000251812 0
  endloop
 endfacet
 facet normal 0 0 1
  outer loop
   vertex 0.0011396 0.00081078 0
   vertex 0.00065135 0.00188212 0
   vertex 0.000165607 0.000975206 0
  endloop
 endfacet
 facet normal 0 0 1
  outer loop
   vertex 0.0011396 0.00081078 0
   vertex 0.000430971 -5.81518e-05 0
   vertex 0.00144629 -0.000360335 0
  endloop
 endfacet
 facet normal 0 -0 1
  outer loop
   vertex 0.000430971 -5.81518e-05 0
   vertex 0.0011396 0.00081078 0
   vertex 0.000165607 0.000975206 0
  endloop
 endfacet
 facet normal 0 0 1
  outer loop
   vertex -0.00114354 0.00183749 0
   vertex -0.000260258 0.00192237 0
   vertex -0.000741192 0.0027885 0
  endloop
 endfacet
 facet normal 0 0 1
  outer loop
   vertex 0.000120676 0.00283909 0
   vertex -0.000260258 0.00192237 0
   vertex 0.00065135 0.00188212 0
  endloop
 endfacet
 facet normal -0 0 1
  outer loop
   vertex -0.000741192 0.0027885 0
   vertex -0.000260258 0.00192237 0
   vertex 0.000120676 0.00283909 0
  endloop
 endfacet
 facet normal 0 0 1
  outer loop
   vertex 0.000430971 -5.81518e-05 0
   vertex -0.000324137 -0.000825012 0
   vertex 0.000642384 -0.0011677 0
  endloop
 endfacet
 facet normal 0 0 1
  outer loop
   vertex -0.000169636 -0.00193864 0
   vertex -0.000324137 -0.000825012 0
   vertex -0.00110755 -0.00156511 0
  endloop
 endfacet
 facet normal 0 0 1
  outer loop
   vertex 0.000642384 -0.0011677 0
   vertex -0.000324137 -0.000825012 0
   vertex -0.000169636 -0.00193864 0
  endloop
 endfacet
 facet normal 0 0 1
  outer loop
   vertex 0.00101943 0.00287401 0
   vertex 0.000120676 0.00283909 0
   vertex 0.00065135 0.00188212 0
  endloop
 endfacet
 facet normal 0 0 1
  outer loop
   vertex 0.00144629 -0.000360335 0
   vertex 0.000430971 -5.81518e-05 0
   vertex 0.000642384 -0.0011677 0
  endloop
 endfacet
 facet normal 0 0 1
  outer loop
   vertex 0.00230922 0.000581486 0
   vertex 0.0011396 0.00081078 0
   vertex 0.00144629 -0.000360335 0
  endloop
 endfacet
 facet normal 0 0 1
  outer loop
   vertex 0.000811668 -0.00231704 0
   vertex 0.000642384 -0.0011677 0
   vertex -0.000169636 -0.00193864 0
  endloop
 endfacet
 facet normal 0 -0 1
  outer loop
   vertex -0.00217345 -0.000251812 0
   vertex -0.00148147 0.000686289 0
   vertex -0.00250704 0.000711658 0
  endloop
 endfacet
 facet normal -0 0 1
  outer loop
   vertex -0.00202611 0.00169458 0
   vertex -0.00148147 0.000686289 0
   vertex -0.00114354 0.00183749 0
  endloop
 endfacet
 facet normal -0 0 1
  outer loop
   vertex -0.00250704 0.000711658 0
   vertex -0.00148147 0.000686289 0
   vertex -0.00202611 0.00169458 0
  endloop
 endfacet
 facet normal 0 0 1
  outer loop
   vertex 0.00166892 0.00185683 0
   vertex 0.00065135 0.00188212 0
   vertex 0.0011396 0.00081078 0
  endloop
 endfacet
 facet normal 0 0 1
  outer loop
   vertex -0.000741192 0.0027885 0
   vertex 0.000120676 0.00283909 0
   vertex -0.000373862 0.00375374 0
  endloop
 endfacet
 facet normal 0 -0 1
  outer loop
   vertex -0.00114354 0.00183749 0
   vertex -0.000741192 0.0027885 0
   vertex -0.00160752 0.00269795 0
  endloop
 endfacet
 facet normal 0 0 1
  outer loop
   vertex -0.00202611 0.00169458 0
   vertex -0.00114354 0.00183749 0
   vertex -0.00160752 0.00269795 0
  endloop
 endfacet
 facet normal 0 0 1
  outer loop
   vertex -0.00110755 -0.00156511 0
   vertex -0.0012361 -0.000465748 0
   vertex -0.0018979 -0.00114613 0
  endloop
 endfacet
 facet normal 0 -0 1
  outer loop
   vertex -0.0018979 -0.00114613 0
   vertex -0.0012361 -0.000465748 0
   vertex -0.00217345 -0.000251812 0
  endloop
 endfacet
 facet normal 0 0 1
  outer loop
   vertex 0.000120676 0.00283909 0
   vertex 0.00101943 0.00287401 0
   vertex 0.00046516 0.00381232 0
  endloop
 endfacet
 facet normal -0 0 1
  outer loop
   vertex -0.000373862 0.00375374 0
   vertex 0.000120676 0.00283909 0
   vertex 0.00046516 0.00381232 0
  endloop
 endfacet
 facet normal 0 0 1
  outer loop
   vertex 0.00230922 0.000581486 0
   vertex 0.00144629 -0.000360335 0
   vertex 0.00248713 -0.000819964 0
  endloop
 endfacet
 facet normal 0 0 1
  outer loop
   vertex 0.000811668 -0.00231704 0
   vertex -0.000169636 -0.00193864 0
   vertex -2.31004e-05 -0.00309878 0
  endloop
 endfacet
 facet normal 0 -0 1
  outer loop
   vertex -0.00102624 -0.00270389 0
   vertex -0.000169636 -0.00193864 0
   vertex -0.00110755 -0.00156511 0
  endloop
 endfacet
 facet normal 0 0 1
  outer loop
   vertex -2.31004e-05 -0.00309878 0
   vertex -0.000169636 -0.00193864 0
   vertex -0.00102624 -0.00270389 0
  endloop
 endfacet
 facet normal 0 0 1
  outer loop
   vertex 0.00184359 -0.00277763 0
   vertex 0.00241997 -0.00357218 0
   vertex 0.00292785 -0.00297433 0
  endloop
 endfacet
 facet normal 0 -0 1
  outer loop
   vertex -0.00250704 0.000711658 0
   vertex -0.00202611 0.00169458 0
   vertex -0.0029735 0.00165519 0
  endloop
 endfacet
 facet normal 0 0 1
  outer loop
   vertex 0.00166892 0.00185683 0
   vertex 0.0011396 0.00081078 0
   vertex 0.00230922 0.000581486 0
  endloop
 endfacet
 facet normal 0 0 1
  outer loop
   vertex -0.000373862 0.00375374 0
   vertex 0.00046516 0.00381232 0
   vertex -2.57239e-05 0.00473397 0
  endloop
 endfacet
 facet normal 0 0 1
  outer loop
   vertex 0.00144629 -0.000360335 0
   vertex 0.000642384 -0.0011677 0
   vertex 0.00164522 -0.00156719 0
  endloop
 endfacet
 facet normal 0 0 1
  outer loop
   vertex 0.00248713 -0.000819964 0
   vertex 0.00144629 -0.000360335 0
   vertex 0.00164522 -0.00156719 0
  endloop
 endfacet
 facet normal 0 0 1
  outer loop
   vertex 0.00164522 -0.00156719 0
   vertex 0.000642384 -0.0011677 0
   vertex 0.000811668 -0.00231704 0
  endloop
 endfacet
 facet normal 0 0 1
  outer loop
   vertex 0.000811668 -0.00231704 0
   vertex -2.31004e-05 -0.00309878 0
   vertex 0.000937728 -0.00345333 0
  endloop
 endfacet
 facet normal 0 0 1
  outer loop
   vertex -0.0034739 0.000701244 0
   vertex -0.00250704 0.000711658 0
   vertex -0.0029735 0.00165519 0
  endloop
 endfacet
 facet normal 0 0 1
  outer loop
   vertex 0.0026699 -0.00197634 0
   vertex 0.00248713 -0.000819964 0
   vertex 0.00164522 -0.00156719 0
  endloop
 endfacet
 facet normal 0 -0 1
  outer loop
   vertex 0.00184359 -0.00277763 0
   vertex 0.0026699 -0.00197634 0
   vertex 0.00164522 -0.00156719 0
  endloop
 endfacet
 facet normal 0 0 1
  outer loop
   vertex 0.00341388 0.000895647 0
   vertex 0.00433393 0.00107182 0
   vertex 0.0039303 0.00183727 0
  endloop
 endfacet
 facet normal -0 0 1
  outer loop
   vertex 0.00046516 0.00381232 0
   vertex 0.00101943 0.00287401 0
   vertex 0.00132963 0.00389519 0
  endloop
 endfacet
 facet normal -0 0 1
  outer loop
   vertex -2.57239e-05 0.00473397 0
   vertex 0.00046516 0.00381232 0
   vertex 0.000811198 0.00479527 0
  endloop
 endfacet
 facet normal 0 -0 1
  outer loop
   vertex -0.00202611 0.00169458 0
   vertex -0.00160752 0.00269795 0
   vertex -0.00253173 0.00261661 0
  endloop
 endfacet
 facet normal 0 0 1
  outer loop
   vertex -0.0029735 0.00165519 0
   vertex -0.00202611 0.00169458 0
   vertex -0.00253173 0.00261661 0
  endloop
 endfacet
 facet normal 0 0 1
  outer loop
   vertex -0.00217345 -0.000251812 0
   vertex -0.00250704 0.000711658 0
   vertex -0.00314487 -0.000214209 0
  endloop
 endfacet
 facet normal 0 -0 1
  outer loop
   vertex -0.00314487 -0.000214209 0
   vertex -0.00250704 0.000711658 0
   vertex -0.0034739 0.000701244 0
  endloop
 endfacet
 facet normal 0 0 1
  outer loop
   vertex 0.00433393 0.00107182 0
   vertex 0.00341388 0.000895647 0
   vertex 0.00428474 0.000209717 0
  endloop
 endfacet
 facet normal 0 0 1
  outer loop
   vertex 0.00341078 -0.000250836 0
   vertex 0.00230922 0.000581486 0
   vertex 0.00248713 -0.000819964 0
  endloop
 endfacet
 facet normal 0 0 1
  outer loop
   vertex 0.00166892 0.00185683 0
   vertex 0.00101943 0.00287401 0
   vertex 0.00065135 0.00188212 0
  endloop
 endfacet
 facet normal -0 0 1
  outer loop
   vertex 0.00101943 0.00287401 0
   vertex 0.00166892 0.00185683 0
   vertex 0.00196565 0.002985 0
  endloop
 endfacet
 facet normal 0 0 1
  outer loop
   vertex -0.00160752 0.00269795 0
   vertex -0.000741192 0.0027885 0
   vertex -0.00120004 0.00367534 0
  endloop
 endfacet
 facet normal -0 0 1
  outer loop
   vertex -0.00120004 0.00367534 0
   vertex -0.000741192 0.0027885 0
   vertex -0.000373862 0.00375374 0
  endloop
 endfacet
endsolid PART0000
